<?xml version="1.0" encoding="UTF-8"?>

<CHAT xmlns:xsi="http://www.w3.org/2001/XMLSchema-instance"
      xmlns="http://www.talkbank.org/ns/talkbank"
      xsi:schemaLocation="http://www.talkbank.org/ns/talkbank https://talkbank.org/software/talkbank.xsd"
      Media="010910" Mediatypes="audio"
      PID="11312/c-00017322-1"
      Version="2.14.0"
      Lang="eng"
      Corpus="Sachs"
      Date="1970-03-18"
      >
  <Participants>
    <participant
      id="CHI"
    name="Naomi"
      role="Target_Child"
      language="eng"
      age="P1Y09M10D"
      sex="female"

    />
    <participant
      id="MOT"
      role="Mother"
      language="eng"
      sex="female"

    />
  </Participants>
  <comment type="Situation">morning; Naomi is playing quietly.</comment>
  <comment type="Date">18-MAR-1970</comment>
  <u who="MOT" uID="u0">
    <w>Nomi<mor type="mor"><mw><pos><c>n</c><s>prop</s></pos><stem>Nomi</stem></mw><gra type="gra" index="1" head="4" relation="SUBJ"/></mor></w>
    <pause symbolic-length="simple"/>
    <w>can<mor type="mor"><mw><pos><c>mod</c></pos><stem>can</stem></mw><gra type="gra" index="2" head="4" relation="AUX"/></mor></w>
    <w>you<mor type="mor"><mw><pos><c>pro</c><s>per</s></pos><stem>you</stem></mw><gra type="gra" index="3" head="4" relation="SUBJ"/></mor></w>
    <w>say<mor type="mor"><mw><pos><c>v</c></pos><stem>say</stem></mw><gra type="gra" index="4" head="0" relation="ROOT"/></mor></w>
    <t type="quotation next line"><mor type="mor"><mt type="quotation next line"/><gra type="gra" index="5" head="4" relation="PUNCT"/></mor></t>
    <media
      start="95.241"
      end="97.157"
      unit="s"
    />
  </u>
  <u who="MOT" uID="u1">
    <linker type="quoted utterance next"/>
    <w>brush<mor type="mor"><mw><pos><c>v</c></pos><stem>brush</stem></mw><gra type="gra" index="1" head="0" relation="ROOT"/></mor></w>
    <w>the<mor type="mor"><mw><pos><c>det</c><s>art</s></pos><stem>the</stem></mw><gra type="gra" index="2" head="3" relation="DET"/></mor></w>
    <w>dolly<mor type="mor"><mw><pos><c>n</c></pos><stem>doll</stem><mk type="sfx">DIM</mk></mw><gra type="gra" index="3" head="1" relation="OBJ"/></mor></w>
    <t type="q"><mor type="mor"><mt type="q"/><gra type="gra" index="4" head="1" relation="PUNCT"/></mor></t>
    <media
      start="97.157"
      end="98.526"
      unit="s"
    />
  </u>
  <u who="CHI" uID="u2">
    <w>dolly<mor type="mor"><mw><pos><c>n</c></pos><stem>doll</stem><mk type="sfx">DIM</mk></mw><gra type="gra" index="1" head="0" relation="INCROOT"/></mor></w>
    <t type="p"><mor type="mor"><mt type="p"/><gra type="gra" index="2" head="1" relation="PUNCT"/></mor></t>
    <media
      start="98.526"
      end="100.393"
      unit="s"
    />
    <a type="speech act">$EIMIT</a>
  </u>
  <u who="MOT" uID="u3">
    <w>can<mor type="mor"><mw><pos><c>mod</c></pos><stem>can</stem></mw><gra type="gra" index="1" head="3" relation="AUX"/></mor></w>
    <w>you<mor type="mor"><mw><pos><c>pro</c><s>per</s></pos><stem>you</stem></mw><gra type="gra" index="2" head="3" relation="SUBJ"/></mor></w>
    <w>say<mor type="mor"><mw><pos><c>v</c></pos><stem>say</stem></mw><gra type="gra" index="3" head="0" relation="ROOT"/></mor></w>
    <t type="quotation next line"><mor type="mor"><mt type="quotation next line"/><gra type="gra" index="4" head="3" relation="PUNCT"/></mor></t>

  </u>
  <u who="MOT" uID="u4">
    <linker type="quoted utterance next"/>
    <w>brush<mor type="mor"><mw><pos><c>v</c></pos><stem>brush</stem></mw><gra type="gra" index="1" head="0" relation="ROOT"/></mor></w>
    <w>the<mor type="mor"><mw><pos><c>det</c><s>art</s></pos><stem>the</stem></mw><gra type="gra" index="2" head="3" relation="DET"/></mor></w>
    <w>dolly<mor type="mor"><mw><pos><c>n</c></pos><stem>doll</stem><mk type="sfx">DIM</mk></mw><gra type="gra" index="3" head="1" relation="OBJ"/></mor></w>
    <t type="q"><mor type="mor"><mt type="q"/><gra type="gra" index="4" head="1" relation="PUNCT"/></mor></t>
    <media
      start="101.993"
      end="103.676"
      unit="s"
    />
  </u>
  <u who="CHI" uID="u5">
    <w>brush<mor type="mor"><mw><pos><c>v</c></pos><stem>brush</stem></mw><gra type="gra" index="1" head="0" relation="ROOT"/></mor></w>
    <w>the<mor type="mor"><mw><pos><c>det</c><s>art</s></pos><stem>the</stem></mw><gra type="gra" index="2" head="3" relation="DET"/></mor></w>
    <w>dolly<mor type="mor"><mw><pos><c>n</c></pos><stem>doll</stem><mk type="sfx">DIM</mk></mw><gra type="gra" index="3" head="1" relation="OBJ"/></mor></w>
    <t type="p"><mor type="mor"><mt type="p"/><gra type="gra" index="4" head="1" relation="PUNCT"/></mor></t>
    <media
      start="103.676"
      end="106.545"
      unit="s"
    />
    <a type="speech act">$EIMIT</a>
  </u>
  <u who="MOT" uID="u6">
    <w>Nomi<mor type="mor"><mw><pos><c>n</c><s>prop</s></pos><stem>Nomi</stem></mw><gra type="gra" index="1" head="4" relation="SUBJ"/></mor></w>
    <pause symbolic-length="simple"/>
    <w>can<mor type="mor"><mw><pos><c>mod</c></pos><stem>can</stem></mw><gra type="gra" index="2" head="4" relation="AUX"/></mor></w>
    <w>you<mor type="mor"><mw><pos><c>pro</c><s>per</s></pos><stem>you</stem></mw><gra type="gra" index="3" head="4" relation="SUBJ"/></mor></w>
    <w>say<mor type="mor"><mw><pos><c>v</c></pos><stem>say</stem></mw><gra type="gra" index="4" head="0" relation="ROOT"/></mor></w>
    <t type="quotation next line"><mor type="mor"><mt type="quotation next line"/><gra type="gra" index="5" head="4" relation="PUNCT"/></mor></t>
    <media
      start="112.545"
      end="117.013"
      unit="s"
    />
  </u>
  <u who="MOT" uID="u7">
    <linker type="quoted utterance next"/>
    <w>I<mor type="mor"><mw><pos><c>pro</c><s>sub</s></pos><stem>I</stem></mw><gra type="gra" index="1" head="2" relation="SUBJ"/></mor></w>
    <w>found<mor type="mor"><mw><pos><c>v</c></pos><stem>find</stem><mk type="sfxf">PAST</mk></mw><gra type="gra" index="2" head="0" relation="ROOT"/></mor></w>
    <w>the<mor type="mor"><mw><pos><c>det</c><s>art</s></pos><stem>the</stem></mw><gra type="gra" index="3" head="4" relation="DET"/></mor></w>
    <w>brush<mor type="mor"><mw><pos><c>n</c></pos><stem>brush</stem></mw><gra type="gra" index="4" head="2" relation="OBJ"/></mor></w>
    <t type="q"><mor type="mor"><mt type="q"/><gra type="gra" index="5" head="2" relation="PUNCT"/></mor></t>
    <media
      start="117.013"
      end="119.049"
      unit="s"
    />
  </u>
  <u who="CHI" uID="u8">
    <w>I<mor type="mor"><mw><pos><c>pro</c><s>sub</s></pos><stem>I</stem></mw><gra type="gra" index="1" head="2" relation="SUBJ"/></mor></w>
    <w>found<mor type="mor"><mw><pos><c>v</c></pos><stem>find</stem><mk type="sfxf">PAST</mk></mw><gra type="gra" index="2" head="0" relation="ROOT"/></mor></w>
    <w>the<mor type="mor"><mw><pos><c>det</c><s>art</s></pos><stem>the</stem></mw><gra type="gra" index="3" head="4" relation="DET"/></mor></w>
    <w>brush<mor type="mor"><mw><pos><c>n</c></pos><stem>brush</stem></mw><gra type="gra" index="4" head="2" relation="OBJ"/></mor></w>
    <t type="p"><mor type="mor"><mt type="p"/><gra type="gra" index="5" head="2" relation="PUNCT"/></mor></t>
    <media
      start="119.049"
      end="122.151"
      unit="s"
    />
  </u>
  <u who="CHI" uID="u9">
    <w>knee<mor type="mor"><mw><pos><c>n</c></pos><stem>knee</stem></mw><gra type="gra" index="1" head="0" relation="INCROOT"/></mor></w>
    <t type="p"><mor type="mor"><mt type="p"/><gra type="gra" index="2" head="1" relation="PUNCT"/></mor></t>
    <media
      start="270.151"
      end="271.501"
      unit="s"
    />
  </u>
  <u who="CHI" uID="u10">
    <w>knee<mor type="mor"><mw><pos><c>n</c></pos><stem>knee</stem></mw><gra type="gra" index="1" head="0" relation="INCROOT"/></mor></w>
    <t type="p"><mor type="mor"><mt type="p"/><gra type="gra" index="2" head="1" relation="PUNCT"/></mor></t>
    <media
      start="271.501"
      end="273.269"
      unit="s"
    />
  </u>
  <u who="CHI" uID="u11">
    <w>knee<mor type="mor"><mw><pos><c>n</c></pos><stem>knee</stem></mw><gra type="gra" index="1" head="0" relation="INCROOT"/></mor></w>
    <t type="p"><mor type="mor"><mt type="p"/><gra type="gra" index="2" head="1" relation="PUNCT"/></mor></t>
    <media
      start="273.269"
      end="276.555"
      unit="s"
    />
  </u>
  <u who="CHI" uID="u12">
    <w>knee<mor type="mor"><mw><pos><c>n</c></pos><stem>knee</stem></mw><gra type="gra" index="1" head="0" relation="INCROOT"/></mor></w>
    <t type="p"><mor type="mor"><mt type="p"/><gra type="gra" index="2" head="1" relation="PUNCT"/></mor></t>
    <media
      start="276.555"
      end="285.661"
      unit="s"
    />
  </u>
  <u who="CHI" uID="u13">
    <w>knee<mor type="mor"><mw><pos><c>n</c></pos><stem>knee</stem></mw><gra type="gra" index="1" head="0" relation="INCROOT"/></mor></w>
    <t type="p"><mor type="mor"><mt type="p"/><gra type="gra" index="2" head="1" relation="PUNCT"/></mor></t>
    <media
      start="285.661"
      end="289.296"
      unit="s"
    />
  </u>
  <comment type="Tape Location">160</comment>
  <u who="MOT" uID="u14">
    <w>what<mor type="mor"><mw><pos><c>pro</c><s>int</s></pos><stem>what</stem></mw><gra type="gra" index="1" head="2" relation="SUBJ"/></mor></w>
    <w>happened<mor type="mor"><mw><pos><c>v</c></pos><stem>happen</stem><mk type="sfx">PAST</mk></mw><gra type="gra" index="2" head="0" relation="ROOT"/></mor></w>
    <t type="q"><mor type="mor"><mt type="q"/><gra type="gra" index="3" head="2" relation="PUNCT"/></mor></t>
    <media
      start="343.901"
      end="344.734"
      unit="s"
    />
  </u>
  <u who="MOT" uID="u15">
    <w>did<mor type="mor"><mw><pos><c>mod</c></pos><stem>do</stem><mk type="sfxf">PAST</mk></mw><gra type="gra" index="1" head="3" relation="AUX"/></mor></w>
    <w>you<mor type="mor"><mw><pos><c>pro</c><s>per</s></pos><stem>you</stem></mw><gra type="gra" index="2" head="3" relation="SUBJ"/></mor></w>
    <w>hurt<mor type="mor"><mw><pos><c>v</c></pos><stem>hurt</stem><mk type="sfxf">ZERO</mk></mw><gra type="gra" index="3" head="0" relation="ROOT"/></mor></w>
    <w>your<mor type="mor"><mw><pos><c>det</c><s>poss</s></pos><stem>your</stem></mw><gra type="gra" index="4" head="5" relation="DET"/></mor></w>
    <w>knee<mor type="mor"><mw><pos><c>n</c></pos><stem>knee</stem></mw><gra type="gra" index="5" head="3" relation="OBJ"/></mor></w>
    <t type="q"><mor type="mor"><mt type="q"/><gra type="gra" index="6" head="3" relation="PUNCT"/></mor></t>
    <media
      start="344.734"
      end="353.590"
      unit="s"
    />
  </u>
  <u who="CHI" uID="u16">
    <w>knee<mor type="mor"><mw><pos><c>n</c></pos><stem>knee</stem></mw><gra type="gra" index="1" head="0" relation="INCROOT"/></mor></w>
    <t type="p"><mor type="mor"><mt type="p"/><gra type="gra" index="2" head="1" relation="PUNCT"/></mor></t>
    <media
      start="353.590"
      end="355.709"
      unit="s"
    />
    <a type="speech act">$IMIT</a>
  </u>
  <u who="MOT" uID="u17">
    <w>oh<mor type="mor"><mw><pos><c>co</c></pos><stem>oh</stem></mw><gra type="gra" index="1" head="3" relation="COM"/></mor></w>
    <pause symbolic-length="simple"/>
    <w>that's<mor type="mor"><mw><pos><c>pro</c><s>dem</s></pos><stem>that</stem></mw><gra type="gra" index="2" head="3" relation="SUBJ"/><mor-post><mw><pos><c>cop</c></pos><stem>be</stem><mk type="sfxf">3S</mk></mw><gra type="gra" index="3" head="0" relation="ROOT"/></mor-post></mor></w>
    <w>too<mor type="mor"><mw><pos><c>adv</c></pos><stem>too</stem></mw><gra type="gra" index="4" head="5" relation="JCT"/></mor></w>
    <w>bad<mor type="mor"><mw><pos><c>adj</c></pos><stem>bad</stem></mw><gra type="gra" index="5" head="3" relation="PRED"/></mor></w>
    <t type="p"><mor type="mor"><mt type="p"/><gra type="gra" index="6" head="3" relation="PUNCT"/></mor></t>
    <media
      start="355.709"
      end="359.094"
      unit="s"
    />
  </u>
  <u who="MOT" uID="u18">
    <w>you<mor type="mor"><mw><pos><c>pro</c><s>per</s></pos><stem>you</stem></mw><gra type="gra" index="1" head="2" relation="SUBJ"/></mor></w>
    <w>got<mor type="mor"><mw><pos><c>v</c></pos><stem>get</stem><mk type="sfxf">PAST</mk></mw><gra type="gra" index="2" head="0" relation="ROOT"/></mor></w>
    <w>a<mor type="mor"><mw><pos><c>det</c><s>art</s></pos><stem>a</stem></mw><gra type="gra" index="3" head="4" relation="DET"/></mor></w>
    <w>boo_boo<mor type="mor"><mw><pos><c>n</c></pos><stem>boo</stem><mk type="sfxf">DUP</mk></mw><gra type="gra" index="4" head="2" relation="OBJ"/></mor></w>
    <w>on<mor type="mor"><mw><pos><c>prep</c></pos><stem>on</stem></mw><gra type="gra" index="5" head="2" relation="JCT"/></mor></w>
    <w>your<mor type="mor"><mw><pos><c>det</c><s>poss</s></pos><stem>your</stem></mw><gra type="gra" index="6" head="7" relation="DET"/></mor></w>
    <w>knee<mor type="mor"><mw><pos><c>n</c></pos><stem>knee</stem></mw><gra type="gra" index="7" head="5" relation="POBJ"/></mor></w>
    <t type="p"><mor type="mor"><mt type="p"/><gra type="gra" index="8" head="2" relation="PUNCT"/></mor></t>
    <media
      start="359.094"
      end="362.946"
      unit="s"
    />
  </u>
  <u who="MOT" uID="u19">
    <w>all<mor type="mor"><mw><pos><c>adv</c></pos><stem>all</stem></mw><gra type="gra" index="1" head="2" relation="JCT"/></mor></w>
    <w>better<mor type="mor"><mw><pos><c>adj</c></pos><stem>good</stem><mk type="sfxf">CP</mk></mw><gra type="gra" index="2" head="0" relation="INCROOT"/></mor></w>
    <w>now<mor type="mor"><mw><pos><c>adv</c></pos><stem>now</stem></mw><gra type="gra" index="3" head="2" relation="JCT"/></mor></w>
    <t type="p"><mor type="mor"><mt type="p"/><gra type="gra" index="4" head="2" relation="PUNCT"/></mor></t>
    <media
      start="369.032"
      end="370.615"
      unit="s"
    />
  </u>
  <u who="CHI" uID="u20">
    <w>hurt<mor type="mor"><mw><pos><c>v</c></pos><stem>hurt</stem><mk type="sfxf">ZERO</mk></mw><gra type="gra" index="1" head="0" relation="ROOT"/></mor></w>
    <t type="p"><mor type="mor"><mt type="p"/><gra type="gra" index="2" head="1" relation="PUNCT"/></mor></t>
    <media
      start="370.615"
      end="376.802"
      unit="s"
    />
  </u>
  <u who="CHI" uID="u21">
    <w>hurt<mor type="mor"><mw><pos><c>v</c></pos><stem>hurt</stem><mk type="sfxf">ZERO</mk></mw><gra type="gra" index="1" head="0" relation="ROOT"/></mor></w>
    <t type="p"><mor type="mor"><mt type="p"/><gra type="gra" index="2" head="1" relation="PUNCT"/></mor></t>
    <media
      start="376.802"
      end="378.054"
      unit="s"
    />
  </u>
  <u who="CHI" uID="u22">
    <w>hurt<mor type="mor"><mw><pos><c>v</c></pos><stem>hurt</stem><mk type="sfxf">ZERO</mk></mw><gra type="gra" index="1" head="0" relation="ROOT"/></mor></w>
    <t type="p"><mor type="mor"><mt type="p"/><gra type="gra" index="2" head="1" relation="PUNCT"/></mor></t>
    <media
      start="378.054"
      end="380.421"
      unit="s"
    />
  </u>
  <u who="MOT" uID="u23">
    <w>you've<mor type="mor"><mw><pos><c>pro</c><s>per</s></pos><stem>you</stem></mw><gra type="gra" index="1" head="4" relation="SUBJ"/><mor-post><mw><pos><c>aux</c></pos><stem>have</stem></mw><gra type="gra" index="2" head="4" relation="AUX"/></mor-post></mor></w>
    <w>been<mor type="mor"><mw><pos><c>aux</c></pos><stem>be</stem><mk type="sfxf">PASTP</mk></mw><gra type="gra" index="3" head="4" relation="AUX"/></mor></w>
    <w>hurting<mor type="mor"><mw><pos><c>part</c></pos><stem>hurt</stem><mk type="sfx">PRESP</mk></mw><gra type="gra" index="4" head="0" relation="ROOT"/></mor></w>
    <w>yourself<mor type="mor"><mw><pos><c>pro</c><s>refl</s></pos><stem>yourself</stem></mw><gra type="gra" index="5" head="4" relation="OBJ"/></mor></w>
    <w>quite<mor type="mor"><mw><pos><c>adv</c></pos><stem>quite</stem></mw><gra type="gra" index="6" head="4" relation="JCT"/></mor></w>
    <w>a<mor type="mor"><mw><pos><c>det</c><s>art</s></pos><stem>a</stem></mw><gra type="gra" index="7" head="8" relation="DET"/></mor></w>
    <w>bit<mor type="mor"><mw><pos><c>n</c></pos><stem>bit</stem></mw><gra type="gra" index="8" head="6" relation="POBJ"/></mor></w>
    <w>this<mor type="mor"><mw><pos><c>det</c><s>dem</s></pos><stem>this</stem></mw><gra type="gra" index="9" head="10" relation="DET"/></mor></w>
    <w>morning<mor type="mor"><mw><pos><c>n</c></pos><stem>morning</stem></mw><gra type="gra" index="10" head="8" relation="APP"/></mor></w>
    <t type="p"><mor type="mor"><mt type="p"/><gra type="gra" index="11" head="4" relation="PUNCT"/></mor></t>
    <media
      start="380.421"
      end="386.242"
      unit="s"
    />
    <a type="situation">MOT changing Naomi's diaper</a>
  </u>
  <u who="MOT" uID="u24">
    <w>lie<mor type="mor"><mw><pos><c>n</c></pos><stem>lie</stem></mw><gra type="gra" index="1" head="0" relation="INCROOT"/></mor></w>
    <w>still<mor type="mor"><mw><pos><c>adv</c></pos><stem>still</stem></mw><gra type="gra" index="2" head="1" relation="JCT"/></mor></w>
    <t type="p"><mor type="mor"><mt type="p"/><gra type="gra" index="3" head="1" relation="PUNCT"/></mor></t>
    <media
      start="419.242"
      end="421.342"
      unit="s"
    />
  </u>
  <u who="MOT" uID="u25">
    <w>hold<mor type="mor"><mw><pos><c>n</c></pos><stem>hold</stem></mw><gra type="gra" index="1" head="0" relation="INCROOT"/></mor></w>
    <w>still<mor type="mor"><mw><pos><c>adv</c></pos><stem>still</stem></mw><gra type="gra" index="2" head="1" relation="JCT"/></mor></w>
    <t type="p"><mor type="mor"><mt type="p"/><gra type="gra" index="3" head="1" relation="PUNCT"/></mor></t>
    <media
      start="421.342"
      end="432.816"
      unit="s"
    />
  </u>
  <u who="MOT" uID="u26">
    <w>stand<mor type="mor"><mw><pos><c>n</c></pos><stem>stand</stem></mw><gra type="gra" index="1" head="0" relation="INCROOT"/></mor></w>
    <w>still<mor type="mor"><mw><pos><c>adv</c></pos><stem>still</stem></mw><gra type="gra" index="2" head="1" relation="JCT"/></mor></w>
    <t type="p"><mor type="mor"><mt type="p"/><gra type="gra" index="3" head="1" relation="PUNCT"/></mor></t>
    <media
      start="432.816"
      end="440.821"
      unit="s"
    />
  </u>
  <u who="CHI" uID="u27">
    <g><w>still</w><k type="retracing"/></g>
    <w>still<mor type="mor"><mw><pos><c>adv</c></pos><stem>still</stem></mw><gra type="gra" index="1" head="0" relation="INCROOT"/></mor></w>
    <t type="p"><mor type="mor"><mt type="p"/><gra type="gra" index="2" head="1" relation="PUNCT"/></mor></t>
    <media
      start="440.821"
      end="442.088"
      unit="s"
    />
    <a type="speech act">$IMIT</a>
  </u>
  <u who="MOT" uID="u28">
    <w>still<mor type="mor"><mw><pos><c>adv</c></pos><stem>still</stem></mw><gra type="gra" index="1" head="2" relation="JCT"/></mor></w>
    <w>still<mor type="mor"><mw><pos><c>adv</c></pos><stem>still</stem></mw><gra type="gra" index="2" head="0" relation="INCROOT"/></mor></w>
    <t type="p"><mor type="mor"><mt type="p"/><gra type="gra" index="3" head="2" relation="PUNCT"/></mor></t>
    <media
      start="442.087"
      end="443.939"
      unit="s"
    />
  </u>
  <comment type="Tape Location">201</comment>
  <u who="CHI" uID="u29">
    <g><w>still</w><k type="retracing"/></g>
    <w>still<mor type="mor"><mw><pos><c>adv</c></pos><stem>still</stem></mw><gra type="gra" index="1" head="0" relation="INCROOT"/></mor></w>
    <t type="p"><mor type="mor"><mt type="p"/><gra type="gra" index="2" head="1" relation="PUNCT"/></mor></t>
    <media
      start="443.939"
      end="446.472"
      unit="s"
    />
    <a type="speech act">$IMIT</a>
  </u>
  <u who="CHI" uID="u30">
    <g><w>still</w><k type="retracing"/></g>
    <w>still<mor type="mor"><mw><pos><c>adv</c></pos><stem>still</stem></mw><gra type="gra" index="1" head="0" relation="INCROOT"/></mor></w>
    <t type="p"><mor type="mor"><mt type="p"/><gra type="gra" index="2" head="1" relation="PUNCT"/></mor></t>
    <media
      start="446.472"
      end="447.474"
      unit="s"
    />
    <a type="actions">NAO begins playing with Busy Box</a>
    <a type="comments">break in recording</a>
  </u>
  <comment type="Tape Location">262</comment>
  <u who="CHI" uID="u31">
    <w>slipper<mor type="mor"><mw><pos><c>n</c></pos><stem>slipper</stem></mw><gra type="gra" index="1" head="0" relation="INCROOT"/></mor></w>
    <t type="p"><mor type="mor"><mt type="p"/><gra type="gra" index="2" head="1" relation="PUNCT"/></mor></t>
    <media
      start="600.474"
      end="601.324"
      unit="s"
    />
  </u>
  <u who="CHI" uID="u32">
    <w>slipper<mor type="mor"><mw><pos><c>n</c></pos><stem>slipper</stem></mw><gra type="gra" index="1" head="0" relation="INCROOT"/></mor></w>
    <t type="p"><mor type="mor"><mt type="p"/><gra type="gra" index="2" head="1" relation="PUNCT"/></mor></t>
    <media
      start="601.324"
      end="602.407"
      unit="s"
    />
  </u>
  <u who="CHI" uID="u33">
    <w>slipper<mor type="mor"><mw><pos><c>n</c></pos><stem>slipper</stem></mw><gra type="gra" index="1" head="0" relation="INCROOT"/></mor></w>
    <t type="p"><mor type="mor"><mt type="p"/><gra type="gra" index="2" head="1" relation="PUNCT"/></mor></t>
    <media
      start="602.407"
      end="604.276"
      unit="s"
    />
  </u>
  <u who="CHI" uID="u34">
    <w>brush<mor type="mor"><mw><pos><c>n</c></pos><stem>brush</stem></mw><gra type="gra" index="1" head="0" relation="INCROOT"/></mor></w>
    <t type="p"><mor type="mor"><mt type="p"/><gra type="gra" index="2" head="1" relation="PUNCT"/></mor></t>
    <media
      start="756.276"
      end="758.276"
      unit="s"
    />
  </u>
  <u who="CHI" uID="u35">
    <w>brush<mor type="mor"><mw><pos><c>n</c></pos><stem>brush</stem></mw><gra type="gra" index="1" head="0" relation="INCROOT"/></mor></w>
    <t type="p"><mor type="mor"><mt type="p"/><gra type="gra" index="2" head="1" relation="PUNCT"/></mor></t>
    <media
      start="758.276"
      end="759.326"
      unit="s"
    />
  </u>
  <u who="CHI" uID="u36">
    <w>brush<mor type="mor"><mw><pos><c>n</c></pos><stem>brush</stem></mw><gra type="gra" index="1" head="0" relation="INCROOT"/></mor></w>
    <t type="p"><mor type="mor"><mt type="p"/><gra type="gra" index="2" head="1" relation="PUNCT"/></mor></t>
    <media
      start="776.326"
      end="778.023"
      unit="s"
    />
  </u>
  <u who="CHI" uID="u37">
    <w>brush<mor type="mor"><mw><pos><c>n</c></pos><stem>brush</stem></mw><gra type="gra" index="1" head="0" relation="INCROOT"/></mor></w>
    <t type="p"><mor type="mor"><mt type="p"/><gra type="gra" index="2" head="1" relation="PUNCT"/></mor></t>
    <media
      start="778.023"
      end="781.058"
      unit="s"
    />
  </u>
  <comment type="Tape Location">317</comment>
  <comment type="Generic">subvocal brush repeated over and over</comment>
  <u who="CHI" uID="u38">
    <w>nap<mor type="mor"><mw><pos><c>n</c></pos><stem>nap</stem></mw><gra type="gra" index="1" head="0" relation="INCROOT"/></mor></w>
    <t type="p"><mor type="mor"><mt type="p"/><gra type="gra" index="2" head="1" relation="PUNCT"/></mor></t>
    <media
      start="939.058"
      end="940.658"
      unit="s"
    />
  </u>
  <u who="CHI" uID="u39">
    <w>nap<mor type="mor"><mw><pos><c>n</c></pos><stem>nap</stem></mw><gra type="gra" index="1" head="0" relation="INCROOT"/></mor></w>
    <t type="p"><mor type="mor"><mt type="p"/><gra type="gra" index="2" head="1" relation="PUNCT"/></mor></t>
    <media
      start="940.658"
      end="948.514"
      unit="s"
    />
  </u>
  <u who="CHI" uID="u40">
    <w>nap<mor type="mor"><mw><pos><c>n</c></pos><stem>nap</stem></mw><gra type="gra" index="1" head="0" relation="INCROOT"/></mor></w>
    <t type="p"><mor type="mor"><mt type="p"/><gra type="gra" index="2" head="1" relation="PUNCT"/></mor></t>
    <media
      start="948.514"
      end="949.430"
      unit="s"
    />
  </u>
  <comment type="Tape Location">418</comment>
  <u who="CHI" uID="u41">
    <w>open<mor type="mor"><mw><pos><c>adj</c></pos><stem>open</stem></mw><gra type="gra" index="1" head="0" relation="INCROOT"/></mor></w>
    <t type="p"><mor type="mor"><mt type="p"/><gra type="gra" index="2" head="1" relation="PUNCT"/></mor></t>
    <media
      start="1060.430"
      end="1062.137"
      unit="s"
    />
  </u>
  <u who="CHI" uID="u42">
    <w>open<mor type="mor"><mw><pos><c>adj</c></pos><stem>open</stem></mw><gra type="gra" index="1" head="0" relation="INCROOT"/></mor></w>
    <t type="p"><mor type="mor"><mt type="p"/><gra type="gra" index="2" head="1" relation="PUNCT"/></mor></t>
    <media
      start="1062.137"
      end="1064.805"
      unit="s"
    />
  </u>
  <comment type="Tape Location">520</comment>
  <u who="CHI" uID="u43">
    <w>Daddy<mor type="mor"><mw><pos><c>n</c><s>prop</s></pos><stem>Daddy</stem></mw><gra type="gra" index="1" head="0" relation="INCROOT"/></mor></w>
    <t type="p"><mor type="mor"><mt type="p"/><gra type="gra" index="2" head="1" relation="PUNCT"/></mor></t>
    <media
      start="1397.805"
      end="1398.905"
      unit="s"
    />
  </u>
  <u who="CHI" uID="u44">
    <w>byebye<mor type="mor"><mw><pos><c>co</c></pos><stem>byebye</stem></mw><gra type="gra" index="1" head="0" relation="INCROOT"/></mor></w>
    <t type="p"><mor type="mor"><mt type="p"/><gra type="gra" index="2" head="1" relation="PUNCT"/></mor></t>
    <media
      start="1412.081"
      end="1412.997"
      unit="s"
    />
  </u>
  <u who="CHI" uID="u45">
    <w>finger<mor type="mor"><mw><pos><c>n</c></pos><stem>finger</stem></mw><gra type="gra" index="1" head="0" relation="INCROOT"/></mor></w>
    <t type="p"><mor type="mor"><mt type="p"/><gra type="gra" index="2" head="1" relation="PUNCT"/></mor></t>

  </u>
  <u who="MOT" uID="u46">
    <w>what's<mor type="mor"><mw><pos><c>pro</c><s>int</s></pos><stem>what</stem></mw><gra type="gra" index="1" head="2" relation="SUBJ"/><mor-post><mw><pos><c>cop</c></pos><stem>be</stem><mk type="sfxf">3S</mk></mw><gra type="gra" index="2" head="0" relation="ROOT"/></mor-post></mor></w>
    <w>wrong<mor type="mor"><mw><pos><c>n</c></pos><stem>wrong</stem></mw><gra type="gra" index="3" head="4" relation="MOD"/></mor></w>
    <w>Nomi<mor type="mor"><mw><pos><c>n</c><s>prop</s></pos><stem>Nomi</stem></mw><gra type="gra" index="4" head="2" relation="PRED"/></mor></w>
    <t type="q"><mor type="mor"><mt type="q"/><gra type="gra" index="5" head="2" relation="PUNCT"/></mor></t>
    <media
      start="1508.078"
      end="1509.428"
      unit="s"
    />
  </u>
  <u who="MOT" uID="u47">
    <w>what<mor type="mor"><mw><pos><c>pro</c><s>int</s></pos><stem>what</stem></mw><gra type="gra" index="1" head="0" relation="INCROOT"/></mor></w>
    <t type="q"><mor type="mor"><mt type="q"/><gra type="gra" index="2" head="1" relation="PUNCT"/></mor></t>
    <media
      start="1509.428"
      end="1512.196"
      unit="s"
    />
  </u>
  <u who="MOT" uID="u48">
    <w>did<mor type="mor"><mw><pos><c>mod</c></pos><stem>do</stem><mk type="sfxf">PAST</mk></mw><gra type="gra" index="1" head="3" relation="AUX"/></mor></w>
    <w>you<mor type="mor"><mw><pos><c>pro</c><s>per</s></pos><stem>you</stem></mw><gra type="gra" index="2" head="3" relation="SUBJ"/></mor></w>
    <w>hurt<mor type="mor"><mw><pos><c>v</c></pos><stem>hurt</stem><mk type="sfxf">ZERO</mk></mw><gra type="gra" index="3" head="0" relation="ROOT"/></mor></w>
    <w>your<mor type="mor"><mw><pos><c>det</c><s>poss</s></pos><stem>your</stem></mw><gra type="gra" index="4" head="5" relation="DET"/></mor></w>
    <w>finger<mor type="mor"><mw><pos><c>n</c></pos><stem>finger</stem></mw><gra type="gra" index="5" head="3" relation="OBJ"/></mor></w>
    <t type="q"><mor type="mor"><mt type="q"/><gra type="gra" index="6" head="3" relation="PUNCT"/></mor></t>
    <media
      start="1512.196"
      end="1514.648"
      unit="s"
    />
  </u>
  <u who="MOT" uID="u49">
    <w>wanna<mor type="mor"><mw><pos><c>v</c></pos><stem>want</stem></mw><gra type="gra" index="1" head="0" relation="ROOT"/><mor-post><mw><pos><c>inf</c></pos><stem>to</stem></mw><gra type="gra" index="2" head="3" relation="INF"/></mor-post></mor></w>
    <w>lie<mor type="mor"><mw><pos><c>v</c></pos><stem>lie</stem></mw><gra type="gra" index="3" head="1" relation="COMP"/></mor></w>
    <w>down<mor type="mor"><mw><pos><c>adv</c></pos><stem>down</stem></mw><gra type="gra" index="4" head="3" relation="JCT"/></mor></w>
    <w>and<mor type="mor"><mw><pos><c>coord</c></pos><stem>and</stem></mw><gra type="gra" index="5" head="3" relation="CONJ"/></mor></w>
    <w>rest<mor type="mor"><mw><pos><c>n</c></pos><stem>rest</stem></mw><gra type="gra" index="6" head="5" relation="COORD"/></mor></w>
    <w>for<mor type="mor"><mw><pos><c>prep</c></pos><stem>for</stem></mw><gra type="gra" index="7" head="6" relation="NJCT"/></mor></w>
    <w>a<mor type="mor"><mw><pos><c>det</c><s>art</s></pos><stem>a</stem></mw><gra type="gra" index="8" head="10" relation="DET"/></mor></w>
    <w>little<mor type="mor"><mw><pos><c>adj</c></pos><stem>little</stem></mw><gra type="gra" index="9" head="10" relation="MOD"/></mor></w>
    <w>bit<mor type="mor"><mw><pos><c>n</c></pos><stem>bit</stem></mw><gra type="gra" index="10" head="7" relation="POBJ"/></mor></w>
    <t type="q"><mor type="mor"><mt type="q"/><gra type="gra" index="11" head="1" relation="PUNCT"/></mor></t>
    <media
      start="1537.648"
      end="1539.148"
      unit="s"
    />
  </u>
  <comment type="Tape Location">560</comment>
  <u who="CHI" uID="u50">
    <w>rest<mor type="mor"><mw><pos><c>n</c></pos><stem>rest</stem></mw><gra type="gra" index="1" head="0" relation="INCROOT"/></mor></w>
    <t type="p"><mor type="mor"><mt type="p"/><gra type="gra" index="2" head="1" relation="PUNCT"/></mor></t>
    <media
      start="1539.148"
      end="1544.052"
      unit="s"
    />
    <a type="speech act">$IMIT</a>
  </u>
  <u who="CHI" uID="u51">
    <w>rest<mor type="mor"><mw><pos><c>n</c></pos><stem>rest</stem></mw><gra type="gra" index="1" head="0" relation="INCROOT"/></mor></w>
    <t type="p"><mor type="mor"><mt type="p"/><gra type="gra" index="2" head="1" relation="PUNCT"/></mor></t>
    <media
      start="1544.052"
      end="1545.285"
      unit="s"
    />
  </u>
  <u who="CHI" uID="u52">
    <w>rest<mor type="mor"><mw><pos><c>n</c></pos><stem>rest</stem></mw><gra type="gra" index="1" head="0" relation="INCROOT"/></mor></w>
    <t type="p"><mor type="mor"><mt type="p"/><gra type="gra" index="2" head="1" relation="PUNCT"/></mor></t>
    <media
      start="1545.285"
      end="1546.937"
      unit="s"
    />
  </u>
  <u who="CHI" uID="u53">
    <w>wake<mor type="mor"><mw><pos><c>v</c></pos><stem>wake</stem></mw><gra type="gra" index="1" head="0" relation="ROOT"/></mor></w>
    <w>up<mor type="mor"><mw><pos><c>adv</c></pos><stem>up</stem></mw><gra type="gra" index="2" head="1" relation="JCT"/></mor></w>
    <t type="p"><mor type="mor"><mt type="p"/><gra type="gra" index="3" head="1" relation="PUNCT"/></mor></t>
    <media
      start="1546.937"
      end="1550.472"
      unit="s"
    />
  </u>
  <u who="CHI" uID="u54">
    <w>wake<mor type="mor"><mw><pos><c>v</c></pos><stem>wake</stem></mw><gra type="gra" index="1" head="0" relation="ROOT"/></mor></w>
    <w>up<mor type="mor"><mw><pos><c>adv</c></pos><stem>up</stem></mw><gra type="gra" index="2" head="1" relation="JCT"/></mor></w>
    <t type="p"><mor type="mor"><mt type="p"/><gra type="gra" index="3" head="1" relation="PUNCT"/></mor></t>
    <media
      start="1550.472"
      end="1551.672"
      unit="s"
    />
  </u>
  <u who="CHI" uID="u55">
    <w>wake<mor type="mor"><mw><pos><c>v</c></pos><stem>wake</stem></mw><gra type="gra" index="1" head="0" relation="ROOT"/></mor></w>
    <w>up<mor type="mor"><mw><pos><c>adv</c></pos><stem>up</stem></mw><gra type="gra" index="2" head="1" relation="JCT"/></mor></w>
    <t type="p"><mor type="mor"><mt type="p"/><gra type="gra" index="3" head="1" relation="PUNCT"/></mor></t>
    <media
      start="1551.672"
      end="1553.591"
      unit="s"
    />
  </u>
  <u who="CHI" uID="u56">
    <g><w>Daddy's<mor type="mor"><mw><pos><c>adj</c></pos><stem>Daddy</stem><mk type="sfxf">dn</mk><mk type="sfx">POSS</mk></mw><gra type="gra" index="1" head="2" relation="MOD"/></mor></w>
    <w>arms<mor type="mor"><mw><pos><c>n</c></pos><stem>arm</stem><mk type="sfx">PL</mk></mw><gra type="gra" index="2" head="0" relation="INCROOT"/></mor></w><ga type="paralinguistics">singing</ga></g>
    <t type="p"><mor type="mor"><mt type="p"/><gra type="gra" index="3" head="2" relation="PUNCT"/></mor></t>
    <media
      start="1553.591"
      end="1565.815"
      unit="s"
    />
  </u>
  <u who="CHI" uID="u57">
    <g><w>Daddy's<mor type="mor"><mw><pos><c>adj</c></pos><stem>Daddy</stem><mk type="sfxf">dn</mk><mk type="sfx">POSS</mk></mw><gra type="gra" index="1" head="2" relation="MOD"/></mor></w>
    <w>arms<mor type="mor"><mw><pos><c>n</c></pos><stem>arm</stem><mk type="sfx">PL</mk></mw><gra type="gra" index="2" head="0" relation="INCROOT"/></mor></w><ga type="paralinguistics">singing</ga></g>
    <t type="p"><mor type="mor"><mt type="p"/><gra type="gra" index="3" head="2" relation="PUNCT"/></mor></t>
    <media
      start="1565.815"
      end="1573.504"
      unit="s"
    />
  </u>
  <u who="MOT" uID="u58">
    <w>oh<mor type="mor"><mw><pos><c>co</c></pos><stem>oh</stem></mw><gra type="gra" index="1" head="3" relation="COM"/></mor></w>
    <w>you<mor type="mor"><mw><pos><c>pro</c><s>per</s></pos><stem>you</stem></mw><gra type="gra" index="2" head="3" relation="SUBJ"/></mor></w>
    <w>fell<mor type="mor"><mw><pos><c>v</c></pos><stem>fall</stem><mk type="sfxf">PAST</mk></mw><gra type="gra" index="3" head="0" relation="ROOT"/></mor></w>
    <w>down<mor type="mor"><mw><pos><c>adv</c></pos><stem>down</stem></mw><gra type="gra" index="4" head="3" relation="JCT"/></mor></w>
    <t type="p"><mor type="mor"><mt type="p"/><gra type="gra" index="5" head="3" relation="PUNCT"/></mor></t>
    <media
      start="1573.504"
      end="1577.039"
      unit="s"
    />
  </u>
  <u who="MOT" uID="u59">
    <w>feel<mor type="mor"><mw><pos><c>v</c></pos><stem>feel</stem></mw><gra type="gra" index="1" head="0" relation="ROOT"/></mor></w>
    <w>better<mor type="mor"><mw><pos><c>adj</c></pos><stem>good</stem><mk type="sfxf">CP</mk></mw><gra type="gra" index="2" head="1" relation="JCT"/></mor></w>
    <w>now<mor type="mor"><mw><pos><c>adv</c></pos><stem>now</stem></mw><gra type="gra" index="3" head="2" relation="JCT"/></mor></w>
    <t type="p"><mor type="mor"><mt type="p"/><gra type="gra" index="4" head="1" relation="PUNCT"/></mor></t>
    <media
      start="1630.039"
      end="1632.360"
      unit="s"
    />
  </u>
  <comment type="Tape Location">586</comment>
  <u who="CHI" uID="u60">
    <w>feel<mor type="mor"><mw><pos><c>v</c></pos><stem>feel</stem></mw><gra type="gra" index="1" head="0" relation="ROOT"/></mor></w>
    <w>better<mor type="mor"><mw><pos><c>adj</c></pos><stem>good</stem><mk type="sfxf">CP</mk></mw><gra type="gra" index="2" head="1" relation="JCT"/></mor></w>
    <t type="p"><mor type="mor"><mt type="p"/><gra type="gra" index="3" head="1" relation="PUNCT"/></mor></t>
    <media
      start="1632.360"
      end="1640.030"
      unit="s"
    />
    <a type="speech act">$IMIT</a>
  </u>
  <u who="CHI" uID="u61">
    <w>feel<mor type="mor"><mw><pos><c>v</c></pos><stem>feel</stem></mw><gra type="gra" index="1" head="0" relation="ROOT"/></mor></w>
    <w>better<mor type="mor"><mw><pos><c>adj</c></pos><stem>good</stem><mk type="sfxf">CP</mk></mw><gra type="gra" index="2" head="1" relation="JCT"/></mor></w>
    <t type="p"><mor type="mor"><mt type="p"/><gra type="gra" index="3" head="1" relation="PUNCT"/></mor></t>
    <media
      start="1640.030"
      end="1641.298"
      unit="s"
    />
  </u>
  <u who="MOT" uID="u62">
    <w>feel<mor type="mor"><mw><pos><c>v</c></pos><stem>feel</stem></mw><gra type="gra" index="1" head="0" relation="ROOT"/></mor></w>
    <w>better<mor type="mor"><mw><pos><c>adj</c></pos><stem>good</stem><mk type="sfxf">CP</mk></mw><gra type="gra" index="2" head="1" relation="JCT"/></mor></w>
    <t type="p"><mor type="mor"><mt type="p"/><gra type="gra" index="3" head="1" relation="PUNCT"/></mor></t>
    <media
      start="1641.298"
      end="1641.715"
      unit="s"
    />
  </u>
  <u who="CHI" uID="u63">
    <w>feel<mor type="mor"><mw><pos><c>v</c></pos><stem>feel</stem></mw><gra type="gra" index="1" head="0" relation="ROOT"/></mor></w>
    <w>better<mor type="mor"><mw><pos><c>adj</c></pos><stem>good</stem><mk type="sfxf">CP</mk></mw><gra type="gra" index="2" head="1" relation="JCT"/></mor></w>
    <t type="p"><mor type="mor"><mt type="p"/><gra type="gra" index="3" head="1" relation="PUNCT"/></mor></t>
    <media
      start="1641.715"
      end="1644.767"
      unit="s"
    />
    <a type="speech act">$IMIT</a>
  </u>
  <u who="MOT" uID="u64">
    <w>would<mor type="mor"><mw><pos><c>mod</c></pos><stem>will</stem><mk type="sfxf">COND</mk></mw><gra type="gra" index="1" head="3" relation="AUX"/></mor></w>
    <w>you<mor type="mor"><mw><pos><c>pro</c><s>per</s></pos><stem>you</stem></mw><gra type="gra" index="2" head="3" relation="SUBJ"/></mor></w>
    <w>like<mor type="mor"><mw><pos><c>v</c></pos><stem>like</stem></mw><gra type="gra" index="3" head="0" relation="ROOT"/></mor></w>
    <w>to<mor type="mor"><mw><pos><c>inf</c></pos><stem>to</stem></mw><gra type="gra" index="4" head="5" relation="INF"/></mor></w>
    <w>lie<mor type="mor"><mw><pos><c>v</c></pos><stem>lie</stem></mw><gra type="gra" index="5" head="3" relation="COMP"/></mor></w>
    <w>down<mor type="mor"><mw><pos><c>adv</c></pos><stem>down</stem></mw><gra type="gra" index="6" head="5" relation="JCT"/></mor></w>
    <t type="q"><mor type="mor"><mt type="q"/><gra type="gra" index="7" head="3" relation="PUNCT"/></mor></t>
    <media
      start="1644.767"
      end="1662.895"
      unit="s"
    />
  </u>
  <comment type="Tape Location">594</comment>
  <u who="CHI" uID="u65">
    <w>no<mor type="mor"><mw><pos><c>co</c></pos><stem>no</stem></mw><gra type="gra" index="1" head="0" relation="INCROOT"/></mor></w>
    <t type="p"><mor type="mor"><mt type="p"/><gra type="gra" index="2" head="1" relation="PUNCT"/></mor></t>
    <media
      start="1662.895"
      end="1664.831"
      unit="s"
    />
  </u>
  <u who="CHI" uID="u66">
    <w>lunchtime<mor type="mor"><mwc><pos><c>n</c></pos><mw><pos><c>n</c></pos><stem>lunch</stem></mw><mw><pos><c>n</c></pos><stem>time</stem></mw></mwc><gra type="gra" index="1" head="0" relation="INCROOT"/></mor></w>
    <t type="p"><mor type="mor"><mt type="p"/><gra type="gra" index="2" head="1" relation="PUNCT"/></mor></t>
    <media
      start="1664.831"
      end="1668.616"
      unit="s"
    />
  </u>
  <u who="CHI" uID="u67">
    <w>lunch<mor type="mor"><mw><pos><c>n</c></pos><stem>lunch</stem></mw><gra type="gra" index="1" head="0" relation="INCROOT"/></mor></w>
    <t type="p"><mor type="mor"><mt type="p"/><gra type="gra" index="2" head="1" relation="PUNCT"/></mor></t>
    <media
      start="1668.616"
      end="1670.918"
      unit="s"
    />
  </u>
  <u who="CHI" uID="u68">
    <w>lunch<mor type="mor"><mw><pos><c>n</c></pos><stem>lunch</stem></mw><gra type="gra" index="1" head="0" relation="INCROOT"/></mor></w>
    <t type="p"><mor type="mor"><mt type="p"/><gra type="gra" index="2" head="1" relation="PUNCT"/></mor></t>
    <media
      start="1670.918"
      end="1677.155"
      unit="s"
    />
  </u>
  <u who="CHI" uID="u69">
    <w>lunch<mor type="mor"><mw><pos><c>n</c></pos><stem>lunch</stem></mw><gra type="gra" index="1" head="0" relation="INCROOT"/></mor></w>
    <t type="p"><mor type="mor"><mt type="p"/><gra type="gra" index="2" head="1" relation="PUNCT"/></mor></t>

  </u>
  <u who="CHI" uID="u70">
    <w>lunch<mor type="mor"><mw><pos><c>n</c></pos><stem>lunch</stem></mw><gra type="gra" index="1" head="0" relation="INCROOT"/></mor></w>
    <t type="p"><mor type="mor"><mt type="p"/><gra type="gra" index="2" head="1" relation="PUNCT"/></mor></t>

  </u>
  <u who="CHI" uID="u71">
    <w>lunch<mor type="mor"><mw><pos><c>n</c></pos><stem>lunch</stem></mw><gra type="gra" index="1" head="0" relation="INCROOT"/></mor></w>
    <t type="p"><mor type="mor"><mt type="p"/><gra type="gra" index="2" head="1" relation="PUNCT"/></mor></t>

  </u>
</CHAT>