<?xml version="1.0" encoding="UTF-8"?>

<CHAT xmlns:xsi="http://www.w3.org/2001/XMLSchema-instance"
      xmlns="http://www.talkbank.org/ns/talkbank"
      xsi:schemaLocation="http://www.talkbank.org/ns/talkbank https://talkbank.org/software/talkbank.xsd"
      Media="020027" Mediatypes="audio"
      PID="11312/c-00017356-1"
      Version="2.14.0"
      Lang="eng"
      Corpus="Sachs"
      >
  <Participants>
    <participant
      id="CHI"
    name="Naomi"
      role="Target_Child"
      language="eng"
      age="P2Y00M27D"
      sex="female"

    />
    <participant
      id="FAT"
      role="Father"
      language="eng"
      sex="male"

    />
    <participant
      id="MOT"
      role="Mother"
      language="eng"
      sex="female"

    />
  </Participants>
  <comment type="Tape Location">4</comment>
  <u who="CHI" uID="u0">
    <w type="filler">uh</w>
    <w>Daddy<mor type="mor"><mw><pos><c>n</c><s>prop</s></pos><stem>Daddy</stem></mw><gra type="gra" index="1" head="0" relation="INCROOT"/></mor></w>
    <t type="p"><mor type="mor"><mt type="p"/><gra type="gra" index="2" head="1" relation="PUNCT"/></mor></t>
    <media
      start="4.000"
      end="6.100"
      unit="s"
    />
  </u>
  <u who="CHI" uID="u1">
    <w>Daddy<mor type="mor"><mw><pos><c>n</c><s>prop</s></pos><stem>Daddy</stem></mw><gra type="gra" index="1" head="0" relation="INCROOT"/></mor></w>
    <t type="p"><mor type="mor"><mt type="p"/><gra type="gra" index="2" head="1" relation="PUNCT"/></mor></t>
    <media
      start="6.100"
      end="7.368"
      unit="s"
    />
  </u>
  <u who="FAT" uID="u2">
    <w>I'm<mor type="mor"><mw><pos><c>pro</c><s>sub</s></pos><stem>I</stem></mw><gra type="gra" index="1" head="3" relation="SUBJ"/><mor-post><mw><pos><c>aux</c></pos><stem>be</stem><mk type="sfxf">1S</mk></mw><gra type="gra" index="2" head="3" relation="AUX"/></mor-post></mor></w>
    <w>reading<mor type="mor"><mw><pos><c>part</c></pos><stem>read</stem><mk type="sfx">PRESP</mk></mw><gra type="gra" index="3" head="0" relation="ROOT"/></mor></w>
    <w>Nomi<mor type="mor"><mw><pos><c>n</c><s>prop</s></pos><stem>Nomi</stem></mw><gra type="gra" index="4" head="3" relation="OBJ"/></mor></w>
    <t type="p"><mor type="mor"><mt type="p"/><gra type="gra" index="5" head="3" relation="PUNCT"/></mor></t>
    <media
      start="12.368"
      end="15.570"
      unit="s"
    />
  </u>
  <u who="CHI" uID="u3">
    <w type="filler">uh</w>
    <w>go<mor type="mor"><mw><pos><c>v</c></pos><stem>go</stem></mw><gra type="gra" index="1" head="0" relation="ROOT"/></mor></w>
    <t type="p"><mor type="mor"><mt type="p"/><gra type="gra" index="2" head="1" relation="PUNCT"/></mor></t>
    <media
      start="15.570"
      end="18.538"
      unit="s"
    />
  </u>
  <u who="CHI" uID="u4">
    <w type="filler">uh</w>
    <t type="p"></t>
    <media
      start="18.538"
      end="19.922"
      unit="s"
    />
  </u>
  <u who="CHI" uID="u5">
    <w>Daddy<mor type="mor"><mw><pos><c>n</c><s>prop</s></pos><stem>Daddy</stem></mw><gra type="gra" index="1" head="0" relation="INCROOT"/></mor></w>
    <t type="p"><mor type="mor"><mt type="p"/><gra type="gra" index="2" head="1" relation="PUNCT"/></mor></t>
    <media
      start="19.922"
      end="20.488"
      unit="s"
    />
  </u>
  <u who="CHI" uID="u6">
    <w>Daddy<mor type="mor"><mw><pos><c>n</c><s>prop</s></pos><stem>Daddy</stem></mw><gra type="gra" index="1" head="0" relation="INCROOT"/></mor></w>
    <t type="p"><mor type="mor"><mt type="p"/><gra type="gra" index="2" head="1" relation="PUNCT"/></mor></t>
    <media
      start="20.488"
      end="21.740"
      unit="s"
    />
  </u>
  <u who="CHI" uID="u7">
    <w>Daddy<mor type="mor"><mw><pos><c>n</c><s>prop</s></pos><stem>Daddy</stem></mw><gra type="gra" index="1" head="0" relation="INCROOT"/></mor></w>
    <t type="p"><mor type="mor"><mt type="p"/><gra type="gra" index="2" head="1" relation="PUNCT"/></mor></t>
    <media
      start="21.740"
      end="22.440"
      unit="s"
    />
  </u>
  <u who="CHI" uID="u8">
    <w>Daddy<mor type="mor"><mw><pos><c>n</c><s>prop</s></pos><stem>Daddy</stem></mw><gra type="gra" index="1" head="0" relation="INCROOT"/></mor></w>
    <t type="p"><mor type="mor"><mt type="p"/><gra type="gra" index="2" head="1" relation="PUNCT"/></mor></t>
    <media
      start="22.440"
      end="23.407"
      unit="s"
    />
  </u>
  <u who="CHI" uID="u9">
    <w>Daddy<mor type="mor"><mw><pos><c>n</c><s>prop</s></pos><stem>Daddy</stem></mw><gra type="gra" index="1" head="0" relation="INCROOT"/></mor></w>
    <t type="p"><mor type="mor"><mt type="p"/><gra type="gra" index="2" head="1" relation="PUNCT"/></mor></t>
    <media
      start="23.407"
      end="24.426"
      unit="s"
    />
  </u>
  <u who="CHI" uID="u10">
    <w>Daddy<mor type="mor"><mw><pos><c>n</c><s>prop</s></pos><stem>Daddy</stem></mw><gra type="gra" index="1" head="0" relation="INCROOT"/></mor></w>
    <t type="p"><mor type="mor"><mt type="p"/><gra type="gra" index="2" head="1" relation="PUNCT"/></mor></t>
    <media
      start="24.426"
      end="24.909"
      unit="s"
    />
  </u>
  <u who="CHI" uID="u11">
    <w>Daddy<mor type="mor"><mw><pos><c>n</c><s>prop</s></pos><stem>Daddy</stem></mw><gra type="gra" index="1" head="0" relation="INCROOT"/></mor></w>
    <t type="p"><mor type="mor"><mt type="p"/><gra type="gra" index="2" head="1" relation="PUNCT"/></mor></t>
    <media
      start="24.909"
      end="25.392"
      unit="s"
    />
  </u>
  <u who="CHI" uID="u12">
    <w>Daddy<mor type="mor"><mw><pos><c>n</c><s>prop</s></pos><stem>Daddy</stem></mw><gra type="gra" index="1" head="0" relation="INCROOT"/></mor></w>
    <t type="p"><mor type="mor"><mt type="p"/><gra type="gra" index="2" head="1" relation="PUNCT"/></mor></t>
    <media
      start="25.392"
      end="25.859"
      unit="s"
    />
  </u>
  <u who="CHI" uID="u13">
    <w>Daddy<mor type="mor"><mw><pos><c>n</c><s>prop</s></pos><stem>Daddy</stem></mw><gra type="gra" index="1" head="0" relation="INCROOT"/></mor></w>
    <t type="p"><mor type="mor"><mt type="p"/><gra type="gra" index="2" head="1" relation="PUNCT"/></mor></t>
    <media
      start="25.859"
      end="27.294"
      unit="s"
    />
  </u>
  <u who="CHI" uID="u14">
    <w>Daddy<mor type="mor"><mw><pos><c>n</c><s>prop</s></pos><stem>Daddy</stem></mw><gra type="gra" index="1" head="0" relation="INCROOT"/></mor></w>
    <t type="p"><mor type="mor"><mt type="p"/><gra type="gra" index="2" head="1" relation="PUNCT"/></mor></t>
    <media
      start="29.294"
      end="32.429"
      unit="s"
    />
  </u>
  <u who="CHI" uID="u15">
    <w>Daddy<mor type="mor"><mw><pos><c>n</c><s>prop</s></pos><stem>Daddy</stem></mw><gra type="gra" index="1" head="0" relation="INCROOT"/></mor></w>
    <t type="p"><mor type="mor"><mt type="p"/><gra type="gra" index="2" head="1" relation="PUNCT"/></mor></t>
    <media
      start="32.429"
      end="32.896"
      unit="s"
    />
  </u>
  <u who="FAT" uID="u16">
    <w>what<mor type="mor"><mw><pos><c>pro</c><s>int</s></pos><stem>what</stem></mw><gra type="gra" index="1" head="2" relation="MOD"/></mor></w>
    <w>sweetheart<mor type="mor"><mwc><pos><c>n</c></pos><mw><pos><c>n</c></pos><stem>sweet</stem></mw><mw><pos><c>n</c></pos><stem>heart</stem></mw></mwc><gra type="gra" index="2" head="0" relation="INCROOT"/></mor></w>
    <t type="q"><mor type="mor"><mt type="q"/><gra type="gra" index="3" head="2" relation="PUNCT"/></mor></t>
    <media
      start="32.896"
      end="33.096"
      unit="s"
    />
  </u>
  <u who="FAT" uID="u17">
    <w>what's<mor type="mor"><mw><pos><c>pro</c><s>int</s></pos><stem>what</stem></mw><gra type="gra" index="1" head="2" relation="SUBJ"/><mor-post><mw><pos><c>cop</c></pos><stem>be</stem><mk type="sfxf">3S</mk></mw><gra type="gra" index="2" head="0" relation="ROOT"/></mor-post></mor></w>
    <w>the<mor type="mor"><mw><pos><c>det</c><s>art</s></pos><stem>the</stem></mw><gra type="gra" index="3" head="4" relation="DET"/></mor></w>
    <w>matter<mor type="mor"><mw><pos><c>v</c></pos><stem>matter</stem></mw><gra type="gra" index="4" head="2" relation="CPRED"/></mor></w>
    <t type="p"><mor type="mor"><mt type="p"/><gra type="gra" index="5" head="2" relation="PUNCT"/></mor></t>
    <media
      start="33.096"
      end="35.881"
      unit="s"
    />
  </u>
  <u who="CHI" uID="u18">
    <w>Mommy<mor type="mor"><mw><pos><c>n</c><s>prop</s></pos><stem>Mommy</stem></mw><gra type="gra" index="1" head="0" relation="INCROOT"/></mor></w>
    <t type="p"><mor type="mor"><mt type="p"/><gra type="gra" index="2" head="1" relation="PUNCT"/></mor></t>
    <media
      start="35.881"
      end="36.981"
      unit="s"
    />
  </u>
  <u who="CHI" uID="u19">
    <w untranscribed="unintelligible">xxx</w>
    <t type="p"></t>
    <media
      start="36.981"
      end="39.833"
      unit="s"
    />
  </u>
  <u who="CHI" uID="u20">
    <w>yup<mor type="mor"><mw><pos><c>co</c></pos><stem>yup</stem></mw><gra type="gra" index="1" head="0" relation="INCROOT"/></mor></w>
    <t type="p"><mor type="mor"><mt type="p"/><gra type="gra" index="2" head="1" relation="PUNCT"/></mor></t>
    <media
      start="39.833"
      end="40.316"
      unit="s"
    />
  </u>
  <u who="CHI" uID="u21">
    <w>yup<mor type="mor"><mw><pos><c>co</c></pos><stem>yup</stem></mw><gra type="gra" index="1" head="0" relation="INCROOT"/></mor></w>
    <t type="p"><mor type="mor"><mt type="p"/><gra type="gra" index="2" head="1" relation="PUNCT"/></mor></t>
    <media
      start="40.316"
      end="41.852"
      unit="s"
    />
  </u>
  <u who="CHI" uID="u22">
    <w>yup<mor type="mor"><mw><pos><c>co</c></pos><stem>yup</stem></mw><gra type="gra" index="1" head="0" relation="INCROOT"/></mor></w>
    <t type="p"><mor type="mor"><mt type="p"/><gra type="gra" index="2" head="1" relation="PUNCT"/></mor></t>
    <media
      start="41.852"
      end="42.718"
      unit="s"
    />
  </u>
  <u who="CHI" uID="u23">
    <w>yup<mor type="mor"><mw><pos><c>co</c></pos><stem>yup</stem></mw><gra type="gra" index="1" head="0" relation="INCROOT"/></mor></w>
    <t type="p"><mor type="mor"><mt type="p"/><gra type="gra" index="2" head="1" relation="PUNCT"/></mor></t>
    <media
      start="42.718"
      end="44.054"
      unit="s"
    />
  </u>
  <u who="CHI" uID="u24">
    <w>Deorge<mor type="mor"><mw><pos><c>n</c><s>prop</s></pos><stem>Deorge</stem></mw><gra type="gra" index="1" head="0" relation="INCROOT"/></mor></w>
    <t type="p"><mor type="mor"><mt type="p"/><gra type="gra" index="2" head="1" relation="PUNCT"/></mor></t>

  </u>
  <u who="CHI" uID="u25">
    <w>George<mor type="mor"><mw><pos><c>n</c><s>prop</s></pos><stem>George</stem></mw><gra type="gra" index="1" head="0" relation="INCROOT"/></mor></w>
    <t type="p"><mor type="mor"><mt type="p"/><gra type="gra" index="2" head="1" relation="PUNCT"/></mor></t>

  </u>
  <u who="CHI" uID="u26">
    <w>play<mor type="mor"><mw><pos><c>n</c></pos><stem>play</stem></mw><gra type="gra" index="1" head="0" relation="INCROOT"/></mor></w>
    <t type="p"><mor type="mor"><mt type="p"/><gra type="gra" index="2" head="1" relation="PUNCT"/></mor></t>

  </u>
  <u who="CHI" uID="u27">
    <w>play<mor type="mor"><mw><pos><c>n</c></pos><stem>play</stem></mw><gra type="gra" index="1" head="0" relation="INCROOT"/></mor></w>
    <t type="p"><mor type="mor"><mt type="p"/><gra type="gra" index="2" head="1" relation="PUNCT"/></mor></t>

    <a type="paralinguistics">whining softly</a>
  </u>
  <u who="CHI" uID="u28">
    <w untranscribed="unintelligible">xxx</w>
    <t type="p"></t>

  </u>
  <u who="CHI" uID="u29">
    <w type="filler">uh</w>
    <w>tape<wk type="cmp"/><shortening>re</shortening>cord<shortening>er</shortening><mor type="mor"><mwc><pos><c>n</c></pos><mw><pos><c>n</c></pos><stem>tape</stem></mw><mw><pos><c>v</c></pos><stem>record</stem><mk type="sfxf">dv</mk><mk type="sfx">AGT</mk></mw></mwc><gra type="gra" index="1" head="0" relation="INCROOT"/></mor></w>
    <t type="p"><mor type="mor"><mt type="p"/><gra type="gra" index="2" head="1" relation="PUNCT"/></mor></t>
    <media
      start="83.054"
      end="85.254"
      unit="s"
    />
  </u>
  <u who="CHI" uID="u30">
    <w type="filler">uh</w>
    <w>tape<wk type="cmp"/><shortening>re</shortening>corder<mor type="mor"><mwc><pos><c>n</c></pos><mw><pos><c>n</c></pos><stem>tape</stem></mw><mw><pos><c>v</c></pos><stem>record</stem><mk type="sfxf">dv</mk><mk type="sfx">AGT</mk></mw></mwc><gra type="gra" index="1" head="0" relation="INCROOT"/></mor></w>
    <t type="p"><mor type="mor"><mt type="p"/><gra type="gra" index="2" head="1" relation="PUNCT"/></mor></t>
    <media
      start="85.254"
      end="86.922"
      unit="s"
    />
  </u>
  <u who="CHI" uID="u31">
    <w type="filler">uh</w>
    <w>see<mor type="mor"><mw><pos><c>v</c></pos><stem>see</stem></mw><gra type="gra" index="1" head="0" relation="ROOT"/></mor></w>
    <w>the<mor type="mor"><mw><pos><c>det</c><s>art</s></pos><stem>the</stem></mw><gra type="gra" index="2" head="3" relation="DET"/></mor></w>
    <w><shortening>re</shortening>corder<mor type="mor"><mw><pos><c>n</c></pos><stem>record</stem><mk type="sfxf">dv</mk><mk type="sfx">AGT</mk></mw><gra type="gra" index="3" head="1" relation="OBJ"/></mor></w>
    <t type="p"><mor type="mor"><mt type="p"/><gra type="gra" index="4" head="1" relation="PUNCT"/></mor></t>
    <media
      start="86.922"
      end="89.124"
      unit="s"
    />
  </u>
  <u who="CHI" uID="u32">
    <w type="filler">uh</w>
    <w>see<mor type="mor"><mw><pos><c>v</c></pos><stem>see</stem></mw><gra type="gra" index="1" head="0" relation="ROOT"/></mor></w>
    <w>the<mor type="mor"><mw><pos><c>det</c><s>art</s></pos><stem>the</stem></mw><gra type="gra" index="2" head="3" relation="DET"/></mor></w>
    <w><shortening>re</shortening>corder<mor type="mor"><mw><pos><c>n</c></pos><stem>record</stem><mk type="sfxf">dv</mk><mk type="sfx">AGT</mk></mw><gra type="gra" index="3" head="1" relation="OBJ"/></mor></w>
    <t type="p"><mor type="mor"><mt type="p"/><gra type="gra" index="4" head="1" relation="PUNCT"/></mor></t>
    <media
      start="89.124"
      end="90.724"
      unit="s"
    />
  </u>
  <u who="CHI" uID="u33">
    <w type="filler">uh</w>
    <w>see<mor type="mor"><mw><pos><c>co</c></pos><stem>see</stem></mw><gra type="gra" index="1" head="2" relation="COM"/></mor></w>
    <w><shortening>re</shortening>corder<mor type="mor"><mw><pos><c>n</c></pos><stem>record</stem><mk type="sfxf">dv</mk><mk type="sfx">AGT</mk></mw><gra type="gra" index="2" head="0" relation="INCROOT"/></mor></w>
    <t type="p"><mor type="mor"><mt type="p"/><gra type="gra" index="3" head="2" relation="PUNCT"/></mor></t>
    <media
      start="90.724"
      end="92.493"
      unit="s"
    />
  </u>
  <comment type="Tape Location">19</comment>
  <u who="CHI" uID="u34">
    <w>hi<mor type="mor"><mw><pos><c>co</c></pos><stem>hi</stem></mw><gra type="gra" index="1" head="2" relation="COM"/></mor></w>
    <w>Daddy<mor type="mor"><mw><pos><c>n</c><s>prop</s></pos><stem>Daddy</stem></mw><gra type="gra" index="2" head="0" relation="INCROOT"/></mor></w>
    <t type="p"><mor type="mor"><mt type="p"/><gra type="gra" index="3" head="2" relation="PUNCT"/></mor></t>
    <media
      start="99.493"
      end="100.259"
      unit="s"
    />
  </u>
  <u who="CHI" uID="u35">
    <w>hi<mor type="mor"><mw><pos><c>co</c></pos><stem>hi</stem></mw><gra type="gra" index="1" head="2" relation="COM"/></mor></w>
    <w>Daddy<mor type="mor"><mw><pos><c>n</c><s>prop</s></pos><stem>Daddy</stem></mw><gra type="gra" index="2" head="0" relation="INCROOT"/></mor></w>
    <t type="p"><mor type="mor"><mt type="p"/><gra type="gra" index="3" head="2" relation="PUNCT"/></mor></t>
    <media
      start="100.259"
      end="101.009"
      unit="s"
    />
  </u>
  <u who="FAT" uID="u36">
    <w>hi<mor type="mor"><mw><pos><c>co</c></pos><stem>hi</stem></mw><gra type="gra" index="1" head="2" relation="COM"/></mor></w>
    <w>Nomi<mor type="mor"><mw><pos><c>n</c><s>prop</s></pos><stem>Nomi</stem></mw><gra type="gra" index="2" head="0" relation="INCROOT"/></mor></w>
    <t type="p"><mor type="mor"><mt type="p"/><gra type="gra" index="3" head="2" relation="PUNCT"/></mor></t>
    <media
      start="101.009"
      end="101.209"
      unit="s"
    />
  </u>
  <u who="CHI" uID="u37">
    <w>peekaboo<mor type="mor"><mw><pos><c>v</c></pos><stem>peekaboo</stem></mw><gra type="gra" index="1" head="0" relation="ROOT"/></mor></w>
    <w>Daddy<mor type="mor"><mw><pos><c>n</c><s>prop</s></pos><stem>Daddy</stem></mw><gra type="gra" index="2" head="1" relation="OBJ"/></mor></w>
    <t type="p"><mor type="mor"><mt type="p"/><gra type="gra" index="3" head="1" relation="PUNCT"/></mor></t>
    <media
      start="101.209"
      end="103.878"
      unit="s"
    />
  </u>
  <u who="CHI" uID="u38">
    <w>peekaboo<mor type="mor"><mw><pos><c>v</c></pos><stem>peekaboo</stem></mw><gra type="gra" index="1" head="0" relation="ROOT"/></mor></w>
    <w>Daddy<mor type="mor"><mw><pos><c>n</c><s>prop</s></pos><stem>Daddy</stem></mw><gra type="gra" index="2" head="1" relation="OBJ"/></mor></w>
    <t type="p"><mor type="mor"><mt type="p"/><gra type="gra" index="3" head="1" relation="PUNCT"/></mor></t>
    <media
      start="103.878"
      end="105.647"
      unit="s"
    />
  </u>
  <u who="CHI" uID="u39">
    <w>peekaboo<mor type="mor"><mw><pos><c>v</c></pos><stem>peekaboo</stem></mw><gra type="gra" index="1" head="0" relation="ROOT"/></mor></w>
    <w>Daddy<mor type="mor"><mw><pos><c>n</c><s>prop</s></pos><stem>Daddy</stem></mw><gra type="gra" index="2" head="1" relation="OBJ"/></mor></w>
    <t type="p"><mor type="mor"><mt type="p"/><gra type="gra" index="3" head="1" relation="PUNCT"/></mor></t>
    <media
      start="105.647"
      end="106.680"
      unit="s"
    />
  </u>
  <u who="FAT" uID="u40">
    <w>peekaboo<mor type="mor"><mw><pos><c>v</c></pos><stem>peekaboo</stem></mw><gra type="gra" index="1" head="0" relation="ROOT"/></mor></w>
    <w>Nomi<mor type="mor"><mw><pos><c>n</c><s>prop</s></pos><stem>Nomi</stem></mw><gra type="gra" index="2" head="1" relation="OBJ"/></mor></w>
    <t type="p"><mor type="mor"><mt type="p"/><gra type="gra" index="3" head="1" relation="PUNCT"/></mor></t>
    <media
      start="106.680"
      end="108.682"
      unit="s"
    />
  </u>
  <u who="FAT" uID="u41">
    <w>oh<mor type="mor"><mw><pos><c>co</c></pos><stem>oh</stem></mw><gra type="gra" index="1" head="0" relation="INCROOT"/></mor></w>
    <t type="p"><mor type="mor"><mt type="p"/><gra type="gra" index="2" head="1" relation="PUNCT"/></mor></t>
    <media
      start="108.682"
      end="109.499"
      unit="s"
    />
  </u>
  <u who="CHI" uID="u42">
    <w>hi<mor type="mor"><mw><pos><c>co</c></pos><stem>hi</stem></mw><gra type="gra" index="1" head="2" relation="COM"/></mor></w>
    <w>Daddy<mor type="mor"><mw><pos><c>n</c><s>prop</s></pos><stem>Daddy</stem></mw><gra type="gra" index="2" head="0" relation="INCROOT"/></mor></w>
    <t type="p"><mor type="mor"><mt type="p"/><gra type="gra" index="3" head="2" relation="PUNCT"/></mor></t>
    <media
      start="109.499"
      end="110.265"
      unit="s"
    />
  </u>
  <u who="CHI" uID="u43">
    <w>Daddy<mor type="mor"><mw><pos><c>n</c><s>prop</s></pos><stem>Daddy</stem></mw><gra type="gra" index="1" head="0" relation="INCROOT"/></mor></w>
    <t type="p"><mor type="mor"><mt type="p"/><gra type="gra" index="2" head="1" relation="PUNCT"/></mor></t>
    <media
      start="110.265"
      end="112.651"
      unit="s"
    />
  </u>
  <u who="CHI" uID="u44">
    <w>Daddy<mor type="mor"><mw><pos><c>n</c><s>prop</s></pos><stem>Daddy</stem></mw><gra type="gra" index="1" head="0" relation="INCROOT"/></mor></w>
    <t type="p"><mor type="mor"><mt type="p"/><gra type="gra" index="2" head="1" relation="PUNCT"/></mor></t>
    <media
      start="112.651"
      end="113.451"
      unit="s"
    />
  </u>
  <u who="CHI" uID="u45">
    <w>Daddy<mor type="mor"><mw><pos><c>n</c><s>prop</s></pos><stem>Daddy</stem></mw><gra type="gra" index="1" head="0" relation="INCROOT"/></mor></w>
    <t type="p"><mor type="mor"><mt type="p"/><gra type="gra" index="2" head="1" relation="PUNCT"/></mor></t>
    <media
      start="113.451"
      end="115.186"
      unit="s"
    />
  </u>
  <u who="CHI" uID="u46">
    <w>Daddy<mor type="mor"><mw><pos><c>n</c><s>prop</s></pos><stem>Daddy</stem></mw><gra type="gra" index="1" head="0" relation="INCROOT"/></mor></w>
    <t type="p"><mor type="mor"><mt type="p"/><gra type="gra" index="2" head="1" relation="PUNCT"/></mor></t>
    <media
      start="115.186"
      end="116.469"
      unit="s"
    />
  </u>
  <u who="CHI" uID="u47">
    <w>Daddy<mor type="mor"><mw><pos><c>n</c><s>prop</s></pos><stem>Daddy</stem></mw><gra type="gra" index="1" head="0" relation="INCROOT"/></mor></w>
    <t type="p"><mor type="mor"><mt type="p"/><gra type="gra" index="2" head="1" relation="PUNCT"/></mor></t>
    <media
      start="116.469"
      end="120.572"
      unit="s"
    />
  </u>
  <u who="CHI" uID="u48">
    <w untranscribed="unintelligible">xxx</w>
    <t type="p"></t>
    <media
      start="120.572"
      end="125.141"
      unit="s"
    />
  </u>
  <u who="CHI" uID="u49">
    <w>look<mor type="mor"><mw><pos><c>v</c></pos><stem>look</stem></mw><gra type="gra" index="1" head="0" relation="ROOT"/></mor></w>
    <w>arms<mor type="mor"><mw><pos><c>n</c></pos><stem>arm</stem><mk type="sfx">PL</mk></mw><gra type="gra" index="2" head="1" relation="OBJ"/></mor></w>
    <t type="p"><mor type="mor"><mt type="p"/><gra type="gra" index="3" head="1" relation="PUNCT"/></mor></t>
    <media
      start="125.141"
      end="129.095"
      unit="s"
    />
  </u>
  <comment type="Tape Location">24</comment>
  <u who="CHI" uID="u50">
    <w>see<mor type="mor"><mw><pos><c>v</c></pos><stem>see</stem></mw><gra type="gra" index="1" head="0" relation="ROOT"/></mor></w>
    <w>my<mor type="mor"><mw><pos><c>det</c><s>poss</s></pos><stem>my</stem></mw><gra type="gra" index="2" head="3" relation="DET"/></mor></w>
    <w>arms<mor type="mor"><mw><pos><c>n</c></pos><stem>arm</stem><mk type="sfx">PL</mk></mw><gra type="gra" index="3" head="1" relation="OBJ"/></mor></w>
    <t type="p"><mor type="mor"><mt type="p"/><gra type="gra" index="4" head="1" relation="PUNCT"/></mor></t>
    <media
      start="129.095"
      end="130.862"
      unit="s"
    />
  </u>
  <u who="CHI" uID="u51">
    <w>what's<mor type="mor"><mw><pos><c>pro</c><s>int</s></pos><stem>what</stem></mw><gra type="gra" index="1" head="2" relation="SUBJ"/><mor-post><mw><pos><c>cop</c></pos><stem>be</stem><mk type="sfxf">3S</mk></mw><gra type="gra" index="2" head="0" relation="ROOT"/></mor-post></mor></w>
    <w>on<mor type="mor"><mw><pos><c>prep</c></pos><stem>on</stem></mw><gra type="gra" index="3" head="2" relation="JCT"/></mor></w>
    <w>my<mor type="mor"><mw><pos><c>det</c><s>poss</s></pos><stem>my</stem></mw><gra type="gra" index="4" head="5" relation="DET"/></mor></w>
    <w>arms<mor type="mor"><mw><pos><c>n</c></pos><stem>arm</stem><mk type="sfx">PL</mk></mw><gra type="gra" index="5" head="3" relation="POBJ"/></mor></w>
    <t type="q"><mor type="mor"><mt type="q"/><gra type="gra" index="6" head="2" relation="PUNCT"/></mor></t>
    <media
      start="130.862"
      end="133.562"
      unit="s"
    />
  </u>
  <u who="CHI" uID="u52">
    <w>what's<mor type="mor"><mw><pos><c>pro</c><s>int</s></pos><stem>what</stem></mw><gra type="gra" index="1" head="2" relation="SUBJ"/><mor-post><mw><pos><c>cop</c></pos><stem>be</stem><mk type="sfxf">3S</mk></mw><gra type="gra" index="2" head="0" relation="ROOT"/></mor-post></mor></w>
    <w>on<mor type="mor"><mw><pos><c>prep</c></pos><stem>on</stem></mw><gra type="gra" index="3" head="2" relation="JCT"/></mor></w>
    <w>my<mor type="mor"><mw><pos><c>det</c><s>poss</s></pos><stem>my</stem></mw><gra type="gra" index="4" head="5" relation="DET"/></mor></w>
    <w>arms<mor type="mor"><mw><pos><c>n</c></pos><stem>arm</stem><mk type="sfx">PL</mk></mw><gra type="gra" index="5" head="3" relation="POBJ"/></mor></w>
    <t type="q"><mor type="mor"><mt type="q"/><gra type="gra" index="6" head="2" relation="PUNCT"/></mor></t>
    <media
      start="133.562"
      end="135.247"
      unit="s"
    />
  </u>
  <u who="CHI" uID="u53">
    <w>what's<mor type="mor"><mw><pos><c>pro</c><s>int</s></pos><stem>what</stem></mw><gra type="gra" index="1" head="2" relation="SUBJ"/><mor-post><mw><pos><c>cop</c></pos><stem>be</stem><mk type="sfxf">3S</mk></mw><gra type="gra" index="2" head="0" relation="ROOT"/></mor-post></mor></w>
    <w>on<mor type="mor"><mw><pos><c>prep</c></pos><stem>on</stem></mw><gra type="gra" index="3" head="2" relation="JCT"/></mor></w>
    <w>my<mor type="mor"><mw><pos><c>det</c><s>poss</s></pos><stem>my</stem></mw><gra type="gra" index="4" head="5" relation="DET"/></mor></w>
    <w>arms<mor type="mor"><mw><pos><c>n</c></pos><stem>arm</stem><mk type="sfx">PL</mk></mw><gra type="gra" index="5" head="3" relation="POBJ"/></mor></w>
    <t type="q"><mor type="mor"><mt type="q"/><gra type="gra" index="6" head="2" relation="PUNCT"/></mor></t>
    <media
      start="135.247"
      end="138.282"
      unit="s"
    />
  </u>
  <u who="CHI" uID="u54">
    <w>what<mor type="mor"><mw><pos><c>pro</c><s>int</s></pos><stem>what</stem></mw><gra type="gra" index="1" head="0" relation="INCROOT"/></mor></w>
    <w>on<mor type="mor"><mw><pos><c>prep</c></pos><stem>on</stem></mw><gra type="gra" index="2" head="1" relation="JCT"/></mor></w>
    <w>my<mor type="mor"><mw><pos><c>det</c><s>poss</s></pos><stem>my</stem></mw><gra type="gra" index="3" head="4" relation="DET"/></mor></w>
    <w>arms<mor type="mor"><mw><pos><c>n</c></pos><stem>arm</stem><mk type="sfx">PL</mk></mw><gra type="gra" index="4" head="2" relation="POBJ"/></mor></w>
    <t type="q"><mor type="mor"><mt type="q"/><gra type="gra" index="5" head="1" relation="PUNCT"/></mor></t>
    <media
      start="138.282"
      end="140.401"
      unit="s"
    />
  </u>
  <u who="CHI" uID="u55">
    <w>what's<mor type="mor"><mw><pos><c>pro</c><s>int</s></pos><stem>what</stem></mw><gra type="gra" index="1" head="2" relation="SUBJ"/><mor-post><mw><pos><c>cop</c></pos><stem>be</stem><mk type="sfxf">3S</mk></mw><gra type="gra" index="2" head="0" relation="ROOT"/></mor-post></mor></w>
    <w>my<mor type="mor"><mw><pos><c>det</c><s>poss</s></pos><stem>my</stem></mw><gra type="gra" index="3" head="4" relation="DET"/></mor></w>
    <w>arms<mor type="mor"><mw><pos><c>n</c></pos><stem>arm</stem><mk type="sfx">PL</mk></mw><gra type="gra" index="4" head="2" relation="PRED"/></mor></w>
    <t type="q"><mor type="mor"><mt type="q"/><gra type="gra" index="5" head="2" relation="PUNCT"/></mor></t>
    <media
      start="140.401"
      end="143.336"
      unit="s"
    />
  </u>
  <u who="CHI" uID="u56">
    <w>boat<mor type="mor"><mw><pos><c>n</c></pos><stem>boat</stem></mw><gra type="gra" index="1" head="0" relation="INCROOT"/></mor></w>
    <t type="q"><mor type="mor"><mt type="q"/><gra type="gra" index="2" head="1" relation="PUNCT"/></mor></t>
    <media
      start="143.336"
      end="148.907"
      unit="s"
    />
  </u>
  <u who="CHI" uID="u57">
    <w>yup<mor type="mor"><mw><pos><c>co</c></pos><stem>yup</stem></mw><gra type="gra" index="1" head="0" relation="INCROOT"/></mor></w>
    <t type="p"><mor type="mor"><mt type="p"/><gra type="gra" index="2" head="1" relation="PUNCT"/></mor></t>
    <media
      start="148.907"
      end="150.624"
      unit="s"
    />
  </u>
  <u who="CHI" uID="u58">
    <w>yup<mor type="mor"><mw><pos><c>co</c></pos><stem>yup</stem></mw><gra type="gra" index="1" head="0" relation="INCROOT"/></mor></w>
    <t type="p"><mor type="mor"><mt type="p"/><gra type="gra" index="2" head="1" relation="PUNCT"/></mor></t>
    <media
      start="150.624"
      end="152.375"
      unit="s"
    />
  </u>
  <u who="CHI" uID="u59">
    <w>you<mor type="mor"><mw><pos><c>pro</c><s>per</s></pos><stem>you</stem></mw><gra type="gra" index="1" head="2" relation="SUBJ"/></mor></w>
    <w>go<mor type="mor"><mw><pos><c>v</c></pos><stem>go</stem></mw><gra type="gra" index="2" head="0" relation="ROOT"/></mor></w>
    <w>up<mor type="mor"><mw><pos><c>adv</c></pos><stem>up</stem></mw><gra type="gra" index="3" head="2" relation="JCT"/></mor></w>
    <t type="p"><mor type="mor"><mt type="p"/><gra type="gra" index="4" head="2" relation="PUNCT"/></mor></t>
    <media
      start="152.375"
      end="153.191"
      unit="s"
    />
  </u>
  <u who="CHI" uID="u60">
    <w>o<p type="drawl"/>h<mor type="mor"><mw><pos><c>co</c></pos><stem>oh</stem></mw><gra type="gra" index="1" head="2" relation="COM"/></mor></w>
    <w>yup<mor type="mor"><mw><pos><c>co</c></pos><stem>yup</stem></mw><gra type="gra" index="2" head="0" relation="INCROOT"/></mor></w>
    <t type="p"><mor type="mor"><mt type="p"/><gra type="gra" index="3" head="2" relation="PUNCT"/></mor></t>
    <media
      start="153.191"
      end="156.677"
      unit="s"
    />
  </u>
  <u who="CHI" uID="u61">
    <w>again<mor type="mor"><mw><pos><c>adv</c></pos><stem>again</stem></mw><gra type="gra" index="1" head="0" relation="INCROOT"/></mor></w>
    <t type="p"><mor type="mor"><mt type="p"/><gra type="gra" index="2" head="1" relation="PUNCT"/></mor></t>
    <media
      start="164.677"
      end="166.627"
      unit="s"
    />
  </u>
  <u who="CHI" uID="u62">
    <w>o<p type="drawl"/>h<mor type="mor"><mw><pos><c>co</c></pos><stem>oh</stem></mw><gra type="gra" index="1" head="2" relation="COM"/></mor></w>
    <w>yup<mor type="mor"><mw><pos><c>co</c></pos><stem>yup</stem></mw><gra type="gra" index="2" head="0" relation="INCROOT"/></mor></w>
    <t type="p"><mor type="mor"><mt type="p"/><gra type="gra" index="3" head="2" relation="PUNCT"/></mor></t>
    <media
      start="166.627"
      end="171.181"
      unit="s"
    />
  </u>
  <u who="CHI" uID="u63">
    <w>o<p type="drawl"/>h<mor type="mor"><mw><pos><c>co</c></pos><stem>oh</stem></mw><gra type="gra" index="1" head="2" relation="COM"/></mor></w>
    <w>yup<mor type="mor"><mw><pos><c>co</c></pos><stem>yup</stem></mw><gra type="gra" index="2" head="0" relation="INCROOT"/></mor></w>
    <t type="p"><mor type="mor"><mt type="p"/><gra type="gra" index="3" head="2" relation="PUNCT"/></mor></t>
    <media
      start="171.181"
      end="172.664"
      unit="s"
    />
  </u>
  <u who="CHI" uID="u64">
    <w>get<mor type="mor"><mw><pos><c>v</c></pos><stem>get</stem></mw><gra type="gra" index="1" head="0" relation="ROOT"/></mor></w>
    <w>up<mor type="mor"><mw><pos><c>adv</c></pos><stem>up</stem></mw><gra type="gra" index="2" head="1" relation="JCT"/></mor></w>
    <t type="p"><mor type="mor"><mt type="p"/><gra type="gra" index="3" head="1" relation="PUNCT"/></mor></t>
    <media
      start="172.664"
      end="173.966"
      unit="s"
    />
  </u>
  <u who="CHI" uID="u65">
    <w>get<mor type="mor"><mw><pos><c>v</c></pos><stem>get</stem></mw><gra type="gra" index="1" head="0" relation="ROOT"/></mor></w>
    <w>up<mor type="mor"><mw><pos><c>adv</c></pos><stem>up</stem></mw><gra type="gra" index="2" head="1" relation="JCT"/></mor></w>
    <t type="p"><mor type="mor"><mt type="p"/><gra type="gra" index="3" head="1" relation="PUNCT"/></mor></t>
    <media
      start="173.966"
      end="175.749"
      unit="s"
    />
  </u>
  <u who="CHI" uID="u66">
    <w>yup<mor type="mor"><mw><pos><c>co</c></pos><stem>yup</stem></mw><gra type="gra" index="1" head="0" relation="INCROOT"/></mor></w>
    <t type="p"><mor type="mor"><mt type="p"/><gra type="gra" index="2" head="1" relation="PUNCT"/></mor></t>
    <media
      start="175.749"
      end="177.485"
      unit="s"
    />
  </u>
  <u who="CHI" uID="u67">
    <w>yup<mor type="mor"><mw><pos><c>co</c></pos><stem>yup</stem></mw><gra type="gra" index="1" head="0" relation="INCROOT"/></mor></w>
    <t type="p"><mor type="mor"><mt type="p"/><gra type="gra" index="2" head="1" relation="PUNCT"/></mor></t>
    <media
      start="177.485"
      end="178.151"
      unit="s"
    />
  </u>
  <u who="CHI" uID="u68">
    <g><w>yum</w>
    <w>yum</w>
    <w>yum</w><k type="retracing"/></g>
    <w>yum<mor type="mor"><mw><pos><c>n</c></pos><stem>yum</stem></mw><gra type="gra" index="1" head="0" relation="INCROOT"/></mor></w>
    <t type="p"><mor type="mor"><mt type="p"/><gra type="gra" index="2" head="1" relation="PUNCT"/></mor></t>
    <media
      start="178.151"
      end="180.453"
      unit="s"
    />
  </u>
  <u who="CHI" uID="u69">
    <w>get<mor type="mor"><mw><pos><c>v</c></pos><stem>get</stem></mw><gra type="gra" index="1" head="0" relation="ROOT"/></mor></w>
    <w>me<mor type="mor"><mw><pos><c>pro</c><s>obj</s></pos><stem>me</stem></mw><gra type="gra" index="2" head="1" relation="OBJ"/></mor></w>
    <w>up<mor type="mor"><mw><pos><c>adv</c></pos><stem>up</stem></mw><gra type="gra" index="3" head="1" relation="JCT"/></mor></w>
    <t type="p"><mor type="mor"><mt type="p"/><gra type="gra" index="4" head="1" relation="PUNCT"/></mor></t>
    <media
      start="180.453"
      end="183.739"
      unit="s"
    />
  </u>
  <u who="CHI" uID="u70">
    <w>get<mor type="mor"><mw><pos><c>v</c></pos><stem>get</stem></mw><gra type="gra" index="1" head="0" relation="ROOT"/></mor></w>
    <w>you<mor type="mor"><mw><pos><c>pro</c><s>per</s></pos><stem>you</stem></mw><gra type="gra" index="2" head="1" relation="OBJ"/></mor></w>
    <w>up<mor type="mor"><mw><pos><c>adv</c></pos><stem>up</stem></mw><gra type="gra" index="3" head="1" relation="JCT"/></mor></w>
    <t type="p"><mor type="mor"><mt type="p"/><gra type="gra" index="4" head="1" relation="PUNCT"/></mor></t>
    <media
      start="183.739"
      end="185.690"
      unit="s"
    />
  </u>
  <u who="CHI" uID="u71">
    <w>get<mor type="mor"><mw><pos><c>v</c></pos><stem>get</stem></mw><gra type="gra" index="1" head="0" relation="ROOT"/></mor></w>
    <w>you<mor type="mor"><mw><pos><c>pro</c><s>per</s></pos><stem>you</stem></mw><gra type="gra" index="2" head="1" relation="OBJ"/></mor></w>
    <w>up<mor type="mor"><mw><pos><c>adv</c></pos><stem>up</stem></mw><gra type="gra" index="3" head="1" relation="JCT"/></mor></w>
    <t type="p"><mor type="mor"><mt type="p"/><gra type="gra" index="4" head="1" relation="PUNCT"/></mor></t>
    <media
      start="185.690"
      end="186.607"
      unit="s"
    />
  </u>
  <u who="CHI" uID="u72">
    <w>I'm<mor type="mor"><mw><pos><c>pro</c><s>sub</s></pos><stem>I</stem></mw><gra type="gra" index="1" head="3" relation="SUBJ"/><mor-post><mw><pos><c>aux</c></pos><stem>be</stem><mk type="sfxf">1S</mk></mw><gra type="gra" index="2" head="3" relation="AUX"/></mor-post></mor></w>
    <w>getting<mor type="mor"><mw><pos><c>part</c></pos><stem>get</stem><mk type="sfx">PRESP</mk></mw><gra type="gra" index="3" head="0" relation="ROOT"/></mor></w>
    <w>you<mor type="mor"><mw><pos><c>pro</c><s>per</s></pos><stem>you</stem></mw><gra type="gra" index="4" head="3" relation="OBJ"/></mor></w>
    <w>up<mor type="mor"><mw><pos><c>adv</c></pos><stem>up</stem></mw><gra type="gra" index="5" head="3" relation="JCT"/></mor></w>
    <t type="p"><mor type="mor"><mt type="p"/><gra type="gra" index="6" head="3" relation="PUNCT"/></mor></t>
    <media
      start="186.606"
      end="189.308"
      unit="s"
    />
  </u>
  <comment type="Tape Location">36</comment>
  <u who="CHI" uID="u73">
    <w>getting<mor type="mor"><mw><pos><c>part</c></pos><stem>get</stem><mk type="sfx">PRESP</mk></mw><gra type="gra" index="1" head="0" relation="INCROOT"/></mor></w>
    <w>getting<mor type="mor"><mw><pos><c>part</c></pos><stem>get</stem><mk type="sfx">PRESP</mk></mw><gra type="gra" index="2" head="1" relation="XJCT"/></mor></w>
    <w>you<mor type="mor"><mw><pos><c>pro</c><s>per</s></pos><stem>you</stem></mw><gra type="gra" index="3" head="2" relation="OBJ"/></mor></w>
    <t type="p"><mor type="mor"><mt type="p"/><gra type="gra" index="4" head="1" relation="PUNCT"/></mor></t>
    <media
      start="189.308"
      end="198.314"
      unit="s"
    />
  </u>
  <u who="CHI" uID="u74">
    <w>you<mor type="mor"><mw><pos><c>pro</c><s>per</s></pos><stem>you</stem></mw><gra type="gra" index="1" head="0" relation="INCROOT"/></mor></w>
    <t type="p"><mor type="mor"><mt type="p"/><gra type="gra" index="2" head="1" relation="PUNCT"/></mor></t>
    <media
      start="198.314"
      end="201.700"
      unit="s"
    />
  </u>
  <u who="CHI" uID="u75">
    <w untranscribed="unintelligible">xxx</w>
    <t type="p"></t>
    <media
      start="201.700"
      end="203.135"
      unit="s"
    />
  </u>
  <u who="CHI" uID="u76">
    <w>get<mor type="mor"><mw><pos><c>v</c></pos><stem>get</stem></mw><gra type="gra" index="1" head="0" relation="ROOT"/></mor></w>
    <w>me<mor type="mor"><mw><pos><c>pro</c><s>obj</s></pos><stem>me</stem></mw><gra type="gra" index="2" head="1" relation="OBJ"/></mor></w>
    <w>up<mor type="mor"><mw><pos><c>adv</c></pos><stem>up</stem></mw><gra type="gra" index="3" head="1" relation="JCT"/></mor></w>
    <t type="p"><mor type="mor"><mt type="p"/><gra type="gra" index="4" head="1" relation="PUNCT"/></mor></t>
    <media
      start="203.135"
      end="204.318"
      unit="s"
    />
  </u>
  <u who="CHI" uID="u77">
    <w>get<mor type="mor"><mw><pos><c>v</c></pos><stem>get</stem></mw><gra type="gra" index="1" head="0" relation="ROOT"/></mor></w>
    <w>me<mor type="mor"><mw><pos><c>pro</c><s>obj</s></pos><stem>me</stem></mw><gra type="gra" index="2" head="1" relation="OBJ"/></mor></w>
    <w>up<mor type="mor"><mw><pos><c>adv</c></pos><stem>up</stem></mw><gra type="gra" index="3" head="1" relation="JCT"/></mor></w>
    <t type="p"><mor type="mor"><mt type="p"/><gra type="gra" index="4" head="1" relation="PUNCT"/></mor></t>
    <media
      start="204.318"
      end="206.004"
      unit="s"
    />
  </u>
  <u who="CHI" uID="u78">
    <w>get<mor type="mor"><mw><pos><c>v</c></pos><stem>get</stem></mw><gra type="gra" index="1" head="0" relation="ROOT"/></mor></w>
    <w>me<mor type="mor"><mw><pos><c>pro</c><s>obj</s></pos><stem>me</stem></mw><gra type="gra" index="2" head="1" relation="OBJ"/></mor></w>
    <t type="p"><mor type="mor"><mt type="p"/><gra type="gra" index="3" head="1" relation="PUNCT"/></mor></t>
    <media
      start="206.004"
      end="207.870"
      unit="s"
    />
  </u>
  <u who="CHI" uID="u79">
    <w>get<mor type="mor"><mw><pos><c>v</c></pos><stem>get</stem></mw><gra type="gra" index="1" head="0" relation="ROOT"/></mor></w>
    <w>me<mor type="mor"><mw><pos><c>pro</c><s>obj</s></pos><stem>me</stem></mw><gra type="gra" index="2" head="1" relation="OBJ"/></mor></w>
    <t type="p"><mor type="mor"><mt type="p"/><gra type="gra" index="3" head="1" relation="PUNCT"/></mor></t>
    <media
      start="207.870"
      end="209.039"
      unit="s"
    />
  </u>
  <u who="CHI" uID="u80">
    <w>get<mor type="mor"><mw><pos><c>v</c></pos><stem>get</stem></mw><gra type="gra" index="1" head="0" relation="ROOT"/></mor></w>
    <w>me<mor type="mor"><mw><pos><c>pro</c><s>obj</s></pos><stem>me</stem></mw><gra type="gra" index="2" head="1" relation="OBJ"/></mor></w>
    <t type="p"><mor type="mor"><mt type="p"/><gra type="gra" index="3" head="1" relation="PUNCT"/></mor></t>
    <media
      start="209.039"
      end="210.989"
      unit="s"
    />
  </u>
  <u who="CHI" uID="u81">
    <w type="filler">uh</w>
    <w>George<mor type="mor"><mw><pos><c>n</c><s>prop</s></pos><stem>George</stem></mw><gra type="gra" index="1" head="0" relation="INCROOT"/></mor></w>
    <t type="p"><mor type="mor"><mt type="p"/><gra type="gra" index="2" head="1" relation="PUNCT"/></mor></t>
    <media
      start="210.989"
      end="213.758"
      unit="s"
    />
  </u>
  <u who="CHI" uID="u82">
    <w type="filler">uh</w>
    <w>George<mor type="mor"><mw><pos><c>n</c><s>prop</s></pos><stem>George</stem></mw><gra type="gra" index="1" head="0" relation="INCROOT"/></mor></w>
    <t type="p"><mor type="mor"><mt type="p"/><gra type="gra" index="2" head="1" relation="PUNCT"/></mor></t>
    <media
      start="213.758"
      end="215.043"
      unit="s"
    />
  </u>
  <u who="CHI" uID="u83">
    <w>George<mor type="mor"><mw><pos><c>n</c><s>prop</s></pos><stem>George</stem></mw><gra type="gra" index="1" head="0" relation="INCROOT"/></mor></w>
    <t type="p"><mor type="mor"><mt type="p"/><gra type="gra" index="2" head="1" relation="PUNCT"/></mor></t>
    <media
      start="215.043"
      end="215.793"
      unit="s"
    />
  </u>
  <u who="CHI" uID="u84">
    <w type="filler">uh</w>
    <w>George<mor type="mor"><mw><pos><c>n</c><s>prop</s></pos><stem>George</stem></mw><gra type="gra" index="1" head="0" relation="INCROOT"/></mor></w>
    <t type="p"><mor type="mor"><mt type="p"/><gra type="gra" index="2" head="1" relation="PUNCT"/></mor></t>
    <media
      start="215.793"
      end="216.493"
      unit="s"
    />
  </u>
  <u who="CHI" uID="u85">
    <w type="filler">uh</w>
    <w>Georgie<mor type="mor"><mw><pos><c>n</c><s>prop</s></pos><stem>Georgie</stem></mw><gra type="gra" index="1" head="0" relation="INCROOT"/></mor></w>
    <t type="p"><mor type="mor"><mt type="p"/><gra type="gra" index="2" head="1" relation="PUNCT"/></mor></t>
    <media
      start="216.493"
      end="218.062"
      unit="s"
    />
  </u>
  <u who="CHI" uID="u86">
    <w type="filler">uh</w>
    <w>George<mor type="mor"><mw><pos><c>n</c><s>prop</s></pos><stem>George</stem></mw><gra type="gra" index="1" head="0" relation="INCROOT"/></mor></w>
    <t type="p"><mor type="mor"><mt type="p"/><gra type="gra" index="2" head="1" relation="PUNCT"/></mor></t>
    <media
      start="218.062"
      end="219.062"
      unit="s"
    />
  </u>
  <u who="CHI" uID="u87">
    <w>Georgie<mor type="mor"><mw><pos><c>n</c><s>prop</s></pos><stem>Georgie</stem></mw><gra type="gra" index="1" head="0" relation="INCROOT"/></mor></w>
    <t type="p"><mor type="mor"><mt type="p"/><gra type="gra" index="2" head="1" relation="PUNCT"/></mor></t>
    <media
      start="219.062"
      end="221.364"
      unit="s"
    />
  </u>
  <u who="CHI" uID="u88">
    <w type="filler">uh</w>
    <w>Georgie<mor type="mor"><mw><pos><c>n</c><s>prop</s></pos><stem>Georgie</stem></mw><gra type="gra" index="1" head="0" relation="INCROOT"/></mor></w>
    <t type="p"><mor type="mor"><mt type="p"/><gra type="gra" index="2" head="1" relation="PUNCT"/></mor></t>
    <media
      start="221.364"
      end="223.966"
      unit="s"
    />
  </u>
  <u who="CHI" uID="u89">
    <w type="filler">uh</w>
    <w>Georgie<mor type="mor"><mw><pos><c>n</c><s>prop</s></pos><stem>Georgie</stem></mw><gra type="gra" index="1" head="0" relation="INCROOT"/></mor></w>
    <t type="p"><mor type="mor"><mt type="p"/><gra type="gra" index="2" head="1" relation="PUNCT"/></mor></t>
    <media
      start="223.966"
      end="225.282"
      unit="s"
    />
    <a type="paralinguistics">&lt;aft&gt; cries</a>
  </u>
  <comment type="Tape Location">44</comment>
  <u who="CHI" uID="u90">
    <w>what's<mor type="mor"><mw><pos><c>pro</c><s>int</s></pos><stem>what</stem></mw><gra type="gra" index="1" head="2" relation="SUBJ"/><mor-post><mw><pos><c>cop</c></pos><stem>be</stem><mk type="sfxf">3S</mk></mw><gra type="gra" index="2" head="0" relation="ROOT"/></mor-post></mor></w>
    <w>wrong<mor type="mor"><mw><pos><c>n</c></pos><stem>wrong</stem></mw><gra type="gra" index="3" head="2" relation="PRED"/></mor></w>
    <t type="q"><mor type="mor"><mt type="q"/><gra type="gra" index="4" head="2" relation="PUNCT"/></mor></t>

  </u>
  <u who="CHI" uID="u91">
    <w>peekaboo<mor type="mor"><mw><pos><c>co</c></pos><stem>peekaboo</stem></mw><gra type="gra" index="1" head="0" relation="INCROOT"/></mor></w>
    <t type="p"><mor type="mor"><mt type="p"/><gra type="gra" index="2" head="1" relation="PUNCT"/></mor></t>
    <media
      start="257.389"
      end="258.655"
      unit="s"
    />
  </u>
  <u who="CHI" uID="u92">
    <w>peekaboo<mor type="mor"><mw><pos><c>co</c></pos><stem>peekaboo</stem></mw><gra type="gra" index="1" head="0" relation="INCROOT"/></mor></w>
    <t type="p"><mor type="mor"><mt type="p"/><gra type="gra" index="2" head="1" relation="PUNCT"/></mor></t>
    <media
      start="258.655"
      end="260.424"
      unit="s"
    />
  </u>
  <u who="CHI" uID="u93">
    <w>peekaboo<mor type="mor"><mw><pos><c>co</c></pos><stem>peekaboo</stem></mw><gra type="gra" index="1" head="0" relation="INCROOT"/></mor></w>
    <t type="p"><mor type="mor"><mt type="p"/><gra type="gra" index="2" head="1" relation="PUNCT"/></mor></t>
    <media
      start="260.424"
      end="262.057"
      unit="s"
    />
  </u>
  <u who="FAT" uID="u94">
    <w>come<mor type="mor"><mw><pos><c>v</c></pos><stem>come</stem></mw><gra type="gra" index="1" head="0" relation="ROOT"/></mor></w>
    <w>in<mor type="mor"><mw><pos><c>adv</c></pos><stem>in</stem></mw><gra type="gra" index="2" head="1" relation="JCT"/></mor></w>
    <t type="p"><mor type="mor"><mt type="p"/><gra type="gra" index="3" head="1" relation="PUNCT"/></mor></t>
    <media
      start="262.057"
      end="266.845"
      unit="s"
    />
    <a type="comments">knocking sound</a>
  </u>
  <u who="CHI" uID="u95">
    <w>Mommy<mor type="mor"><mw><pos><c>n</c><s>prop</s></pos><stem>Mommy</stem></mw><gra type="gra" index="1" head="0" relation="INCROOT"/></mor></w>
    <t type="p"><mor type="mor"><mt type="p"/><gra type="gra" index="2" head="1" relation="PUNCT"/></mor></t>
    <media
      start="266.845"
      end="270.047"
      unit="s"
    />
  </u>
  <u who="CHI" uID="u96">
    <w>Mommy<mor type="mor"><mw><pos><c>n</c><s>prop</s></pos><stem>Mommy</stem></mw><gra type="gra" index="1" head="0" relation="INCROOT"/></mor></w>
    <t type="p"><mor type="mor"><mt type="p"/><gra type="gra" index="2" head="1" relation="PUNCT"/></mor></t>
    <media
      start="270.047"
      end="270.747"
      unit="s"
    />
  </u>
  <u who="FAT" uID="u97">
    <w>that's<mor type="mor"><mw><pos><c>pro</c><s>dem</s></pos><stem>that</stem></mw><gra type="gra" index="1" head="2" relation="SUBJ"/><mor-post><mw><pos><c>cop</c></pos><stem>be</stem><mk type="sfxf">3S</mk></mw><gra type="gra" index="2" head="5" relation="SUBJ"/></mor-post></mor></w>
    <w>is<mor type="mor"><mw><pos><c>cop</c></pos><stem>be</stem><mk type="sfxf">3S</mk></mw><gra type="gra" index="3" head="5" relation="AUX"/></mor></w>
    <w>Nomi<mor type="mor"><mw><pos><c>n</c><s>prop</s></pos><stem>Nomi</stem></mw><gra type="gra" index="4" head="5" relation="SUBJ"/></mor></w>
    <pause symbolic-length="simple"/>
    <w>get<mor type="mor"><mw><pos><c>v</c></pos><stem>get</stem></mw><gra type="gra" index="5" head="0" relation="ROOT"/></mor></w>
    <w>back<mor type="mor"><mw><pos><c>adv</c></pos><stem>back</stem></mw><gra type="gra" index="6" head="5" relation="JCT"/></mor></w>
    <w>to<mor type="mor"><mw><pos><c>prep</c></pos><stem>to</stem></mw><gra type="gra" index="7" head="5" relation="JCT"/></mor></w>
    <w>bed<mor type="mor"><mw><pos><c>n</c></pos><stem>bed</stem></mw><gra type="gra" index="8" head="7" relation="POBJ"/></mor></w>
    <t type="p"><mor type="mor"><mt type="p"/><gra type="gra" index="9" head="5" relation="PUNCT"/></mor></t>
    <media
      start="270.747"
      end="273.332"
      unit="s"
    />
  </u>
  <u who="MOT" uID="u98">
    <w>get<mor type="mor"><mw><pos><c>v</c></pos><stem>get</stem></mw><gra type="gra" index="1" head="0" relation="ROOT"/></mor></w>
    <w>back<mor type="mor"><mw><pos><c>adv</c></pos><stem>back</stem></mw><gra type="gra" index="2" head="1" relation="JCT"/></mor></w>
    <w>to<mor type="mor"><mw><pos><c>prep</c></pos><stem>to</stem></mw><gra type="gra" index="3" head="1" relation="JCT"/></mor></w>
    <w>bed<mor type="mor"><mw><pos><c>n</c></pos><stem>bed</stem></mw><gra type="gra" index="4" head="5" relation="MOD"/></mor></w>
    <pause symbolic-length="simple"/>
    <w>Nomi<mor type="mor"><mw><pos><c>n</c><s>prop</s></pos><stem>Nomi</stem></mw><gra type="gra" index="5" head="3" relation="POBJ"/></mor></w>
    <t type="p"><mor type="mor"><mt type="p"/><gra type="gra" index="6" head="1" relation="PUNCT"/></mor></t>
    <media
      start="273.332"
      end="275.684"
      unit="s"
    />
  </u>
  <u who="CHI" uID="u99">
    <w>what's<mor type="mor"><mw><pos><c>pro</c><s>int</s></pos><stem>what</stem></mw><gra type="gra" index="1" head="2" relation="SUBJ"/><mor-post><mw><pos><c>cop</c></pos><stem>be</stem><mk type="sfxf">3S</mk></mw><gra type="gra" index="2" head="0" relation="ROOT"/></mor-post></mor></w>
    <w>that<mor type="mor"><mw><pos><c>pro</c><s>dem</s></pos><stem>that</stem></mw><gra type="gra" index="3" head="2" relation="PRED"/></mor></w>
    <t type="q"><mor type="mor"><mt type="q"/><gra type="gra" index="4" head="2" relation="PUNCT"/></mor></t>
    <media
      start="275.684"
      end="276.651"
      unit="s"
    />
  </u>
  <u who="CHI" uID="u100">
    <w>what's<mor type="mor"><mw><pos><c>pro</c><s>int</s></pos><stem>what</stem></mw><gra type="gra" index="1" head="2" relation="SUBJ"/><mor-post><mw><pos><c>cop</c></pos><stem>be</stem><mk type="sfxf">3S</mk></mw><gra type="gra" index="2" head="0" relation="ROOT"/></mor-post></mor></w>
    <w>that<mor type="mor"><mw><pos><c>pro</c><s>dem</s></pos><stem>that</stem></mw><gra type="gra" index="3" head="2" relation="PRED"/></mor></w>
    <t type="q"><mor type="mor"><mt type="q"/><gra type="gra" index="4" head="2" relation="PUNCT"/></mor></t>
    <media
      start="276.651"
      end="277.084"
      unit="s"
    />
  </u>
  <u who="CHI" uID="u101">
    <w>what's<mor type="mor"><mw><pos><c>pro</c><s>int</s></pos><stem>what</stem></mw><gra type="gra" index="1" head="2" relation="SUBJ"/><mor-post><mw><pos><c>cop</c></pos><stem>be</stem><mk type="sfxf">3S</mk></mw><gra type="gra" index="2" head="0" relation="ROOT"/></mor-post></mor></w>
    <w>that<mor type="mor"><mw><pos><c>pro</c><s>dem</s></pos><stem>that</stem></mw><gra type="gra" index="3" head="2" relation="PRED"/></mor></w>
    <t type="q"><mor type="mor"><mt type="q"/><gra type="gra" index="4" head="2" relation="PUNCT"/></mor></t>
    <media
      start="277.084"
      end="278.985"
      unit="s"
    />
    <a type="situation">break in recording</a>
  </u>
  <comment type="Tape Location">86</comment>
  <comment type="Situation">knocking sound</comment>
  <u who="CHI" uID="u102">
    <w untranscribed="unintelligible">xxx</w>
    <t type="p"></t>
    <media
      start="478.985"
      end="480.235"
      unit="s"
    />
    <a type="situation">knocking sound</a>
  </u>
  <u who="CHI" uID="u103">
    <w>you<mor type="mor"><mw><pos><c>pro</c><s>per</s></pos><stem>you</stem></mw><gra type="gra" index="1" head="2" relation="SUBJ"/></mor></w>
    <w>closed<mor type="mor"><mw><pos><c>v</c></pos><stem>close</stem><mk type="sfx">PAST</mk></mw><gra type="gra" index="2" head="0" relation="ROOT"/></mor></w>
    <t type="p"><mor type="mor"><mt type="p"/><gra type="gra" index="3" head="2" relation="PUNCT"/></mor></t>
    <media
      start="480.235"
      end="482.620"
      unit="s"
    />
  </u>
  <u who="CHI" uID="u104">
    <w>you<mor type="mor"><mw><pos><c>pro</c><s>per</s></pos><stem>you</stem></mw><gra type="gra" index="1" head="2" relation="SUBJ"/></mor></w>
    <w>closed<mor type="mor"><mw><pos><c>v</c></pos><stem>close</stem><mk type="sfx">PAST</mk></mw><gra type="gra" index="2" head="0" relation="ROOT"/></mor></w>
    <t type="p"><mor type="mor"><mt type="p"/><gra type="gra" index="3" head="2" relation="PUNCT"/></mor></t>
    <media
      start="482.620"
      end="483.870"
      unit="s"
    />
  </u>
  <u who="CHI" uID="u105">
    <w>you<mor type="mor"><mw><pos><c>pro</c><s>per</s></pos><stem>you</stem></mw><gra type="gra" index="1" head="2" relation="SUBJ"/></mor></w>
    <w>closed<mor type="mor"><mw><pos><c>v</c></pos><stem>close</stem><mk type="sfx">PAST</mk></mw><gra type="gra" index="2" head="0" relation="ROOT"/></mor></w>
    <t type="p"><mor type="mor"><mt type="p"/><gra type="gra" index="3" head="2" relation="PUNCT"/></mor></t>
    <media
      start="483.870"
      end="486.988"
      unit="s"
    />
  </u>
  <u who="CHI" uID="u106">
    <w>go<mor type="mor"><mw><pos><c>v</c></pos><stem>go</stem></mw><gra type="gra" index="1" head="0" relation="ROOT"/></mor></w>
    <w>in<mor type="mor"><mw><pos><c>prep</c></pos><stem>in</stem></mw><gra type="gra" index="2" head="1" relation="JCT"/></mor></w>
    <w>you<mor type="mor"><mw><pos><c>pro</c><s>per</s></pos><stem>you</stem></mw><gra type="gra" index="3" head="4" relation="SUBJ"/></mor></w>
    <w untranscribed="unintelligible">xxx</w>
    <w>Daddy<mor type="mor"><mw><pos><c>n</c><s>prop</s></pos><stem>Daddy</stem></mw><gra type="gra" index="4" head="2" relation="POBJ"/></mor></w>
    <t type="p"><mor type="mor"><mt type="p"/><gra type="gra" index="5" head="1" relation="PUNCT"/></mor></t>
    <media
      start="512.988"
      end="515.254"
      unit="s"
    />
  </u>
  <comment type="Tape Location">96</comment>
  <u who="CHI" uID="u107">
    <w>hi<mor type="mor"><mw><pos><c>co</c></pos><stem>hi</stem></mw><gra type="gra" index="1" head="2" relation="COM"/></mor></w>
    <w>Daddy<mor type="mor"><mw><pos><c>n</c><s>prop</s></pos><stem>Daddy</stem></mw><gra type="gra" index="2" head="0" relation="INCROOT"/></mor></w>
    <t type="p"><mor type="mor"><mt type="p"/><gra type="gra" index="3" head="2" relation="PUNCT"/></mor></t>
    <media
      start="524.254"
      end="526.270"
      unit="s"
    />
  </u>
  <u who="CHI" uID="u108">
    <w>hi<mor type="mor"><mw><pos><c>co</c></pos><stem>hi</stem></mw><gra type="gra" index="1" head="2" relation="COM"/></mor></w>
    <w>Daddy<mor type="mor"><mw><pos><c>n</c><s>prop</s></pos><stem>Daddy</stem></mw><gra type="gra" index="2" head="0" relation="INCROOT"/></mor></w>
    <t type="p"><mor type="mor"><mt type="p"/><gra type="gra" index="3" head="2" relation="PUNCT"/></mor></t>
    <media
      start="526.270"
      end="527.706"
      unit="s"
    />
  </u>
  <u who="CHI" uID="u109">
    <w>hi<mor type="mor"><mw><pos><c>co</c></pos><stem>hi</stem></mw><gra type="gra" index="1" head="2" relation="COM"/></mor></w>
    <w>Daddy<mor type="mor"><mw><pos><c>n</c><s>prop</s></pos><stem>Daddy</stem></mw><gra type="gra" index="2" head="0" relation="INCROOT"/></mor></w>
    <t type="p"><mor type="mor"><mt type="p"/><gra type="gra" index="3" head="2" relation="PUNCT"/></mor></t>
    <media
      start="527.706"
      end="528.489"
      unit="s"
    />
  </u>
  <u who="FAT" uID="u110">
    <w>hi<mor type="mor"><mw><pos><c>co</c></pos><stem>hi</stem></mw><gra type="gra" index="1" head="2" relation="COM"/></mor></w>
    <w>Nomi<mor type="mor"><mw><pos><c>n</c><s>prop</s></pos><stem>Nomi</stem></mw><gra type="gra" index="2" head="0" relation="INCROOT"/></mor></w>
    <t type="p"><mor type="mor"><mt type="p"/><gra type="gra" index="3" head="2" relation="PUNCT"/></mor></t>
    <media
      start="528.489"
      end="528.906"
      unit="s"
    />
  </u>
  <u who="CHI" uID="u111">
    <w>hi<mor type="mor"><mw><pos><c>co</c></pos><stem>hi</stem></mw><gra type="gra" index="1" head="2" relation="COM"/></mor></w>
    <w>Daddy<mor type="mor"><mw><pos><c>n</c><s>prop</s></pos><stem>Daddy</stem></mw><gra type="gra" index="2" head="0" relation="INCROOT"/></mor></w>
    <t type="p"><mor type="mor"><mt type="p"/><gra type="gra" index="3" head="2" relation="PUNCT"/></mor></t>
    <media
      start="528.906"
      end="530.491"
      unit="s"
    />
  </u>
  <u who="CHI" uID="u112">
    <w>hello<mor type="mor"><mw><pos><c>co</c></pos><stem>hello</stem></mw><gra type="gra" index="1" head="2" relation="COM"/></mor></w>
    <w>Daddy<mor type="mor"><mw><pos><c>n</c><s>prop</s></pos><stem>Daddy</stem></mw><gra type="gra" index="2" head="0" relation="INCROOT"/></mor></w>
    <t type="p"><mor type="mor"><mt type="p"/><gra type="gra" index="3" head="2" relation="PUNCT"/></mor></t>
    <media
      start="530.491"
      end="535.210"
      unit="s"
    />
  </u>
  <u who="FAT" uID="u113">
    <w>Nomi<mor type="mor"><mw><pos><c>n</c><s>prop</s></pos><stem>Nomi</stem></mw><gra type="gra" index="1" head="2" relation="SUBJ"/></mor></w>
    <w>get<mor type="mor"><mw><pos><c>v</c></pos><stem>get</stem></mw><gra type="gra" index="2" head="0" relation="ROOT"/></mor></w>
    <w>back<mor type="mor"><mw><pos><c>adv</c></pos><stem>back</stem></mw><gra type="gra" index="3" head="2" relation="JCT"/></mor></w>
    <w>to<mor type="mor"><mw><pos><c>prep</c></pos><stem>to</stem></mw><gra type="gra" index="4" head="2" relation="JCT"/></mor></w>
    <w>bed<mor type="mor"><mw><pos><c>n</c></pos><stem>bed</stem></mw><gra type="gra" index="5" head="4" relation="POBJ"/></mor></w>
    <t type="p"><mor type="mor"><mt type="p"/><gra type="gra" index="6" head="2" relation="PUNCT"/></mor></t>
    <media
      start="535.210"
      end="537.928"
      unit="s"
    />
  </u>
  <u who="CHI" uID="u114">
    <w>hi<mor type="mor"><mw><pos><c>co</c></pos><stem>hi</stem></mw><gra type="gra" index="1" head="2" relation="COM"/></mor></w>
    <w>Daddy<mor type="mor"><mw><pos><c>n</c><s>prop</s></pos><stem>Daddy</stem></mw><gra type="gra" index="2" head="0" relation="INCROOT"/></mor></w>
    <t type="p"><mor type="mor"><mt type="p"/><gra type="gra" index="3" head="2" relation="PUNCT"/></mor></t>
    <media
      start="537.928"
      end="542.632"
      unit="s"
    />
  </u>
  <u who="CHI" uID="u115">
    <w>hi<mor type="mor"><mw><pos><c>co</c></pos><stem>hi</stem></mw><gra type="gra" index="1" head="2" relation="COM"/></mor></w>
    <w>Daddy<mor type="mor"><mw><pos><c>n</c><s>prop</s></pos><stem>Daddy</stem></mw><gra type="gra" index="2" head="0" relation="INCROOT"/></mor></w>
    <t type="p"><mor type="mor"><mt type="p"/><gra type="gra" index="3" head="2" relation="PUNCT"/></mor></t>
    <media
      start="542.632"
      end="543.649"
      unit="s"
    />
  </u>
  <u who="CHI" uID="u116">
    <w>hi<mor type="mor"><mw><pos><c>co</c></pos><stem>hi</stem></mw><gra type="gra" index="1" head="2" relation="COM"/></mor></w>
    <w>Daddy<mor type="mor"><mw><pos><c>n</c><s>prop</s></pos><stem>Daddy</stem></mw><gra type="gra" index="2" head="0" relation="INCROOT"/></mor></w>
    <t type="p"><mor type="mor"><mt type="p"/><gra type="gra" index="3" head="2" relation="PUNCT"/></mor></t>
    <media
      start="543.649"
      end="545.000"
      unit="s"
    />
  </u>
  <u who="CHI" uID="u117">
    <w>hi<mor type="mor"><mw><pos><c>co</c></pos><stem>hi</stem></mw><gra type="gra" index="1" head="2" relation="COM"/></mor></w>
    <w>Daddy<mor type="mor"><mw><pos><c>n</c><s>prop</s></pos><stem>Daddy</stem></mw><gra type="gra" index="2" head="0" relation="INCROOT"/></mor></w>
    <t type="p"><mor type="mor"><mt type="p"/><gra type="gra" index="3" head="2" relation="PUNCT"/></mor></t>
    <media
      start="545.000"
      end="545.750"
      unit="s"
    />
  </u>
  <u who="CHI" uID="u118">
    <w>hi<mor type="mor"><mw><pos><c>co</c></pos><stem>hi</stem></mw><gra type="gra" index="1" head="2" relation="COM"/></mor></w>
    <w>Daddy<mor type="mor"><mw><pos><c>n</c><s>prop</s></pos><stem>Daddy</stem></mw><gra type="gra" index="2" head="0" relation="INCROOT"/></mor></w>
    <t type="p"><mor type="mor"><mt type="p"/><gra type="gra" index="3" head="2" relation="PUNCT"/></mor></t>
    <media
      start="545.750"
      end="548.885"
      unit="s"
    />
  </u>
  <u who="CHI" uID="u119">
    <w>hi<mor type="mor"><mw><pos><c>co</c></pos><stem>hi</stem></mw><gra type="gra" index="1" head="2" relation="COM"/></mor></w>
    <w>Daddy<mor type="mor"><mw><pos><c>n</c><s>prop</s></pos><stem>Daddy</stem></mw><gra type="gra" index="2" head="0" relation="INCROOT"/></mor></w>
    <t type="p"><mor type="mor"><mt type="p"/><gra type="gra" index="3" head="2" relation="PUNCT"/></mor></t>
    <media
      start="562.885"
      end="564.501"
      unit="s"
    />
  </u>
  <u who="CHI" uID="u120">
    <w>hi<mor type="mor"><mw><pos><c>co</c></pos><stem>hi</stem></mw><gra type="gra" index="1" head="2" relation="COM"/></mor></w>
    <w>Daddy<mor type="mor"><mw><pos><c>n</c><s>prop</s></pos><stem>Daddy</stem></mw><gra type="gra" index="2" head="0" relation="INCROOT"/></mor></w>
    <t type="p"><mor type="mor"><mt type="p"/><gra type="gra" index="3" head="2" relation="PUNCT"/></mor></t>
    <media
      start="564.501"
      end="565.837"
      unit="s"
    />
  </u>
  <u who="CHI" uID="u121">
    <w>hi<mor type="mor"><mw><pos><c>co</c></pos><stem>hi</stem></mw><gra type="gra" index="1" head="2" relation="COM"/></mor></w>
    <w>Daddy<mor type="mor"><mw><pos><c>n</c><s>prop</s></pos><stem>Daddy</stem></mw><gra type="gra" index="2" head="0" relation="INCROOT"/></mor></w>
    <t type="p"><mor type="mor"><mt type="p"/><gra type="gra" index="3" head="2" relation="PUNCT"/></mor></t>
    <media
      start="565.837"
      end="566.570"
      unit="s"
    />
  </u>
  <u who="CHI" uID="u122">
    <w>hi<mor type="mor"><mw><pos><c>co</c></pos><stem>hi</stem></mw><gra type="gra" index="1" head="2" relation="COM"/></mor></w>
    <w>Daddy<mor type="mor"><mw><pos><c>n</c><s>prop</s></pos><stem>Daddy</stem></mw><gra type="gra" index="2" head="0" relation="INCROOT"/></mor></w>
    <t type="p"><mor type="mor"><mt type="p"/><gra type="gra" index="3" head="2" relation="PUNCT"/></mor></t>

  </u>
  <u who="CHI" uID="u123">
    <w>what<mor type="mor"><mw><pos><c>pro</c><s>int</s></pos><stem>what</stem></mw><gra type="gra" index="1" head="0" relation="INCROOT"/></mor></w>
    <t type="q"><mor type="mor"><mt type="q"/><gra type="gra" index="2" head="1" relation="PUNCT"/></mor></t>
    <media
      start="573.570"
      end="574.753"
      unit="s"
    />
  </u>
  <u who="CHI" uID="u124">
    <w untranscribed="unintelligible">xxx</w>
    <t type="p"></t>
    <media
      start="574.753"
      end="577.522"
      unit="s"
    />
  </u>
  <u who="CHI" uID="u125">
    <w>go<mor type="mor"><mw><pos><c>v</c></pos><stem>go</stem></mw><gra type="gra" index="1" head="0" relation="ROOT"/></mor></w>
    <t type="p"><mor type="mor"><mt type="p"/><gra type="gra" index="2" head="1" relation="PUNCT"/></mor></t>
    <media
      start="585.522"
      end="586.622"
      unit="s"
    />
  </u>
  <u who="CHI" uID="u126">
    <w untranscribed="unintelligible">xxx</w>
    <t type="p"></t>
    <media
      start="586.622"
      end="590.407"
      unit="s"
    />
  </u>
  <comment type="Tape Location">110</comment>
  <u who="CHI" uID="u127">
    <w>pottie<mor type="mor"><mw><pos><c>n</c></pos><stem>pot</stem><mk type="sfx">DIM</mk></mw><gra type="gra" index="1" head="0" relation="INCROOT"/></mor></w>
    <t type="p"><mor type="mor"><mt type="p"/><gra type="gra" index="2" head="1" relation="PUNCT"/></mor></t>
    <media
      start="595.407"
      end="596.757"
      unit="s"
    />
  </u>
  <u who="CHI" uID="u128">
    <w>yeah<mor type="mor"><mw><pos><c>co</c></pos><stem>yeah</stem></mw><gra type="gra" index="1" head="0" relation="INCROOT"/></mor></w>
    <t type="p"><mor type="mor"><mt type="p"/><gra type="gra" index="2" head="1" relation="PUNCT"/></mor></t>
    <media
      start="596.757"
      end="598.959"
      unit="s"
    />
  </u>
  <u who="CHI" uID="u129">
    <w>who's<mor type="mor"><mw><pos><c>pro</c><s>int</s></pos><stem>who</stem></mw><gra type="gra" index="1" head="2" relation="SUBJ"/><mor-post><mw><pos><c>cop</c></pos><stem>be</stem><mk type="sfxf">3S</mk></mw><gra type="gra" index="2" head="0" relation="ROOT"/></mor-post></mor></w>
    <w>there<mor type="mor"><mw><pos><c>adv</c></pos><stem>there</stem></mw><gra type="gra" index="3" head="2" relation="JCT"/></mor></w>
    <t type="q"><mor type="mor"><mt type="q"/><gra type="gra" index="4" head="2" relation="PUNCT"/></mor></t>
    <media
      start="598.959"
      end="601.311"
      unit="s"
    />
  </u>
  <u who="CHI" uID="u130">
    <w>who's<mor type="mor"><mw><pos><c>pro</c><s>int</s></pos><stem>who</stem></mw><gra type="gra" index="1" head="2" relation="SUBJ"/><mor-post><mw><pos><c>cop</c></pos><stem>be</stem><mk type="sfxf">3S</mk></mw><gra type="gra" index="2" head="0" relation="ROOT"/></mor-post></mor></w>
    <w untranscribed="unintelligible">xxx</w>
    <t type="q"><mor type="mor"><mt type="q"/><gra type="gra" index="3" head="2" relation="PUNCT"/></mor></t>
    <media
      start="601.311"
      end="602.794"
      unit="s"
    />
  </u>
  <u who="CHI" uID="u131">
    <w>who's<mor type="mor"><mw><pos><c>pro</c><s>int</s></pos><stem>who</stem></mw><gra type="gra" index="1" head="2" relation="SUBJ"/><mor-post><mw><pos><c>cop</c></pos><stem>be</stem><mk type="sfxf">3S</mk></mw><gra type="gra" index="2" head="0" relation="ROOT"/></mor-post></mor></w>
    <w untranscribed="unintelligible">xxx</w>
    <t type="q"><mor type="mor"><mt type="q"/><gra type="gra" index="3" head="2" relation="PUNCT"/></mor></t>
    <media
      start="602.794"
      end="604.513"
      unit="s"
    />
  </u>
  <u who="CHI" uID="u132">
    <w>see<mor type="mor"><mw><pos><c>v</c></pos><stem>see</stem></mw><gra type="gra" index="1" head="0" relation="ROOT"/></mor></w>
    <w>Dad<mor type="mor"><mw><pos><c>n</c><s>prop</s></pos><stem>Dad</stem></mw><gra type="gra" index="2" head="1" relation="OBJ"/></mor></w>
    <t type="p"><mor type="mor"><mt type="p"/><gra type="gra" index="3" head="1" relation="PUNCT"/></mor></t>
    <media
      start="604.513"
      end="610.767"
      unit="s"
    />
  </u>
  <u who="CHI" uID="u133">
    <w>go<mor type="mor"><mw><pos><c>v</c></pos><stem>go</stem></mw><gra type="gra" index="1" head="0" relation="ROOT"/></mor></w>
    <w>there<mor type="mor"><mw><pos><c>adv</c></pos><stem>there</stem></mw><gra type="gra" index="2" head="1" relation="JCT"/></mor></w>
    <t type="p"><mor type="mor"><mt type="p"/><gra type="gra" index="3" head="1" relation="PUNCT"/></mor></t>

  </u>
  <u who="CHI" uID="u134">
    <w>go<mor type="mor"><mw><pos><c>v</c></pos><stem>go</stem></mw><gra type="gra" index="1" head="0" relation="ROOT"/></mor></w>
    <w>there<mor type="mor"><mw><pos><c>adv</c></pos><stem>there</stem></mw><gra type="gra" index="2" head="1" relation="JCT"/></mor></w>
    <t type="p"><mor type="mor"><mt type="p"/><gra type="gra" index="3" head="1" relation="PUNCT"/></mor></t>

  </u>
  <u who="CHI" uID="u135">
    <w untranscribed="unintelligible">xxx</w>
    <t type="p"></t>

  </u>
  <u who="CHI" uID="u136">
    <w>hi<mor type="mor"><mw><pos><c>co</c></pos><stem>hi</stem></mw><gra type="gra" index="1" head="2" relation="COM"/></mor></w>
    <w>Daddy<mor type="mor"><mw><pos><c>n</c><s>prop</s></pos><stem>Daddy</stem></mw><gra type="gra" index="2" head="0" relation="INCROOT"/></mor></w>
    <t type="p"><mor type="mor"><mt type="p"/><gra type="gra" index="3" head="2" relation="PUNCT"/></mor></t>
    <media
      start="620.767"
      end="621.950"
      unit="s"
    />
  </u>
  <u who="CHI" uID="u137">
    <w>hi<mor type="mor"><mw><pos><c>co</c></pos><stem>hi</stem></mw><gra type="gra" index="1" head="2" relation="COM"/></mor></w>
    <w>Daddy<mor type="mor"><mw><pos><c>n</c><s>prop</s></pos><stem>Daddy</stem></mw><gra type="gra" index="2" head="0" relation="INCROOT"/></mor></w>
    <t type="p"><mor type="mor"><mt type="p"/><gra type="gra" index="3" head="2" relation="PUNCT"/></mor></t>
    <media
      start="621.950"
      end="622.633"
      unit="s"
    />
  </u>
  <u who="CHI" uID="u138">
    <w>hi<mor type="mor"><mw><pos><c>co</c></pos><stem>hi</stem></mw><gra type="gra" index="1" head="2" relation="COM"/></mor></w>
    <w>Da<shortening>ddy</shortening><mor type="mor"><mw><pos><c>n</c><s>prop</s></pos><stem>Daddy</stem></mw><gra type="gra" index="2" head="0" relation="INCROOT"/></mor></w>
    <t type="q"><mor type="mor"><mt type="q"/><gra type="gra" index="3" head="2" relation="PUNCT"/></mor></t>
    <media
      start="622.633"
      end="625.402"
      unit="s"
    />
  </u>
  <u who="CHI" uID="u139">
    <w untranscribed="unintelligible">xxx</w>
    <t type="q"></t>
    <media
      start="625.402"
      end="628.937"
      unit="s"
    />
  </u>
  <u who="CHI" uID="u140">
    <w untranscribed="unintelligible">xxx</w>
    <t type="q"></t>
    <media
      start="628.937"
      end="631.689"
      unit="s"
    />
  </u>
  <u who="CHI" uID="u141">
    <w>hi<mor type="mor"><mw><pos><c>co</c></pos><stem>hi</stem></mw><gra type="gra" index="1" head="2" relation="COM"/></mor></w>
    <w>Daddy<mor type="mor"><mw><pos><c>n</c><s>prop</s></pos><stem>Daddy</stem></mw><gra type="gra" index="2" head="0" relation="INCROOT"/></mor></w>
    <t type="p"><mor type="mor"><mt type="p"/><gra type="gra" index="3" head="2" relation="PUNCT"/></mor></t>
    <media
      start="631.689"
      end="633.491"
      unit="s"
    />
  </u>
  <u who="CHI" uID="u142">
    <w>hi<mor type="mor"><mw><pos><c>co</c></pos><stem>hi</stem></mw><gra type="gra" index="1" head="2" relation="COM"/></mor></w>
    <w>Daddy<mor type="mor"><mw><pos><c>n</c><s>prop</s></pos><stem>Daddy</stem></mw><gra type="gra" index="2" head="0" relation="INCROOT"/></mor></w>
    <t type="p"><mor type="mor"><mt type="p"/><gra type="gra" index="3" head="2" relation="PUNCT"/></mor></t>
    <media
      start="633.491"
      end="634.358"
      unit="s"
    />
  </u>
  <u who="CHI" uID="u143">
    <w>hi<mor type="mor"><mw><pos><c>co</c></pos><stem>hi</stem></mw><gra type="gra" index="1" head="2" relation="COM"/></mor></w>
    <w>Daddy<mor type="mor"><mw><pos><c>n</c><s>prop</s></pos><stem>Daddy</stem></mw><gra type="gra" index="2" head="0" relation="INCROOT"/></mor></w>
    <t type="p"><mor type="mor"><mt type="p"/><gra type="gra" index="3" head="2" relation="PUNCT"/></mor></t>
    <media
      start="634.358"
      end="635.860"
      unit="s"
    />
  </u>
  <u who="CHI" uID="u144">
    <w untranscribed="unintelligible">xxx</w>
    <t type="p"></t>
    <media
      start="635.860"
      end="639.645"
      unit="s"
    />
  </u>
  <u who="CHI" uID="u145">
    <w untranscribed="unintelligible">xxx</w>
    <t type="p"></t>
    <media
      start="639.645"
      end="643.113"
      unit="s"
    />
  </u>
  <u who="CHI" uID="u146">
    <w untranscribed="unintelligible">xxx</w>
    <t type="p"></t>
    <media
      start="643.113"
      end="663.277"
      unit="s"
    />
    <a type="situation">NAO is playing with the microphone and taling loudly into it's hard to understand</a>
  </u>
  <comment type="Tape Location">122</comment>
  <u who="CHI" uID="u147">
    <w>you<mor type="mor"><mw><pos><c>pro</c><s>per</s></pos><stem>you</stem></mw><gra type="gra" index="1" head="2" relation="SUBJ"/></mor></w>
    <w>like<mor type="mor"><mw><pos><c>v</c></pos><stem>like</stem></mw><gra type="gra" index="2" head="0" relation="ROOT"/></mor></w>
    <w>that<mor type="mor"><mw><pos><c>pro</c><s>dem</s></pos><stem>that</stem></mw><gra type="gra" index="3" head="2" relation="OBJ"/></mor></w>
    <t type="q"><mor type="mor"><mt type="q"/><gra type="gra" index="4" head="2" relation="PUNCT"/></mor></t>

    <a type="paralinguistics">whispered</a>
  </u>
  <u who="CHI" uID="u148">
    <w>like<mor type="mor"><mw><pos><c>prep</c></pos><stem>like</stem></mw><gra type="gra" index="1" head="0" relation="INCROOT"/></mor></w>
    <w>that<mor type="mor"><mw><pos><c>pro</c><s>dem</s></pos><stem>that</stem></mw><gra type="gra" index="2" head="1" relation="POBJ"/></mor></w>
    <t type="q"><mor type="mor"><mt type="q"/><gra type="gra" index="3" head="1" relation="PUNCT"/></mor></t>

  </u>
  <u who="CHI" uID="u149">
    <w>like<mor type="mor"><mw><pos><c>prep</c></pos><stem>like</stem></mw><gra type="gra" index="1" head="0" relation="INCROOT"/></mor></w>
    <w>that<mor type="mor"><mw><pos><c>pro</c><s>dem</s></pos><stem>that</stem></mw><gra type="gra" index="2" head="1" relation="POBJ"/></mor></w>
    <t type="q"><mor type="mor"><mt type="q"/><gra type="gra" index="3" head="1" relation="PUNCT"/></mor></t>
    <media
      start="670.277"
      end="672.193"
      unit="s"
    />
  </u>
  <comment type="Tape Location">127</comment>
  <u who="CHI" uID="u150">
    <w>go<mor type="mor"><mw><pos><c>v</c></pos><stem>go</stem></mw><gra type="gra" index="1" head="0" relation="ROOT"/></mor></w>
    <w>to<mor type="mor"><mw><pos><c>inf</c></pos><stem>to</stem></mw><gra type="gra" index="2" head="3" relation="INF"/></mor></w>
    <w>sleep<mor type="mor"><mw><pos><c>v</c></pos><stem>sleep</stem></mw><gra type="gra" index="3" head="1" relation="COMP"/></mor></w>
    <w>now<mor type="mor"><mw><pos><c>adv</c></pos><stem>now</stem></mw><gra type="gra" index="4" head="3" relation="JCT"/></mor></w>
    <t type="p"><mor type="mor"><mt type="p"/><gra type="gra" index="5" head="1" relation="PUNCT"/></mor></t>
    <media
      start="682.816"
      end="686.018"
      unit="s"
    />
  </u>
  <u who="CHI" uID="u151">
    <w>sleep<mor type="mor"><mw><pos><c>n</c></pos><stem>sleep</stem></mw><gra type="gra" index="1" head="0" relation="INCROOT"/></mor></w>
    <w>now<mor type="mor"><mw><pos><c>adv</c></pos><stem>now</stem></mw><gra type="gra" index="2" head="1" relation="NJCT"/></mor></w>
    <t type="p"><mor type="mor"><mt type="p"/><gra type="gra" index="3" head="1" relation="PUNCT"/></mor></t>
    <media
      start="686.018"
      end="687.801"
      unit="s"
    />
  </u>
  <u who="CHI" uID="u152">
    <w>lady<mor type="mor"><mw><pos><c>n</c></pos><stem>lady</stem></mw><gra type="gra" index="1" head="0" relation="INCROOT"/></mor></w>
    <t type="p"><mor type="mor"><mt type="p"/><gra type="gra" index="2" head="1" relation="PUNCT"/></mor></t>
    <media
      start="687.801"
      end="690.903"
      unit="s"
    />
  </u>
  <u who="CHI" uID="u153">
    <w>there's<mor type="mor"><mw><pos><c>pro</c><s>exist</s></pos><stem>there</stem></mw><gra type="gra" index="1" head="2" relation="SUBJ"/><mor-post><mw><pos><c>cop</c></pos><stem>be</stem><mk type="sfxf">3S</mk></mw><gra type="gra" index="2" head="0" relation="ROOT"/></mor-post></mor></w>
    <w>lady<mor type="mor"><mw><pos><c>n</c></pos><stem>lady</stem></mw><gra type="gra" index="3" head="2" relation="PRED"/></mor></w>
    <t type="p"><mor type="mor"><mt type="p"/><gra type="gra" index="4" head="2" relation="PUNCT"/></mor></t>
    <media
      start="690.903"
      end="692.522"
      unit="s"
    />
  </u>
  <u who="CHI" uID="u154">
    <w untranscribed="unintelligible">xxx</w>
    <w>lady<mor type="mor"><mw><pos><c>n</c></pos><stem>lady</stem></mw><gra type="gra" index="1" head="0" relation="INCROOT"/></mor></w>
    <t type="p"><mor type="mor"><mt type="p"/><gra type="gra" index="2" head="1" relation="PUNCT"/></mor></t>
    <media
      start="692.522"
      end="694.624"
      unit="s"
    />
  </u>
  <u who="CHI" uID="u155">
    <w>this<mor type="mor"><mw><pos><c>pro</c><s>dem</s></pos><stem>this</stem></mw><gra type="gra" index="1" head="2" relation="SUBJ"/></mor></w>
    <w>is<mor type="mor"><mw><pos><c>cop</c></pos><stem>be</stem><mk type="sfxf">3S</mk></mw><gra type="gra" index="2" head="0" relation="ROOT"/></mor></w>
    <w>lady<mor type="mor"><mw><pos><c>n</c></pos><stem>lady</stem></mw><gra type="gra" index="3" head="2" relation="PRED"/></mor></w>
    <t type="p"><mor type="mor"><mt type="p"/><gra type="gra" index="4" head="2" relation="PUNCT"/></mor></t>
    <media
      start="694.624"
      end="696.824"
      unit="s"
    />
  </u>
  <comment type="Tape Location">129</comment>
  <u who="CHI" uID="u156">
    <w>this<mor type="mor"><mw><pos><c>pro</c><s>dem</s></pos><stem>this</stem></mw><gra type="gra" index="1" head="0" relation="INCROOT"/></mor></w>
    <w>a<mor type="mor"><mw><pos><c>det</c><s>art</s></pos><stem>a</stem></mw><gra type="gra" index="2" head="3" relation="DET"/></mor></w>
    <w>girl<mor type="mor"><mw><pos><c>n</c></pos><stem>girl</stem></mw><gra type="gra" index="3" head="1" relation="OBJ"/></mor></w>
    <t type="p"><mor type="mor"><mt type="p"/><gra type="gra" index="4" head="1" relation="PUNCT"/></mor></t>
    <media
      start="696.824"
      end="698.742"
      unit="s"
    />
  </u>
  <comment type="Tape Location">130</comment>
  <u who="CHI" uID="u157">
    <w>kitty<mor type="mor"><mw><pos><c>n</c></pos><stem>kitty</stem></mw><gra type="gra" index="1" head="0" relation="INCROOT"/></mor></w>
    <t type="p"><mor type="mor"><mt type="p"/><gra type="gra" index="2" head="1" relation="PUNCT"/></mor></t>
    <media
      start="703.742"
      end="705.592"
      unit="s"
    />
  </u>
  <u who="CHI" uID="u158">
    <w>this<mor type="mor"><mw><pos><c>pro</c><s>dem</s></pos><stem>this</stem></mw><gra type="gra" index="1" head="2" relation="SUBJ"/></mor></w>
    <w>is<mor type="mor"><mw><pos><c>cop</c></pos><stem>be</stem><mk type="sfxf">3S</mk></mw><gra type="gra" index="2" head="0" relation="ROOT"/></mor></w>
    <w>doggie<mor type="mor"><mw><pos><c>n</c></pos><stem>dog</stem><mk type="sfx">DIM</mk></mw><gra type="gra" index="3" head="2" relation="PRED"/></mor></w>
    <t type="p"><mor type="mor"><mt type="p"/><gra type="gra" index="4" head="2" relation="PUNCT"/></mor></t>
    <media
      start="705.592"
      end="711.079"
      unit="s"
    />
  </u>
  <u who="CHI" uID="u159">
    <w>and<mor type="mor"><mw><pos><c>coord</c></pos><stem>and</stem></mw><gra type="gra" index="1" head="0" relation="INCROOT"/></mor></w>
    <t type="p"><mor type="mor"><mt type="p"/><gra type="gra" index="2" head="1" relation="PUNCT"/></mor></t>
    <media
      start="711.079"
      end="713.198"
      unit="s"
    />
  </u>
  <u who="CHI" uID="u160">
    <w>Jenko<mor type="mor"><mw><pos><c>n</c><s>prop</s></pos><stem>Jenko</stem></mw><gra type="gra" index="1" head="0" relation="INCROOT"/></mor></w>
    <t type="p"><mor type="mor"><mt type="p"/><gra type="gra" index="2" head="1" relation="PUNCT"/></mor></t>
    <media
      start="713.198"
      end="715.633"
      unit="s"
    />
  </u>
  <u who="CHI" uID="u161">
    <w>and<mor type="mor"><mw><pos><c>coord</c></pos><stem>and</stem></mw><gra type="gra" index="1" head="2" relation="LINK"/></mor></w>
    <w>doggie<mor type="mor"><mw><pos><c>n</c></pos><stem>dog</stem><mk type="sfx">DIM</mk></mw><gra type="gra" index="2" head="0" relation="INCROOT"/></mor></w>
    <t type="p"><mor type="mor"><mt type="p"/><gra type="gra" index="3" head="2" relation="PUNCT"/></mor></t>
    <media
      start="715.633"
      end="719.085"
      unit="s"
    />
  </u>
  <u who="CHI" uID="u162">
    <w>kitty<mor type="mor"><mw><pos><c>n</c></pos><stem>kitty</stem></mw><gra type="gra" index="1" head="0" relation="INCROOT"/></mor></w>
    <t type="p"><mor type="mor"><mt type="p"/><gra type="gra" index="2" head="1" relation="PUNCT"/></mor></t>
    <media
      start="719.085"
      end="719.985"
      unit="s"
    />
  </u>
  <u who="CHI" uID="u163">
    <w>uhuh<mor type="mor"><mw><pos><c>co</c></pos><stem>uhuh</stem></mw><gra type="gra" index="1" head="2" relation="COM"/></mor></w>
    <w>kitty<mor type="mor"><mw><pos><c>n</c></pos><stem>kitty</stem></mw><gra type="gra" index="2" head="0" relation="INCROOT"/></mor></w>
    <t type="p"><mor type="mor"><mt type="p"/><gra type="gra" index="3" head="2" relation="PUNCT"/></mor></t>
    <media
      start="719.985"
      end="722.637"
      unit="s"
    />
  </u>
  <u who="CHI" uID="u164">
    <w type="filler">uh</w>
    <w>be<mor type="mor"><mw><pos><c>aux</c></pos><stem>be</stem></mw><gra type="gra" index="1" head="0" relation="INCROOT"/></mor></w>
    <w>up<mor type="mor"><mw><pos><c>adv</c></pos><stem>up</stem></mw><gra type="gra" index="2" head="1" relation="PRED"/></mor></w>
    <t type="p"><mor type="mor"><mt type="p"/><gra type="gra" index="3" head="1" relation="PUNCT"/></mor></t>
    <media
      start="732.637"
      end="734.587"
      unit="s"
    />
  </u>
  <u who="CHI" uID="u165">
    <w type="filler">uh</w>
    <w>be<mor type="mor"><mw><pos><c>aux</c></pos><stem>be</stem></mw><gra type="gra" index="1" head="0" relation="INCROOT"/></mor></w>
    <w>up<mor type="mor"><mw><pos><c>adv</c></pos><stem>up</stem></mw><gra type="gra" index="2" head="1" relation="NJCT"/></mor></w>
    <w>Daddy<mor type="mor"><mw><pos><c>n</c><s>prop</s></pos><stem>Daddy</stem></mw><gra type="gra" index="3" head="2" relation="POBJ"/></mor></w>
    <t type="p"><mor type="mor"><mt type="p"/><gra type="gra" index="4" head="1" relation="PUNCT"/></mor></t>
    <media
      start="734.587"
      end="737.189"
      unit="s"
    />
  </u>
  <u who="FAT" uID="u166">
    <w>okay<mor type="mor"><mw><pos><c>co</c></pos><stem>okay</stem></mw><gra type="gra" index="1" head="0" relation="INCROOT"/></mor></w>
    <t type="p"><mor type="mor"><mt type="p"/><gra type="gra" index="2" head="1" relation="PUNCT"/></mor></t>
    <media
      start="737.189"
      end="737.689"
      unit="s"
    />
  </u>
  <u who="FAT" uID="u167">
    <w>come<mor type="mor"><mw><pos><c>v</c></pos><stem>come</stem></mw><gra type="gra" index="1" head="0" relation="ROOT"/></mor></w>
    <w>on<mor type="mor"><mw><pos><c>adv</c></pos><stem>on</stem></mw><gra type="gra" index="2" head="1" relation="JCT"/></mor></w>
    <w>out<mor type="mor"><mw><pos><c>adv</c></pos><stem>out</stem></mw><gra type="gra" index="3" head="1" relation="JCT"/></mor></w>
    <t type="p"><mor type="mor"><mt type="p"/><gra type="gra" index="4" head="1" relation="PUNCT"/></mor></t>
    <media
      start="737.689"
      end="738.891"
      unit="s"
    />
  </u>
  <u who="CHI" uID="u168">
    <w untranscribed="unintelligible">xxx</w>
    <t type="p"></t>
    <media
      start="738.891"
      end="746.645"
      unit="s"
    />
  </u>
  <u who="FAT" uID="u169">
    <w>Nomi<mor type="mor"><mw><pos><c>n</c><s>prop</s></pos><stem>Nomi</stem></mw><gra type="gra" index="1" head="3" relation="LINK"/></mor></w>
    <pause symbolic-length="simple"/>
    <w>I<mor type="mor"><mw><pos><c>pro</c><s>sub</s></pos><stem>I</stem></mw><gra type="gra" index="2" head="3" relation="SUBJ"/></mor></w>
    <w>want<mor type="mor"><mw><pos><c>v</c></pos><stem>want</stem></mw><gra type="gra" index="3" head="0" relation="ROOT"/></mor></w>
    <w>you<mor type="mor"><mw><pos><c>pro</c><s>per</s></pos><stem>you</stem></mw><gra type="gra" index="4" head="3" relation="OBJ"/></mor></w>
    <w>in<mor type="mor"><mw><pos><c>prep</c></pos><stem>in</stem></mw><gra type="gra" index="5" head="3" relation="JCT"/></mor></w>
    <w>bed<mor type="mor"><mw><pos><c>n</c></pos><stem>bed</stem></mw><gra type="gra" index="6" head="5" relation="POBJ"/></mor></w>
    <w>now<mor type="mor"><mw><pos><c>adv</c></pos><stem>now</stem></mw><gra type="gra" index="7" head="3" relation="JCT"/></mor></w>
    <t type="p"><mor type="mor"><mt type="p"/><gra type="gra" index="8" head="3" relation="PUNCT"/></mor></t>
    <media
      start="746.645"
      end="748.680"
      unit="s"
    />
  </u>
  <u who="CHI" uID="u170">
    <w>I<mor type="mor"><mw><pos><c>pro</c><s>sub</s></pos><stem>I</stem></mw><gra type="gra" index="1" head="2" relation="SUBJ"/></mor></w>
    <w>jump<mor type="mor"><mw><pos><c>v</c></pos><stem>jump</stem></mw><gra type="gra" index="2" head="0" relation="ROOT"/></mor></w>
    <t type="p"><mor type="mor"><mt type="p"/><gra type="gra" index="3" head="2" relation="PUNCT"/></mor></t>
    <media
      start="748.680"
      end="752.365"
      unit="s"
    />
  </u>
  <u who="CHI" uID="u171">
    <w>I<mor type="mor"><mw><pos><c>pro</c><s>sub</s></pos><stem>I</stem></mw><gra type="gra" index="1" head="2" relation="SUBJ"/></mor></w>
    <w>jump<mor type="mor"><mw><pos><c>v</c></pos><stem>jump</stem></mw><gra type="gra" index="2" head="0" relation="ROOT"/></mor></w>
    <t type="p"><mor type="mor"><mt type="p"/><gra type="gra" index="3" head="2" relation="PUNCT"/></mor></t>
    <media
      start="752.365"
      end="753.717"
      unit="s"
    />
  </u>
  <u who="CHI" uID="u172">
    <w>jump<mor type="mor"><mw><pos><c>n</c></pos><stem>jump</stem></mw><gra type="gra" index="1" head="0" relation="INCROOT"/></mor></w>
    <t type="p"><mor type="mor"><mt type="p"/><gra type="gra" index="2" head="1" relation="PUNCT"/></mor></t>
    <media
      start="753.717"
      end="756.418"
      unit="s"
    />
  </u>
  <u who="FAT" uID="u173">
    <w>Nomi<mor type="mor"><mw><pos><c>n</c><s>prop</s></pos><stem>Nomi</stem></mw><gra type="gra" index="1" head="0" relation="INCROOT"/></mor></w>
    <t type="p"><mor type="mor"><mt type="p"/><gra type="gra" index="2" head="1" relation="PUNCT"/></mor></t>
    <media
      start="756.418"
      end="760.720"
      unit="s"
    />
  </u>
  <u who="CHI" uID="u174">
    <w>I<mor type="mor"><mw><pos><c>pro</c><s>sub</s></pos><stem>I</stem></mw><gra type="gra" index="1" head="2" relation="SUBJ"/></mor></w>
    <w>jumping<mor type="mor"><mw><pos><c>part</c></pos><stem>jump</stem><mk type="sfx">PRESP</mk></mw><gra type="gra" index="2" head="0" relation="ROOT"/></mor></w>
    <t type="p"><mor type="mor"><mt type="p"/><gra type="gra" index="3" head="2" relation="PUNCT"/></mor></t>
    <media
      start="760.720"
      end="763.422"
      unit="s"
    />
  </u>
  <u who="CHI" uID="u175">
    <w>jumping<mor type="mor"><mw><pos><c>part</c></pos><stem>jump</stem><mk type="sfx">PRESP</mk></mw><gra type="gra" index="1" head="0" relation="INCROOT"/></mor></w>
    <t type="p"><mor type="mor"><mt type="p"/><gra type="gra" index="2" head="1" relation="PUNCT"/></mor></t>
    <media
      start="763.422"
      end="764.172"
      unit="s"
    />
    <a type="actions">NAO leaves room</a>
  </u>
</CHAT>