<?xml version="1.0" encoding="UTF-8"?>

<CHAT xmlns:xsi="http://www.w3.org/2001/XMLSchema-instance"
      xmlns="http://www.talkbank.org/ns/talkbank"
      xsi:schemaLocation="http://www.talkbank.org/ns/talkbank https://talkbank.org/software/talkbank.xsd"
      Media="020019" Mediatypes="audio"
      PID="11312/c-00017354-1"
      Version="2.14.0"
      Lang="eng"
      Corpus="Sachs"
      Date="1970-06-01"
      >
  <Participants>
    <participant
      id="CHI"
    name="Naomi"
      role="Target_Child"
      language="eng"
      age="P2Y00M19D"
      sex="female"

    />
    <participant
      id="FAT"
      role="Father"
      language="eng"
      sex="male"

    />
  </Participants>
  <comment type="Date">01-JUN-1970</comment>
  <comment type="Situation">Naomi is playing alone with very soft speech , hard to understand , mumbly. 413-517 all of Naomi's speech was unintelligible. Around 585 , Father begins phone conversation in room , making it especially hard to understand Naomi. Naomi leaves to talk with Father and is too far from mike to understand her.</comment>
  <comment type="Tape Location">517</comment>
  <u who="CHI" uID="u0">
    <w>don't<mor type="mor"><mw><pos><c>mod</c></pos><stem>do</stem></mw><gra type="gra" index="1" head="3" relation="AUX"/><mor-post><mw><pos><c>neg</c></pos><stem>not</stem></mw><gra type="gra" index="2" head="1" relation="NEG"/></mor-post></mor></w>
    <w>cry<mor type="mor"><mw><pos><c>v</c></pos><stem>cry</stem></mw><gra type="gra" index="3" head="0" relation="ROOT"/></mor></w>
    <t type="p"><mor type="mor"><mt type="p"/><gra type="gra" index="4" head="3" relation="PUNCT"/></mor></t>
    <media
      start="421.941"
      end="423.207"
      unit="s"
    />
  </u>
  <u who="CHI" uID="u1">
    <w>don't<mor type="mor"><mw><pos><c>mod</c></pos><stem>do</stem></mw><gra type="gra" index="1" head="3" relation="AUX"/><mor-post><mw><pos><c>neg</c></pos><stem>not</stem></mw><gra type="gra" index="2" head="1" relation="NEG"/></mor-post></mor></w>
    <w>cry<mor type="mor"><mw><pos><c>v</c></pos><stem>cry</stem></mw><gra type="gra" index="3" head="0" relation="ROOT"/></mor></w>
    <t type="p"><mor type="mor"><mt type="p"/><gra type="gra" index="4" head="3" relation="PUNCT"/></mor></t>
    <media
      start="423.207"
      end="425.559"
      unit="s"
    />
  </u>
  <u who="CHI" uID="u2">
    <w>don't<mor type="mor"><mw><pos><c>mod</c></pos><stem>do</stem></mw><gra type="gra" index="1" head="3" relation="AUX"/><mor-post><mw><pos><c>neg</c></pos><stem>not</stem></mw><gra type="gra" index="2" head="1" relation="NEG"/></mor-post></mor></w>
    <w>cry<mor type="mor"><mw><pos><c>v</c></pos><stem>cry</stem></mw><gra type="gra" index="3" head="0" relation="ROOT"/></mor></w>
    <t type="p"><mor type="mor"><mt type="p"/><gra type="gra" index="4" head="3" relation="PUNCT"/></mor></t>
    <media
      start="425.559"
      end="427.043"
      unit="s"
    />
  </u>
  <u who="CHI" uID="u3">
    <w>don't<mor type="mor"><mw><pos><c>mod</c></pos><stem>do</stem></mw><gra type="gra" index="1" head="3" relation="AUX"/><mor-post><mw><pos><c>neg</c></pos><stem>not</stem></mw><gra type="gra" index="2" head="1" relation="NEG"/></mor-post></mor></w>
    <w>cry<mor type="mor"><mw><pos><c>v</c></pos><stem>cry</stem></mw><gra type="gra" index="3" head="0" relation="ROOT"/></mor></w>
    <t type="p"><mor type="mor"><mt type="p"/><gra type="gra" index="4" head="3" relation="PUNCT"/></mor></t>
    <media
      start="427.043"
      end="430.128"
      unit="s"
    />
  </u>
  <u who="CHI" uID="u4">
    <w>what's<mor type="mor"><mw><pos><c>pro</c><s>int</s></pos><stem>what</stem></mw><gra type="gra" index="1" head="2" relation="SUBJ"/><mor-post><mw><pos><c>cop</c></pos><stem>be</stem><mk type="sfxf">3S</mk></mw><gra type="gra" index="2" head="0" relation="ROOT"/></mor-post></mor></w>
    <w>that<mor type="mor"><mw><pos><c>pro</c><s>dem</s></pos><stem>that</stem></mw><gra type="gra" index="3" head="2" relation="PRED"/></mor></w>
    <t type="q"><mor type="mor"><mt type="q"/><gra type="gra" index="4" head="2" relation="PUNCT"/></mor></t>
    <media
      start="503.714"
      end="505.730"
      unit="s"
    />
  </u>
  <u who="CHI" uID="u5">
    <w>what's<mor type="mor"><mw><pos><c>pro</c><s>int</s></pos><stem>what</stem></mw><gra type="gra" index="1" head="2" relation="SUBJ"/><mor-post><mw><pos><c>cop</c></pos><stem>be</stem><mk type="sfxf">3S</mk></mw><gra type="gra" index="2" head="0" relation="ROOT"/></mor-post></mor></w>
    <w>that<mor type="mor"><mw><pos><c>pro</c><s>dem</s></pos><stem>that</stem></mw><gra type="gra" index="3" head="2" relation="PRED"/></mor></w>
    <t type="q"><mor type="mor"><mt type="q"/><gra type="gra" index="4" head="2" relation="PUNCT"/></mor></t>
    <media
      start="505.730"
      end="507.332"
      unit="s"
    />
  </u>
  <u who="CHI" uID="u6">
    <w>what's<mor type="mor"><mw><pos><c>pro</c><s>int</s></pos><stem>what</stem></mw><gra type="gra" index="1" head="2" relation="SUBJ"/><mor-post><mw><pos><c>cop</c></pos><stem>be</stem><mk type="sfxf">3S</mk></mw><gra type="gra" index="2" head="0" relation="ROOT"/></mor-post></mor></w>
    <w>that<mor type="mor"><mw><pos><c>pro</c><s>dem</s></pos><stem>that</stem></mw><gra type="gra" index="3" head="2" relation="PRED"/></mor></w>
    <t type="q"><mor type="mor"><mt type="q"/><gra type="gra" index="4" head="2" relation="PUNCT"/></mor></t>

  </u>
  <u who="CHI" uID="u7">
    <w>a<mor type="mor"><mw><pos><c>det</c><s>art</s></pos><stem>a</stem></mw><gra type="gra" index="1" head="2" relation="DET"/></mor></w>
    <w>boo_boo<mor type="mor"><mw><pos><c>n</c></pos><stem>boo</stem><mk type="sfxf">DUP</mk></mw><gra type="gra" index="2" head="0" relation="INCROOT"/></mor></w>
    <t type="p"><mor type="mor"><mt type="p"/><gra type="gra" index="3" head="2" relation="PUNCT"/></mor></t>
    <media
      start="509.332"
      end="511.182"
      unit="s"
    />
  </u>
  <u who="CHI" uID="u8">
    <w>piggie<mor type="mor"><mw><pos><c>n</c></pos><stem>pig</stem><mk type="sfx">DIM</mk></mw><gra type="gra" index="1" head="0" relation="INCROOT"/></mor></w>
    <t type="p"><mor type="mor"><mt type="p"/><gra type="gra" index="2" head="1" relation="PUNCT"/></mor></t>
    <media
      start="511.182"
      end="512.634"
      unit="s"
    />
  </u>
  <u who="CHI" uID="u9">
    <w untranscribed="unintelligible">xxx</w>
    <t type="p"></t>
    <media
      start="515.634"
      end="517.667"
      unit="s"
    />
  </u>
  <u who="CHI" uID="u10">
    <w>piggie<mor type="mor"><mw><pos><c>n</c></pos><stem>pig</stem><mk type="sfx">DIM</mk></mw><gra type="gra" index="1" head="0" relation="INCROOT"/></mor></w>
    <t type="p"><mor type="mor"><mt type="p"/><gra type="gra" index="2" head="1" relation="PUNCT"/></mor></t>
    <media
      start="517.667"
      end="520.686"
      unit="s"
    />
  </u>
  <u who="CHI" uID="u11">
    <w>piggie<mor type="mor"><mw><pos><c>n</c></pos><stem>pig</stem><mk type="sfx">DIM</mk></mw><gra type="gra" index="1" head="0" relation="INCROOT"/></mor></w>
    <t type="p"><mor type="mor"><mt type="p"/><gra type="gra" index="2" head="1" relation="PUNCT"/></mor></t>
    <media
      start="520.686"
      end="522.621"
      unit="s"
    />
  </u>
  <u who="CHI" uID="u12">
    <w untranscribed="unintelligible">xxx</w>
    <t type="p"></t>
    <media
      start="522.621"
      end="525.406"
      unit="s"
    />
  </u>
  <u who="CHI" uID="u13">
    <w>no<mor type="mor"><mw><pos><c>co</c></pos><stem>no</stem></mw><gra type="gra" index="1" head="0" relation="INCROOT"/></mor></w>
    <t type="p"><mor type="mor"><mt type="p"/><gra type="gra" index="2" head="1" relation="PUNCT"/></mor></t>
    <media
      start="525.406"
      end="527.525"
      unit="s"
    />
  </u>
  <u who="CHI" uID="u14">
    <w>no<mor type="mor"><mw><pos><c>co</c></pos><stem>no</stem></mw><gra type="gra" index="1" head="0" relation="INCROOT"/></mor></w>
    <t type="p"><mor type="mor"><mt type="p"/><gra type="gra" index="2" head="1" relation="PUNCT"/></mor></t>
    <media
      start="527.525"
      end="528.842"
      unit="s"
    />
  </u>
  <u who="CHI" uID="u15">
    <w>no<mor type="mor"><mw><pos><c>co</c></pos><stem>no</stem></mw><gra type="gra" index="1" head="0" relation="INCROOT"/></mor></w>
    <t type="p"><mor type="mor"><mt type="p"/><gra type="gra" index="2" head="1" relation="PUNCT"/></mor></t>
    <media
      start="528.842"
      end="531.160"
      unit="s"
    />
  </u>
  <u who="CHI" uID="u16">
    <w>and<mor type="mor"><mw><pos><c>coord</c></pos><stem>and</stem></mw><gra type="gra" index="1" head="0" relation="INCROOT"/></mor></w>
    <w>don't<mor type="mor"><mw><pos><c>mod</c></pos><stem>do</stem></mw><gra type="gra" index="2" head="4" relation="AUX"/><mor-post><mw><pos><c>neg</c></pos><stem>not</stem></mw><gra type="gra" index="3" head="2" relation="NEG"/></mor-post></mor></w>
    <t type="p"><mor type="mor"><mt type="p"/><gra type="gra" index="4" head="1" relation="PUNCT"/></mor></t>
    <media
      start="531.160"
      end="533.512"
      unit="s"
    />
  </u>
  <u who="CHI" uID="u17">
    <w>and<mor type="mor"><mw><pos><c>coord</c></pos><stem>and</stem></mw><gra type="gra" index="1" head="0" relation="INCROOT"/></mor></w>
    <t type="p"><mor type="mor"><mt type="p"/><gra type="gra" index="2" head="1" relation="PUNCT"/></mor></t>
    <media
      start="533.512"
      end="535.112"
      unit="s"
    />
  </u>
  <u who="CHI" uID="u18">
    <w>and<mor type="mor"><mw><pos><c>coord</c></pos><stem>and</stem></mw><gra type="gra" index="1" head="0" relation="INCROOT"/></mor></w>
    <t type="p"><mor type="mor"><mt type="p"/><gra type="gra" index="2" head="1" relation="PUNCT"/></mor></t>
    <media
      start="535.112"
      end="536.813"
      unit="s"
    />
  </u>
  <u who="CHI" uID="u19">
    <w>Georgie<mor type="mor"><mw><pos><c>n</c><s>prop</s></pos><stem>Georgie</stem></mw><gra type="gra" index="1" head="0" relation="INCROOT"/></mor></w>
    <t type="p"><mor type="mor"><mt type="p"/><gra type="gra" index="2" head="1" relation="PUNCT"/></mor></t>
    <media
      start="566.813"
      end="568.413"
      unit="s"
    />
  </u>
  <comment type="Tape Location">554</comment>
  <u who="CHI" uID="u20">
    <w>and<mor type="mor"><mw><pos><c>coord</c></pos><stem>and</stem></mw><gra type="gra" index="1" head="0" relation="INCROOT"/></mor></w>
    <t type="p"><mor type="mor"><mt type="p"/><gra type="gra" index="2" head="1" relation="PUNCT"/></mor></t>
    <media
      start="568.413"
      end="570.615"
      unit="s"
    />
  </u>
  <u who="CHI" uID="u21">
    <w>and<mor type="mor"><mw><pos><c>coord</c></pos><stem>and</stem></mw><gra type="gra" index="1" head="0" relation="INCROOT"/></mor></w>
    <t type="p"><mor type="mor"><mt type="p"/><gra type="gra" index="2" head="1" relation="PUNCT"/></mor></t>
    <media
      start="570.615"
      end="571.898"
      unit="s"
    />
  </u>
  <u who="CHI" uID="u22">
    <w>and<mor type="mor"><mw><pos><c>coord</c></pos><stem>and</stem></mw><gra type="gra" index="1" head="0" relation="INCROOT"/></mor></w>
    <t type="p"><mor type="mor"><mt type="p"/><gra type="gra" index="2" head="1" relation="PUNCT"/></mor></t>
    <media
      start="571.898"
      end="572.800"
      unit="s"
    />
  </u>
  <u who="CHI" uID="u23">
    <w>and<mor type="mor"><mw><pos><c>coord</c></pos><stem>and</stem></mw><gra type="gra" index="1" head="0" relation="INCROOT"/></mor></w>
    <t type="p"><mor type="mor"><mt type="p"/><gra type="gra" index="2" head="1" relation="PUNCT"/></mor></t>
    <media
      start="572.800"
      end="573.550"
      unit="s"
    />
  </u>
  <u who="CHI" uID="u24">
    <w>Georgie<mor type="mor"><mw><pos><c>n</c><s>prop</s></pos><stem>Georgie</stem></mw><gra type="gra" index="1" head="0" relation="INCROOT"/></mor></w>
    <t type="p"><mor type="mor"><mt type="p"/><gra type="gra" index="2" head="1" relation="PUNCT"/></mor></t>
    <media
      start="573.550"
      end="603.169"
      unit="s"
    />
  </u>
  <u who="CHI" uID="u25">
    <w>Georgie<mor type="mor"><mw><pos><c>n</c><s>prop</s></pos><stem>Georgie</stem></mw><gra type="gra" index="1" head="0" relation="INCROOT"/></mor></w>
    <t type="p"><mor type="mor"><mt type="p"/><gra type="gra" index="2" head="1" relation="PUNCT"/></mor></t>

  </u>
  <u who="CHI" uID="u26">
    <w>hey<mor type="mor"><mw><pos><c>co</c></pos><stem>hey</stem></mw><gra type="gra" index="1" head="2" relation="COM"/></mor></w>
    <w>Georgie<mor type="mor"><mw><pos><c>n</c><s>prop</s></pos><stem>Georgie</stem></mw><gra type="gra" index="2" head="0" relation="INCROOT"/></mor></w>
    <t type="p"><mor type="mor"><mt type="p"/><gra type="gra" index="3" head="2" relation="PUNCT"/></mor></t>

  </u>
  <u who="CHI" uID="u27">
    <w>hey<mor type="mor"><mw><pos><c>co</c></pos><stem>hey</stem></mw><gra type="gra" index="1" head="2" relation="COM"/></mor></w>
    <w>George<mor type="mor"><mw><pos><c>n</c><s>prop</s></pos><stem>George</stem></mw><gra type="gra" index="2" head="0" relation="INCROOT"/></mor></w>
    <t type="p"><mor type="mor"><mt type="p"/><gra type="gra" index="3" head="2" relation="PUNCT"/></mor></t>

  </u>
  <comment type="Tape Location">563</comment>
  <u who="CHI" uID="u28">
    <g><w untranscribed="unintelligible">xxx</w><ga type="paralinguistics">whispered</ga></g>
    <t type="p"></t>

  </u>
  <u who="CHI" uID="u29">
    <w>piggie<mor type="mor"><mw><pos><c>n</c></pos><stem>pig</stem><mk type="sfx">DIM</mk></mw><gra type="gra" index="1" head="0" relation="INCROOT"/></mor></w>
    <t type="p"><mor type="mor"><mt type="p"/><gra type="gra" index="2" head="1" relation="PUNCT"/></mor></t>

  </u>
  <u who="CHI" uID="u30">
    <w>piggie<mor type="mor"><mw><pos><c>n</c></pos><stem>pig</stem><mk type="sfx">DIM</mk></mw><gra type="gra" index="1" head="0" relation="INCROOT"/></mor></w>
    <t type="p"><mor type="mor"><mt type="p"/><gra type="gra" index="2" head="1" relation="PUNCT"/></mor></t>

  </u>
  <comment type="Tape Location">570</comment>
  <u who="CHI" uID="u31">
    <w untranscribed="unintelligible">xxx</w>
    <t type="p"></t>
    <media
      start="619.169"
      end="620.635"
      unit="s"
    />
  </u>
  <u who="CHI" uID="u32">
    <w>gon<shortening>na</shortening><mor type="mor"><mw><pos><c>part</c></pos><stem>go</stem><mk type="sfx">PRESP</mk></mw><gra type="gra" index="1" head="0" relation="INCROOT"/><mor-post><mw><pos><c>inf</c></pos><stem>to</stem></mw><gra type="gra" index="2" head="3" relation="INF"/></mor-post></mor></w>
    <w>get<mor type="mor"><mw><pos><c>v</c></pos><stem>get</stem></mw><gra type="gra" index="3" head="1" relation="COMP"/></mor></w>
    <t type="p"><mor type="mor"><mt type="p"/><gra type="gra" index="4" head="1" relation="PUNCT"/></mor></t>
    <media
      start="623.169"
      end="624.769"
      unit="s"
    />
  </u>
  <u who="CHI" uID="u33">
    <w>yeah<mor type="mor"><mw><pos><c>co</c></pos><stem>yeah</stem></mw><gra type="gra" index="1" head="0" relation="INCROOT"/></mor></w>
    <t type="p"><mor type="mor"><mt type="p"/><gra type="gra" index="2" head="1" relation="PUNCT"/></mor></t>
    <media
      start="624.769"
      end="628.054"
      unit="s"
    />
  </u>
  <u who="CHI" uID="u34">
    <w>I<mor type="mor"><mw><pos><c>pro</c><s>sub</s></pos><stem>I</stem></mw><gra type="gra" index="1" head="2" relation="SUBJ"/></mor></w>
    <w untranscribed="unintelligible-with-pho">yyy</w>
    <w>man<mor type="mor"><mw><pos><c>v</c></pos><stem>man</stem></mw><gra type="gra" index="2" head="0" relation="ROOT"/></mor></w>
    <t type="p"><mor type="mor"><mt type="p"/><gra type="gra" index="3" head="2" relation="PUNCT"/></mor></t>
    <media
      start="629.854"
      end="631.637"
      unit="s"
    />
    <a type="extension" flavor="pho">/i/</a>
  </u>
  <u who="CHI" uID="u35">
    <w>man<mor type="mor"><mw><pos><c>n</c></pos><stem>man</stem></mw><gra type="gra" index="1" head="0" relation="INCROOT"/></mor></w>
    <t type="p"><mor type="mor"><mt type="p"/><gra type="gra" index="2" head="1" relation="PUNCT"/></mor></t>
    <media
      start="631.637"
      end="633.056"
      unit="s"
    />
  </u>
  <u who="CHI" uID="u36">
    <w>man<mor type="mor"><mw><pos><c>n</c></pos><stem>man</stem></mw><gra type="gra" index="1" head="0" relation="INCROOT"/></mor></w>
    <t type="p"><mor type="mor"><mt type="p"/><gra type="gra" index="2" head="1" relation="PUNCT"/></mor></t>
    <media
      start="633.056"
      end="634.406"
      unit="s"
    />
  </u>
  <u who="CHI" uID="u37">
    <w>man<mor type="mor"><mw><pos><c>n</c></pos><stem>man</stem></mw><gra type="gra" index="1" head="0" relation="INCROOT"/></mor></w>
    <w untranscribed="unintelligible">xxx</w>
    <t type="p"><mor type="mor"><mt type="p"/><gra type="gra" index="2" head="1" relation="PUNCT"/></mor></t>
    <media
      start="634.406"
      end="634.756"
      unit="s"
    />
  </u>
  <comment type="Tape Location">582-584</comment>
  <comment type="Generic">sing-song inaudible utterances</comment>
  <comment type="Tape Location">605</comment>
  <u who="CHI" uID="u38">
    <w>there's<mor type="mor"><mw><pos><c>pro</c><s>exist</s></pos><stem>there</stem></mw><gra type="gra" index="1" head="2" relation="SUBJ"/><mor-post><mw><pos><c>cop</c></pos><stem>be</stem><mk type="sfxf">3S</mk></mw><gra type="gra" index="2" head="0" relation="ROOT"/></mor-post></mor></w>
    <w>a<mor type="mor"><mw><pos><c>det</c><s>art</s></pos><stem>a</stem></mw><gra type="gra" index="3" head="4" relation="DET"/></mor></w>
    <w>monkey<mor type="mor"><mw><pos><c>n</c></pos><stem>monkey</stem></mw><gra type="gra" index="4" head="2" relation="PRED"/></mor></w>
    <t type="p"><mor type="mor"><mt type="p"/><gra type="gra" index="5" head="2" relation="PUNCT"/></mor></t>
    <media
      start="749.966"
      end="751.232"
      unit="s"
    />
  </u>
  <u who="CHI" uID="u39">
    <w>there's<mor type="mor"><mw><pos><c>pro</c><s>exist</s></pos><stem>there</stem></mw><gra type="gra" index="1" head="2" relation="SUBJ"/><mor-post><mw><pos><c>cop</c></pos><stem>be</stem><mk type="sfxf">3S</mk></mw><gra type="gra" index="2" head="0" relation="ROOT"/></mor-post></mor></w>
    <w>a<mor type="mor"><mw><pos><c>det</c><s>art</s></pos><stem>a</stem></mw><gra type="gra" index="3" head="4" relation="DET"/></mor></w>
    <w>monkey<mor type="mor"><mw><pos><c>n</c></pos><stem>monkey</stem></mw><gra type="gra" index="4" head="2" relation="PRED"/></mor></w>
    <t type="p"><mor type="mor"><mt type="p"/><gra type="gra" index="5" head="2" relation="PUNCT"/></mor></t>
    <media
      start="751.232"
      end="752.918"
      unit="s"
    />
  </u>
  <u who="CHI" uID="u40">
    <w>there's<mor type="mor"><mw><pos><c>pro</c><s>exist</s></pos><stem>there</stem></mw><gra type="gra" index="1" head="2" relation="SUBJ"/><mor-post><mw><pos><c>cop</c></pos><stem>be</stem><mk type="sfxf">3S</mk></mw><gra type="gra" index="2" head="0" relation="ROOT"/></mor-post></mor></w>
    <w>a<mor type="mor"><mw><pos><c>det</c><s>art</s></pos><stem>a</stem></mw><gra type="gra" index="3" head="4" relation="DET"/></mor></w>
    <w>monkey<mor type="mor"><mw><pos><c>n</c></pos><stem>monkey</stem></mw><gra type="gra" index="4" head="2" relation="PRED"/></mor></w>
    <t type="p"><mor type="mor"><mt type="p"/><gra type="gra" index="5" head="2" relation="PUNCT"/></mor></t>
    <media
      start="752.918"
      end="754.418"
      unit="s"
    />
  </u>
  <u who="CHI" uID="u41">
    <w>there's<mor type="mor"><mw><pos><c>pro</c><s>exist</s></pos><stem>there</stem></mw><gra type="gra" index="1" head="2" relation="SUBJ"/><mor-post><mw><pos><c>cop</c></pos><stem>be</stem><mk type="sfxf">3S</mk></mw><gra type="gra" index="2" head="0" relation="ROOT"/></mor-post></mor></w>
    <w>a<mor type="mor"><mw><pos><c>det</c><s>art</s></pos><stem>a</stem></mw><gra type="gra" index="3" head="4" relation="DET"/></mor></w>
    <w>monk<mor type="mor"><mw><pos><c>n</c></pos><stem>monk</stem></mw><gra type="gra" index="4" head="2" relation="PRED"/></mor></w>
    <t type="p"><mor type="mor"><mt type="p"/><gra type="gra" index="5" head="2" relation="PUNCT"/></mor></t>
    <media
      start="754.418"
      end="756.203"
      unit="s"
    />
  </u>
  <u who="CHI" uID="u42">
    <w>there's<mor type="mor"><mw><pos><c>pro</c><s>exist</s></pos><stem>there</stem></mw><gra type="gra" index="1" head="2" relation="SUBJ"/><mor-post><mw><pos><c>cop</c></pos><stem>be</stem><mk type="sfxf">3S</mk></mw><gra type="gra" index="2" head="0" relation="ROOT"/></mor-post></mor></w>
    <w>a<mor type="mor"><mw><pos><c>det</c><s>art</s></pos><stem>a</stem></mw><gra type="gra" index="3" head="4" relation="DET"/></mor></w>
    <w>monkey<mor type="mor"><mw><pos><c>n</c></pos><stem>monkey</stem></mw><gra type="gra" index="4" head="2" relation="PRED"/></mor></w>
    <t type="p"><mor type="mor"><mt type="p"/><gra type="gra" index="5" head="2" relation="PUNCT"/></mor></t>
    <media
      start="756.203"
      end="757.536"
      unit="s"
    />
  </u>
  <comment type="Tape Location">630</comment>
  <u who="CHI" uID="u43">
    <w untranscribed="unintelligible">xxx</w>
    <w>Grampa<mor type="mor"><mw><pos><c>n</c><s>prop</s></pos><stem>Grampa</stem></mw><gra type="gra" index="1" head="0" relation="INCROOT"/></mor></w>
    <t type="p"><mor type="mor"><mt type="p"/><gra type="gra" index="2" head="1" relation="PUNCT"/></mor></t>
    <media
      start="829.536"
      end="830.619"
      unit="s"
    />
  </u>
  <u who="CHI" uID="u44">
    <w>Agra<mor type="mor"><mw><pos><c>n</c><s>prop</s></pos><stem>Agra</stem></mw><gra type="gra" index="1" head="0" relation="INCROOT"/></mor></w>
    <t type="p"><mor type="mor"><mt type="p"/><gra type="gra" index="2" head="1" relation="PUNCT"/></mor></t>
    <media
      start="830.619"
      end="833.754"
      unit="s"
    />
  </u>
  <comment type="Tape Location">642</comment>
  <u who="CHI" uID="u45">
    <w type="filler">uh</w>
    <w>talk<mor type="mor"><mw><pos><c>n</c></pos><stem>talk</stem></mw><gra type="gra" index="1" head="2" relation="MOD"/></mor></w>
    <w>Gammy<mor type="mor"><mw><pos><c>n</c><s>prop</s></pos><stem>Gammy</stem></mw><gra type="gra" index="2" head="0" relation="ROOT"/></mor></w>
    <t type="p"><mor type="mor"><mt type="p"/><gra type="gra" index="3" head="2" relation="PUNCT"/></mor></t>
    <media
      start="874.754"
      end="876.270"
      unit="s"
    />
  </u>
  <u who="CHI" uID="u46">
    <w type="filler">uh</w>
    <w>talk<mor type="mor"><mw><pos><c>n</c></pos><stem>talk</stem></mw><gra type="gra" index="1" head="2" relation="MOD"/></mor></w>
    <w>Gammy<mor type="mor"><mw><pos><c>n</c><s>prop</s></pos><stem>Gammy</stem></mw><gra type="gra" index="2" head="0" relation="ROOT"/></mor></w>
    <t type="p"><mor type="mor"><mt type="p"/><gra type="gra" index="3" head="2" relation="PUNCT"/></mor></t>
    <media
      start="876.270"
      end="878.372"
      unit="s"
    />
    <a type="situation">Father on phone</a>
  </u>
  <u who="FAT" uID="u47">
    <w>hm<p type="drawl"/><mor type="mor"><mw><pos><c>co</c></pos><stem>hm</stem></mw><gra type="gra" index="1" head="0" relation="INCROOT"/></mor></w>
    <t type="q"><mor type="mor"><mt type="q"/><gra type="gra" index="2" head="1" relation="PUNCT"/></mor></t>
    <media
      start="878.372"
      end="878.756"
      unit="s"
    />
  </u>
  <u who="CHI" uID="u48">
    <w type="filler">uh</w>
    <w>talk<mor type="mor"><mw><pos><c>n</c></pos><stem>talk</stem></mw><gra type="gra" index="1" head="2" relation="MOD"/></mor></w>
    <w>Gammy<mor type="mor"><mw><pos><c>n</c><s>prop</s></pos><stem>Gammy</stem></mw><gra type="gra" index="2" head="0" relation="ROOT"/></mor></w>
    <t type="p"><mor type="mor"><mt type="p"/><gra type="gra" index="3" head="2" relation="PUNCT"/></mor></t>
    <media
      start="878.756"
      end="879.756"
      unit="s"
    />
  </u>
  <u who="FAT" uID="u49">
    <w>alright<mor type="mor"><mw><pos><c>co</c></pos><stem>alright</stem></mw><gra type="gra" index="1" head="0" relation="INCROOT"/></mor></w>
    <t type="p"><mor type="mor"><mt type="p"/><gra type="gra" index="2" head="1" relation="PUNCT"/></mor></t>
    <media
      start="1540.756"
      end="1543.958"
      unit="s"
    />
    <a type="addressee">to person on phone</a>
  </u>
  <comment type="Tape Location">870</comment>
  <u who="CHI" uID="u50">
    <w>alright<mor type="mor"><mw><pos><c>co</c></pos><stem>alright</stem></mw><gra type="gra" index="1" head="0" relation="INCROOT"/></mor></w>
    <t type="p"><mor type="mor"><mt type="p"/><gra type="gra" index="2" head="1" relation="PUNCT"/></mor></t>
    <media
      start="1543.958"
      end="1545.591"
      unit="s"
    />
    <a type="speech act">$IMIT</a>
    <a type="paralinguistics">sing song over and over</a>
  </u>
  <u who="FAT" uID="u51">
    <w>have<mor type="mor"><mw><pos><c>v</c></pos><stem>have</stem></mw><gra type="gra" index="1" head="0" relation="ROOT"/></mor></w>
    <w>a<mor type="mor"><mw><pos><c>det</c><s>art</s></pos><stem>a</stem></mw><gra type="gra" index="2" head="4" relation="DET"/></mor></w>
    <w>good<mor type="mor"><mw><pos><c>adj</c></pos><stem>good</stem></mw><gra type="gra" index="3" head="4" relation="MOD"/></mor></w>
    <w>week<mor type="mor"><mw><pos><c>n</c></pos><stem>week</stem></mw><gra type="gra" index="4" head="1" relation="OBJ"/></mor></w>
    <t type="p"><mor type="mor"><mt type="p"/><gra type="gra" index="5" head="1" relation="PUNCT"/></mor></t>
    <media
      start="1566.591"
      end="1567.757"
      unit="s"
    />
    <a type="addressee">to person on phone</a>
  </u>
  <u who="CHI" uID="u52">
    <w>good<mor type="mor"><mw><pos><c>adj</c></pos><stem>good</stem></mw><gra type="gra" index="1" head="2" relation="MOD"/></mor></w>
    <w>week<mor type="mor"><mw><pos><c>n</c></pos><stem>week</stem></mw><gra type="gra" index="2" head="0" relation="INCROOT"/></mor></w>
    <t type="p"><mor type="mor"><mt type="p"/><gra type="gra" index="3" head="2" relation="PUNCT"/></mor></t>
    <media
      start="1567.757"
      end="1572.578"
      unit="s"
    />
    <a type="speech act">$IMIT</a>
    <a type="paralinguistics">sing song over and over</a>
  </u>
  <u who="FAT" uID="u53">
    <w>okay<mor type="mor"><mw><pos><c>co</c></pos><stem>okay</stem></mw><gra type="gra" index="1" head="0" relation="INCROOT"/></mor></w>
    <t type="p"><mor type="mor"><mt type="p"/><gra type="gra" index="2" head="1" relation="PUNCT"/></mor></t>
    <media
      start="1572.578"
      end="1618.040"
      unit="s"
    />
    <a type="addressee">to person on phone</a>
  </u>
  <u who="CHI" uID="u54">
    <w>okay<mor type="mor"><mw><pos><c>co</c></pos><stem>okay</stem></mw><gra type="gra" index="1" head="0" relation="INCROOT"/></mor></w>
    <t type="p"><mor type="mor"><mt type="p"/><gra type="gra" index="2" head="1" relation="PUNCT"/></mor></t>
    <media
      start="1618.040"
      end="1618.274"
      unit="s"
    />
    <a type="speech act">$IMIT</a>
    <a type="comments">break in recording</a>
    <a type="paralinguistics">sing song over and over</a>
  </u>
</CHAT>