<?xml version="1.0" encoding="UTF-8"?>

<CHAT xmlns:xsi="http://www.w3.org/2001/XMLSchema-instance"
      xmlns="http://www.talkbank.org/ns/talkbank"
      xsi:schemaLocation="http://www.talkbank.org/ns/talkbank https://talkbank.org/software/talkbank.xsd"
      Media="020126" Mediatypes="audio"
      PID="11312/c-00017364-1"
      Version="2.14.0"
      Lang="eng"
      Corpus="Sachs"
      Date="1970-08-03"
      >
  <Participants>
    <participant
      id="CHI"
    name="Naomi"
      role="Target_Child"
      language="eng"
      age="P2Y01M26D"
      sex="female"

    />
    <participant
      id="FAT"
      role="Father"
      language="eng"
      sex="male"

    />
    <participant
      id="MOT"
      role="Mother"
      language="eng"
      sex="female"

    />
  </Participants>
  <comment type="Tape Location">380</comment>
  <comment type="Date">03-AUG-1970</comment>
  <u who="CHI" uID="u0">
    <w>take<mor type="mor"><mw><pos><c>v</c></pos><stem>take</stem></mw><gra type="gra" index="1" head="0" relation="ROOT"/></mor></w>
    <w>it<mor type="mor"><mw><pos><c>pro</c><s>per</s></pos><stem>it</stem></mw><gra type="gra" index="2" head="1" relation="OBJ"/></mor></w>
    <w>here<mor type="mor"><mw><pos><c>adv</c></pos><stem>here</stem></mw><gra type="gra" index="3" head="1" relation="JCT"/></mor></w>
    <t type="p"><mor type="mor"><mt type="p"/><gra type="gra" index="4" head="1" relation="PUNCT"/></mor></t>
    <media
      start="38.000"
      end="41.368"
      unit="s"
    />
  </u>
  <u who="CHI" uID="u1">
    <w>take<mor type="mor"><mw><pos><c>v</c></pos><stem>take</stem></mw><gra type="gra" index="1" head="0" relation="ROOT"/></mor></w>
    <w>it<mor type="mor"><mw><pos><c>pro</c><s>per</s></pos><stem>it</stem></mw><gra type="gra" index="2" head="1" relation="OBJ"/></mor></w>
    <w>here<mor type="mor"><mw><pos><c>adv</c></pos><stem>here</stem></mw><gra type="gra" index="3" head="1" relation="JCT"/></mor></w>
    <t type="p"><mor type="mor"><mt type="p"/><gra type="gra" index="4" head="1" relation="PUNCT"/></mor></t>
    <media
      start="41.368"
      end="43.002"
      unit="s"
    />
  </u>
  <u who="FAT" uID="u2">
    <w>take<mor type="mor"><mw><pos><c>v</c></pos><stem>take</stem></mw><gra type="gra" index="1" head="0" relation="ROOT"/></mor></w>
    <w>it<mor type="mor"><mw><pos><c>pro</c><s>per</s></pos><stem>it</stem></mw><gra type="gra" index="2" head="1" relation="OBJ"/></mor></w>
    <w>out<mor type="mor"><mw><pos><c>adv</c></pos><stem>out</stem></mw><gra type="gra" index="3" head="1" relation="JCT"/></mor></w>
    <t type="q"><mor type="mor"><mt type="q"/><gra type="gra" index="4" head="1" relation="PUNCT"/></mor></t>
    <media
      start="43.002"
      end="44.737"
      unit="s"
    />
  </u>
  <u who="CHI" uID="u3">
    <w>take<mor type="mor"><mw><pos><c>v</c></pos><stem>take</stem></mw><gra type="gra" index="1" head="0" relation="ROOT"/></mor></w>
    <w>it<mor type="mor"><mw><pos><c>pro</c><s>per</s></pos><stem>it</stem></mw><gra type="gra" index="2" head="1" relation="OBJ"/></mor></w>
    <w>out<mor type="mor"><mw><pos><c>adv</c></pos><stem>out</stem></mw><gra type="gra" index="3" head="1" relation="JCT"/></mor></w>
    <t type="p"><mor type="mor"><mt type="p"/><gra type="gra" index="4" head="1" relation="PUNCT"/></mor></t>
    <media
      start="44.737"
      end="45.704"
      unit="s"
    />
    <a type="speech act">$IMIT</a>
  </u>
  <u who="CHI" uID="u4">
    <w>take<mor type="mor"><mw><pos><c>v</c></pos><stem>take</stem></mw><gra type="gra" index="1" head="0" relation="ROOT"/></mor></w>
    <w>it<mor type="mor"><mw><pos><c>pro</c><s>per</s></pos><stem>it</stem></mw><gra type="gra" index="2" head="1" relation="OBJ"/></mor></w>
    <w>out<mor type="mor"><mw><pos><c>adv</c></pos><stem>out</stem></mw><gra type="gra" index="3" head="1" relation="JCT"/></mor></w>
    <t type="p"><mor type="mor"><mt type="p"/><gra type="gra" index="4" head="1" relation="PUNCT"/></mor></t>
    <media
      start="45.704"
      end="48.456"
      unit="s"
    />
    <a type="speech act">$IMIT</a>
  </u>
  <u who="FAT" uID="u5">
    <w>this<mor type="mor"><mw><pos><c>det</c><s>dem</s></pos><stem>this</stem></mw><gra type="gra" index="1" head="2" relation="DET"/></mor></w>
    <w>morning<mor type="mor"><mw><pos><c>co</c></pos><stem>morning</stem></mw><gra type="gra" index="2" head="4" relation="COM"/></mor></w>
    <w>Nomi<mor type="mor"><mw><pos><c>n</c><s>prop</s></pos><stem>Nomi</stem></mw><gra type="gra" index="3" head="4" relation="SUBJ"/></mor></w>
    <w>asked<mor type="mor"><mw><pos><c>v</c></pos><stem>ask</stem><mk type="sfx">PAST</mk></mw><gra type="gra" index="4" head="0" relation="ROOT"/></mor></w>
    <t type="quotation next line"><mor type="mor"><mt type="quotation next line"/><gra type="gra" index="5" head="4" relation="PUNCT"/></mor></t>
    <media
      start="55.456"
      end="57.372"
      unit="s"
    />
  </u>
  <u who="FAT" uID="u6">
    <linker type="quoted utterance next"/>
    <w>what<mor type="mor"><mw><pos><c>pro</c><s>int</s></pos><stem>what</stem></mw><gra type="gra" index="1" head="2" relation="SUBJ"/></mor></w>
    <w>are<mor type="mor"><mw><pos><c>cop</c></pos><stem>be</stem><mk type="sfxf">PRES</mk></mw><gra type="gra" index="2" head="0" relation="ROOT"/></mor></w>
    <w>we<mor type="mor"><mw><pos><c>pro</c><s>sub</s></pos><stem>we</stem></mw><gra type="gra" index="3" head="2" relation="PRED"/></mor></w>
    <w>going<mor type="mor"><mw><pos><c>part</c></pos><stem>go</stem><mk type="sfx">PRESP</mk></mw><gra type="gra" index="4" head="3" relation="XMOD"/></mor></w>
    <w>to<mor type="mor"><mw><pos><c>inf</c></pos><stem>to</stem></mw><gra type="gra" index="5" head="6" relation="INF"/></mor></w>
    <w>go<mor type="mor"><mw><pos><c>v</c></pos><stem>go</stem></mw><gra type="gra" index="6" head="4" relation="COMP"/></mor></w>
    <t type="p"><mor type="mor"><mt type="p"/><gra type="gra" index="7" head="2" relation="PUNCT"/></mor></t>
    <media
      start="57.372"
      end="60.341"
      unit="s"
    />
  </u>
  <u who="FAT" uID="u7">
    <w>and<mor type="mor"><mw><pos><c>coord</c></pos><stem>and</stem></mw><gra type="gra" index="1" head="4" relation="LINK"/></mor></w>
    <w>she<mor type="mor"><mw><pos><c>pro</c><s>sub</s></pos><stem>she</stem></mw><gra type="gra" index="2" head="4" relation="SUBJ"/></mor></w>
    <w>also<mor type="mor"><mw><pos><c>adv</c></pos><stem>also</stem></mw><gra type="gra" index="3" head="4" relation="JCT"/></mor></w>
    <w>said<mor type="mor"><mw><pos><c>v</c></pos><stem>say</stem><mk type="sfxf">PAST</mk></mw><gra type="gra" index="4" head="0" relation="ROOT"/></mor></w>
    <pause symbolic-length="simple"/>
    <t type="quotation next line"><mor type="mor"><mt type="quotation next line"/><gra type="gra" index="5" head="4" relation="PUNCT"/></mor></t>
    <media
      start="64.341"
      end="66.274"
      unit="s"
    />
  </u>
  <u who="FAT" uID="u8">
    <linker type="quoted utterance next"/>
    <w>I<mor type="mor"><mw><pos><c>pro</c><s>sub</s></pos><stem>I</stem></mw><gra type="gra" index="1" head="3" relation="SUBJ"/></mor></w>
    <w>was<mor type="mor"><mw><pos><c>aux</c></pos><stem>be</stem><mk type="sfxf">PAST</mk><mk type="sfxf">13S</mk></mw><gra type="gra" index="2" head="3" relation="AUX"/></mor></w>
    <w>lying<mor type="mor"><mw><pos><c>part</c></pos><stem>lie</stem><mk type="sfx">PRESP</mk></mw><gra type="gra" index="3" head="0" relation="ROOT"/></mor></w>
    <w>on<mor type="mor"><mw><pos><c>prep</c></pos><stem>on</stem></mw><gra type="gra" index="4" head="3" relation="JCT"/></mor></w>
    <w>it<mor type="mor"><mw><pos><c>pro</c><s>per</s></pos><stem>it</stem></mw><gra type="gra" index="5" head="4" relation="POBJ"/></mor></w>
    <t type="p"><mor type="mor"><mt type="p"/><gra type="gra" index="6" head="3" relation="PUNCT"/></mor></t>
    <media
      start="66.274"
      end="68.909"
      unit="s"
    />
  </u>
  <u who="FAT" uID="u9">
    <w>what's<mor type="mor"><mw><pos><c>pro</c><s>int</s></pos><stem>what</stem></mw><gra type="gra" index="1" head="4" relation="LINK"/><mor-post><mw><pos><c>aux</c></pos><stem>be</stem><mk type="sfxf">3S</mk></mw><gra type="gra" index="2" head="4" relation="AUX"/></mor-post></mor></w>
    <w>Sandy<mor type="mor"><mw><pos><c>n</c><s>prop</s></pos><stem>Sandy</stem></mw><gra type="gra" index="3" head="4" relation="SUBJ"/></mor></w>
    <w>doing<mor type="mor"><mw><pos><c>part</c></pos><stem>do</stem><mk type="sfx">PRESP</mk></mw><gra type="gra" index="4" head="0" relation="ROOT"/></mor></w>
    <w>Nomi<mor type="mor"><mw><pos><c>n</c><s>prop</s></pos><stem>Nomi</stem></mw><gra type="gra" index="5" head="4" relation="OBJ"/></mor></w>
    <t type="q"><mor type="mor"><mt type="q"/><gra type="gra" index="6" head="4" relation="PUNCT"/></mor></t>
    <media
      start="84.909"
      end="86.675"
      unit="s"
    />
  </u>
  <u who="CHI" uID="u10">
    <w formType="child-invented">uhs<mor type="mor"><mw><pos><c>chi</c></pos><stem>uhs</stem></mw><gra type="gra" index="1" head="3" relation="SUBJ"/></mor></w>
    <w>Sandy<mor type="mor"><mw><pos><c>n</c><s>prop</s></pos><stem>Sandy</stem></mw><gra type="gra" index="2" head="3" relation="AUX"/></mor></w>
    <w>doing<mor type="mor"><mw><pos><c>part</c></pos><stem>do</stem><mk type="sfx">PRESP</mk></mw><gra type="gra" index="3" head="0" relation="ROOT"/></mor></w>
    <t type="q"><mor type="mor"><mt type="q"/><gra type="gra" index="4" head="3" relation="PUNCT"/></mor></t>
    <media
      start="86.675"
      end="88.777"
      unit="s"
    />
    <a type="speech act">$IMIT</a>
  </u>
  <u who="CHI" uID="u11">
    <w type="filler">uh</w>
    <w>cookie<mor type="mor"><mw><pos><c>n</c></pos><stem>cookie</stem></mw><gra type="gra" index="1" head="0" relation="INCROOT"/></mor></w>
    <t type="p"><mor type="mor"><mt type="p"/><gra type="gra" index="2" head="1" relation="PUNCT"/></mor></t>
    <media
      start="105.777"
      end="107.377"
      unit="s"
    />
  </u>
  <u who="CHI" uID="u12">
    <w type="filler">uh</w>
    <w>Nomi<mor type="mor"><mw><pos><c>n</c><s>prop</s></pos><stem>Nomi</stem></mw><gra type="gra" index="1" head="2" relation="MOD"/></mor></w>
    <w>tea<wk type="cmp"/>cookie<mor type="mor"><mwc><pos><c>n</c></pos><mw><pos><c>n</c></pos><stem>tea</stem></mw><mw><pos><c>n</c></pos><stem>cookie</stem></mw></mwc><gra type="gra" index="2" head="0" relation="INCROOT"/></mor></w>
    <t type="p"><mor type="mor"><mt type="p"/><gra type="gra" index="3" head="2" relation="PUNCT"/></mor></t>
    <media
      start="107.377"
      end="112.947"
      unit="s"
    />
  </u>
  <u who="FAT" uID="u13">
    <w>what<mor type="mor"><mw><pos><c>pro</c><s>int</s></pos><stem>what</stem></mw><gra type="gra" index="1" head="0" relation="INCROOT"/></mor></w>
    <t type="q"><mor type="mor"><mt type="q"/><gra type="gra" index="2" head="1" relation="PUNCT"/></mor></t>
    <media
      start="112.947"
      end="113.247"
      unit="s"
    />
  </u>
  <u who="CHI" uID="u14">
    <w type="filler">uh</w>
    <w>the<mor type="mor"><mw><pos><c>det</c><s>art</s></pos><stem>the</stem></mw><gra type="gra" index="1" head="2" relation="DET"/></mor></w>
    <w>tea<wk type="cmp"/>cookie<mor type="mor"><mwc><pos><c>n</c></pos><mw><pos><c>n</c></pos><stem>tea</stem></mw><mw><pos><c>n</c></pos><stem>cookie</stem></mw></mwc><gra type="gra" index="2" head="0" relation="INCROOT"/></mor></w>
    <t type="p"><mor type="mor"><mt type="p"/><gra type="gra" index="3" head="2" relation="PUNCT"/></mor></t>
    <media
      start="113.247"
      end="115.583"
      unit="s"
    />
  </u>
  <u who="FAT" uID="u15">
    <w>the<mor type="mor"><mw><pos><c>det</c><s>art</s></pos><stem>the</stem></mw><gra type="gra" index="1" head="4" relation="DET"/></mor></w>
    <w>which<mor type="mor"><mw><pos><c>pro</c><s>rel</s></pos><stem>which</stem></mw><gra type="gra" index="2" head="4" relation="LINK"/></mor></w>
    <w>cookie<mor type="mor"><mw><pos><c>n</c></pos><stem>cookie</stem></mw><gra type="gra" index="3" head="4" relation="MOD"/></mor></w>
    <pause symbolic-length="simple"/>
    <w>Nomi<mor type="mor"><mw><pos><c>n</c><s>prop</s></pos><stem>Nomi</stem></mw><gra type="gra" index="4" head="0" relation="ROOT"/></mor></w>
    <t type="q"><mor type="mor"><mt type="q"/><gra type="gra" index="5" head="4" relation="PUNCT"/></mor></t>
    <media
      start="115.583"
      end="116.899"
      unit="s"
    />
  </u>
  <u who="CHI" uID="u16">
    <w>this<mor type="mor"><mw><pos><c>det</c><s>dem</s></pos><stem>this</stem></mw><gra type="gra" index="1" head="2" relation="DET"/></mor></w>
    <w>cookie<mor type="mor"><mw><pos><c>n</c></pos><stem>cookie</stem></mw><gra type="gra" index="2" head="0" relation="INCROOT"/></mor></w>
    <t type="p"><mor type="mor"><mt type="p"/><gra type="gra" index="3" head="2" relation="PUNCT"/></mor></t>
    <media
      start="116.899"
      end="118.515"
      unit="s"
    />
  </u>
  <u who="CHI" uID="u17">
    <w type="filler">uh</w>
    <w>that<mor type="mor"><mw><pos><c>det</c><s>dem</s></pos><stem>that</stem></mw><gra type="gra" index="1" head="2" relation="DET"/></mor></w>
    <w>tea<wk type="cmp"/>cookie<mor type="mor"><mwc><pos><c>n</c></pos><mw><pos><c>n</c></pos><stem>tea</stem></mw><mw><pos><c>n</c></pos><stem>cookie</stem></mw></mwc><gra type="gra" index="2" head="0" relation="INCROOT"/></mor></w>
    <t type="p"><mor type="mor"><mt type="p"/><gra type="gra" index="3" head="2" relation="PUNCT"/></mor></t>
    <media
      start="118.515"
      end="121.284"
      unit="s"
    />
  </u>
  <u who="CHI" uID="u18">
    <w>I<mor type="mor"><mw><pos><c>pro</c><s>sub</s></pos><stem>I</stem></mw><gra type="gra" index="1" head="2" relation="SUBJ"/></mor></w>
    <w>want<mor type="mor"><mw><pos><c>v</c></pos><stem>want</stem></mw><gra type="gra" index="2" head="0" relation="ROOT"/></mor></w>
    <w>the<mor type="mor"><mw><pos><c>det</c><s>art</s></pos><stem>the</stem></mw><gra type="gra" index="3" head="4" relation="DET"/></mor></w>
    <w>tea<wk type="cmp"/>cookie<mor type="mor"><mwc><pos><c>n</c></pos><mw><pos><c>n</c></pos><stem>tea</stem></mw><mw><pos><c>n</c></pos><stem>cookie</stem></mw></mwc><gra type="gra" index="4" head="2" relation="OBJ"/></mor></w>
    <t type="p"><mor type="mor"><mt type="p"/><gra type="gra" index="5" head="2" relation="PUNCT"/></mor></t>
    <media
      start="121.284"
      end="123.486"
      unit="s"
    />
  </u>
  <u who="FAT" uID="u19">
    <w>she<mor type="mor"><mw><pos><c>pro</c><s>sub</s></pos><stem>she</stem></mw><gra type="gra" index="1" head="2" relation="SUBJ"/></mor></w>
    <w>wants<mor type="mor"><mw><pos><c>v</c></pos><stem>want</stem><mk type="sfx">3S</mk></mw><gra type="gra" index="2" head="0" relation="ROOT"/></mor></w>
    <w>a<mor type="mor"><mw><pos><c>det</c><s>art</s></pos><stem>a</stem></mw><gra type="gra" index="3" head="4" relation="DET"/></mor></w>
    <w>tea<wk type="cmp"/>biscuit<mor type="mor"><mwc><pos><c>n</c></pos><mw><pos><c>n</c></pos><stem>tea</stem></mw><mw><pos><c>n</c></pos><stem>biscuit</stem></mw></mwc><gra type="gra" index="4" head="2" relation="OBJ"/></mor></w>
    <t type="p"><mor type="mor"><mt type="p"/><gra type="gra" index="5" head="2" relation="PUNCT"/></mor></t>
    <media
      start="123.486"
      end="124.103"
      unit="s"
    />
  </u>
  <u who="FAT" uID="u20">
    <w>oh<mor type="mor"><mw><pos><c>co</c></pos><stem>oh</stem></mw><gra type="gra" index="1" head="5" relation="COM"/></mor></w>
    <w>I<mor type="mor"><mw><pos><c>pro</c><s>sub</s></pos><stem>I</stem></mw><gra type="gra" index="2" head="5" relation="SUBJ"/></mor></w>
    <w>don't<mor type="mor"><mw><pos><c>mod</c></pos><stem>do</stem></mw><gra type="gra" index="3" head="5" relation="AUX"/><mor-post><mw><pos><c>neg</c></pos><stem>not</stem></mw><gra type="gra" index="4" head="3" relation="NEG"/></mor-post></mor></w>
    <w>know<mor type="mor"><mw><pos><c>v</c></pos><stem>know</stem></mw><gra type="gra" index="5" head="0" relation="ROOT"/></mor></w>
    <w>if<mor type="mor"><mw><pos><c>comp</c></pos><stem>if</stem></mw><gra type="gra" index="6" head="8" relation="LINK"/></mor></w>
    <w>we<mor type="mor"><mw><pos><c>pro</c><s>sub</s></pos><stem>we</stem></mw><gra type="gra" index="7" head="8" relation="SUBJ"/></mor></w>
    <w>have<mor type="mor"><mw><pos><c>v</c></pos><stem>have</stem></mw><gra type="gra" index="8" head="5" relation="COMP"/></mor></w>
    <w>anymore<mor type="mor"><mw><pos><c>adv</c></pos><stem>anymore</stem></mw><gra type="gra" index="9" head="8" relation="JCT"/></mor></w>
    <w>of<mor type="mor"><mw><pos><c>prep</c></pos><stem>of</stem></mw><gra type="gra" index="10" head="9" relation="JCT"/></mor></w>
    <w>them<mor type="mor"><mw><pos><c>pro</c><s>obj</s></pos><stem>them</stem></mw><gra type="gra" index="11" head="10" relation="POBJ"/></mor></w>
    <w>Nomi<mor type="mor"><mw><pos><c>n</c><s>prop</s></pos><stem>Nomi</stem></mw><gra type="gra" index="12" head="10" relation="POBJ"/></mor></w>
    <t type="p"><mor type="mor"><mt type="p"/><gra type="gra" index="13" head="5" relation="PUNCT"/></mor></t>
    <media
      start="124.103"
      end="127.188"
      unit="s"
    />
  </u>
  <u who="FAT" uID="u21">
    <w>I<mor type="mor"><mw><pos><c>pro</c><s>sub</s></pos><stem>I</stem></mw><gra type="gra" index="1" head="4" relation="SUBJ"/></mor></w>
    <w>don't<mor type="mor"><mw><pos><c>mod</c></pos><stem>do</stem></mw><gra type="gra" index="2" head="4" relation="AUX"/><mor-post><mw><pos><c>neg</c></pos><stem>not</stem></mw><gra type="gra" index="3" head="2" relation="NEG"/></mor-post></mor></w>
    <w>think<mor type="mor"><mw><pos><c>v</c></pos><stem>think</stem></mw><gra type="gra" index="4" head="0" relation="ROOT"/></mor></w>
    <w>we<mor type="mor"><mw><pos><c>pro</c><s>sub</s></pos><stem>we</stem></mw><gra type="gra" index="5" head="6" relation="SUBJ"/></mor></w>
    <w>do<mor type="mor"><mw><pos><c>v</c></pos><stem>do</stem></mw><gra type="gra" index="6" head="4" relation="COMP"/></mor></w>
    <t type="p"><mor type="mor"><mt type="p"/><gra type="gra" index="7" head="4" relation="PUNCT"/></mor></t>
    <media
      start="127.188"
      end="131.742"
      unit="s"
    />
  </u>
  <u who="FAT" uID="u22">
    <w>you<mor type="mor"><mw><pos><c>pro</c><s>per</s></pos><stem>you</stem></mw><gra type="gra" index="1" head="3" relation="SUBJ"/></mor></w>
    <w>can<mor type="mor"><mw><pos><c>mod</c></pos><stem>can</stem></mw><gra type="gra" index="2" head="3" relation="AUX"/></mor></w>
    <w>have<mor type="mor"><mw><pos><c>v</c></pos><stem>have</stem></mw><gra type="gra" index="3" head="0" relation="ROOT"/></mor></w>
    <w>one<mor type="mor"><mw><pos><c>pro</c><s>indef</s></pos><stem>one</stem></mw><gra type="gra" index="4" head="3" relation="OBJ"/></mor></w>
    <w>of<mor type="mor"><mw><pos><c>prep</c></pos><stem>of</stem></mw><gra type="gra" index="5" head="4" relation="NJCT"/></mor></w>
    <w>these<mor type="mor"><mw><pos><c>pro</c><s>dem</s></pos><stem>these</stem></mw><gra type="gra" index="6" head="5" relation="POBJ"/></mor></w>
    <w>though<mor type="mor"><mw><pos><c>adv</c></pos><stem>though</stem></mw><gra type="gra" index="7" head="3" relation="JCT"/></mor></w>
    <t type="p"><mor type="mor"><mt type="p"/><gra type="gra" index="8" head="3" relation="PUNCT"/></mor></t>
    <media
      start="131.742"
      end="133.342"
      unit="s"
    />
  </u>
  <u who="CHI" uID="u23">
    <w untranscribed="unintelligible">xxx</w>
    <t type="p"></t>
    <media
      start="173.342"
      end="174.592"
      unit="s"
    />
  </u>
  <comment type="Tape Location">411</comment>
  <u who="CHI" uID="u24">
    <w>I<mor type="mor"><mw><pos><c>pro</c><s>sub</s></pos><stem>I</stem></mw><gra type="gra" index="1" head="2" relation="SUBJ"/></mor></w>
    <w>hurt<mor type="mor"><mw><pos><c>v</c></pos><stem>hurt</stem><mk type="sfxf">ZERO</mk></mw><gra type="gra" index="2" head="0" relation="ROOT"/></mor></w>
    <w>my<mor type="mor"><mw><pos><c>det</c><s>poss</s></pos><stem>my</stem></mw><gra type="gra" index="3" head="4" relation="DET"/></mor></w>
    <w>foot<mor type="mor"><mw><pos><c>n</c></pos><stem>foot</stem></mw><gra type="gra" index="4" head="2" relation="OBJ"/></mor></w>
    <t type="p"><mor type="mor"><mt type="p"/><gra type="gra" index="5" head="2" relation="PUNCT"/></mor></t>
    <media
      start="184.092"
      end="185.442"
      unit="s"
    />
  </u>
  <u who="FAT" uID="u25">
    <w>oh<mor type="mor"><mw><pos><c>co</c></pos><stem>oh</stem></mw><gra type="gra" index="1" head="5" relation="COM"/></mor></w>
    <pause symbolic-length="simple"/>
    <w>how<mor type="mor"><mw><pos><c>pro</c><s>int</s></pos><stem>how</stem></mw><gra type="gra" index="2" head="5" relation="JCT"/></mor></w>
    <w>did<mor type="mor"><mw><pos><c>mod</c></pos><stem>do</stem><mk type="sfxf">PAST</mk></mw><gra type="gra" index="3" head="5" relation="AUX"/></mor></w>
    <w>you<mor type="mor"><mw><pos><c>pro</c><s>per</s></pos><stem>you</stem></mw><gra type="gra" index="4" head="5" relation="SUBJ"/></mor></w>
    <w>hurt<mor type="mor"><mw><pos><c>v</c></pos><stem>hurt</stem><mk type="sfxf">ZERO</mk></mw><gra type="gra" index="5" head="0" relation="ROOT"/></mor></w>
    <w>it<mor type="mor"><mw><pos><c>pro</c><s>per</s></pos><stem>it</stem></mw><gra type="gra" index="6" head="5" relation="OBJ"/></mor></w>
    <w>Nomi<mor type="mor"><mw><pos><c>n</c><s>prop</s></pos><stem>Nomi</stem></mw><gra type="gra" index="7" head="5" relation="JCT"/></mor></w>
    <t type="q"><mor type="mor"><mt type="q"/><gra type="gra" index="8" head="5" relation="PUNCT"/></mor></t>
    <media
      start="185.442"
      end="187.994"
      unit="s"
    />
  </u>
  <u who="CHI" uID="u26">
    <w>hurt<mor type="mor"><mw><pos><c>v</c></pos><stem>hurt</stem><mk type="sfxf">ZERO</mk></mw><gra type="gra" index="1" head="0" relation="ROOT"/></mor></w>
    <w>my<mor type="mor"><mw><pos><c>det</c><s>poss</s></pos><stem>my</stem></mw><gra type="gra" index="2" head="3" relation="DET"/></mor></w>
    <w>foot<mor type="mor"><mw><pos><c>n</c></pos><stem>foot</stem></mw><gra type="gra" index="3" head="1" relation="OBJ"/></mor></w>
    <t type="p"><mor type="mor"><mt type="p"/><gra type="gra" index="4" head="1" relation="PUNCT"/></mor></t>
    <media
      start="187.994"
      end="190.162"
      unit="s"
    />
  </u>
  <u who="FAT" uID="u27">
    <w>how<mor type="mor"><mw><pos><c>pro</c><s>rel</s></pos><stem>how</stem></mw><gra type="gra" index="1" head="0" relation="INCROOT"/></mor></w>
    <t type="q"><mor type="mor"><mt type="q"/><gra type="gra" index="2" head="1" relation="PUNCT"/></mor></t>
    <media
      start="190.162"
      end="190.828"
      unit="s"
    />
  </u>
  <u who="FAT" uID="u28">
    <w>why<mor type="mor"><mw><pos><c>pro</c><s>int</s></pos><stem>why</stem></mw><gra type="gra" index="1" head="2" relation="LINK"/></mor></w>
    <w>is<mor type="mor"><mw><pos><c>cop</c></pos><stem>be</stem><mk type="sfxf">3S</mk></mw><gra type="gra" index="2" head="0" relation="ROOT"/></mor></w>
    <w>it<mor type="mor"><mw><pos><c>pro</c><s>per</s></pos><stem>it</stem></mw><gra type="gra" index="3" head="2" relation="PRED"/></mor></w>
    <w>hurting<mor type="mor"><mw><pos><c>part</c></pos><stem>hurt</stem><mk type="sfx">PRESP</mk></mw><gra type="gra" index="4" head="3" relation="XMOD"/></mor></w>
    <w>Nomi<mor type="mor"><mw><pos><c>n</c><s>prop</s></pos><stem>Nomi</stem></mw><gra type="gra" index="5" head="4" relation="OBJ"/></mor></w>
    <t type="q"><mor type="mor"><mt type="q"/><gra type="gra" index="6" head="2" relation="PUNCT"/></mor></t>
    <media
      start="190.828"
      end="194.364"
      unit="s"
    />
  </u>
  <u who="CHI" uID="u29">
    <w>hurt<mor type="mor"><mw><pos><c>v</c></pos><stem>hurt</stem><mk type="sfxf">ZERO</mk></mw><gra type="gra" index="1" head="0" relation="ROOT"/></mor></w>
    <w>my<mor type="mor"><mw><pos><c>det</c><s>poss</s></pos><stem>my</stem></mw><gra type="gra" index="2" head="3" relation="DET"/></mor></w>
    <w>foot<mor type="mor"><mw><pos><c>n</c></pos><stem>foot</stem></mw><gra type="gra" index="3" head="1" relation="OBJ"/></mor></w>
    <t type="p"><mor type="mor"><mt type="p"/><gra type="gra" index="4" head="1" relation="PUNCT"/></mor></t>
    <media
      start="194.364"
      end="196.547"
      unit="s"
    />
  </u>
  <u who="FAT" uID="u30">
    <w>well<mor type="mor"><mw><pos><c>co</c></pos><stem>well</stem></mw><gra type="gra" index="1" head="3" relation="COM"/></mor></w>
    <w>you<mor type="mor"><mw><pos><c>pro</c><s>per</s></pos><stem>you</stem></mw><gra type="gra" index="2" head="3" relation="SUBJ"/></mor></w>
    <w>give<mor type="mor"><mw><pos><c>v</c></pos><stem>give</stem></mw><gra type="gra" index="3" head="0" relation="ROOT"/></mor></w>
    <w>it<mor type="mor"><mw><pos><c>pro</c><s>per</s></pos><stem>it</stem></mw><gra type="gra" index="4" head="3" relation="OBJ"/></mor></w>
    <w>a<mor type="mor"><mw><pos><c>det</c><s>art</s></pos><stem>a</stem></mw><gra type="gra" index="5" head="7" relation="DET"/></mor></w>
    <w>kiss<mor type="mor"><mw><pos><c>n</c></pos><stem>kiss</stem></mw><gra type="gra" index="6" head="7" relation="MOD"/></mor></w>
    <pause symbolic-length="simple"/>
    <w>honey<mor type="mor"><mw><pos><c>n</c></pos><stem>honey</stem></mw><gra type="gra" index="7" head="3" relation="OBJ"/></mor></w>
    <t type="p"><mor type="mor"><mt type="p"/><gra type="gra" index="8" head="3" relation="PUNCT"/></mor></t>
    <media
      start="196.547"
      end="200.849"
      unit="s"
    />
  </u>
  <comment type="Tape Location">415</comment>
  <u who="CHI" uID="u31">
    <w>I<mor type="mor"><mw><pos><c>pro</c><s>sub</s></pos><stem>I</stem></mw><gra type="gra" index="1" head="2" relation="SUBJ"/></mor></w>
    <w>kiss<mor type="mor"><mw><pos><c>v</c></pos><stem>kiss</stem></mw><gra type="gra" index="2" head="0" relation="ROOT"/></mor></w>
    <w>it<mor type="mor"><mw><pos><c>pro</c><s>per</s></pos><stem>it</stem></mw><gra type="gra" index="3" head="2" relation="OBJ"/></mor></w>
    <t type="p"><mor type="mor"><mt type="p"/><gra type="gra" index="4" head="2" relation="PUNCT"/></mor></t>
    <media
      start="200.849"
      end="202.884"
      unit="s"
    />
  </u>
  <u who="FAT" uID="u32">
    <w>good<mor type="mor"><mw><pos><c>adj</c></pos><stem>good</stem></mw><gra type="gra" index="1" head="0" relation="INCROOT"/></mor></w>
    <t type="p"><mor type="mor"><mt type="p"/><gra type="gra" index="2" head="1" relation="PUNCT"/></mor></t>
    <media
      start="202.884"
      end="203.401"
      unit="s"
    />
  </u>
  <u who="FAT" uID="u33">
    <w>do<mor type="mor"><mw><pos><c>mod</c></pos><stem>do</stem></mw><gra type="gra" index="1" head="3" relation="AUX"/></mor></w>
    <w>you<mor type="mor"><mw><pos><c>pro</c><s>per</s></pos><stem>you</stem></mw><gra type="gra" index="2" head="3" relation="SUBJ"/></mor></w>
    <w>wanna<mor type="mor"><mw><pos><c>v</c></pos><stem>want</stem></mw><gra type="gra" index="3" head="0" relation="ROOT"/><mor-post><mw><pos><c>inf</c></pos><stem>to</stem></mw><gra type="gra" index="4" head="5" relation="INF"/></mor-post></mor></w>
    <w>sit<mor type="mor"><mw><pos><c>v</c></pos><stem>sit</stem></mw><gra type="gra" index="5" head="3" relation="COMP"/></mor></w>
    <w>down<mor type="mor"><mw><pos><c>adv</c></pos><stem>down</stem></mw><gra type="gra" index="6" head="5" relation="JCT"/></mor></w>
    <w>Nomi<mor type="mor"><mw><pos><c>n</c><s>prop</s></pos><stem>Nomi</stem></mw><gra type="gra" index="7" head="5" relation="JCT"/></mor></w>
    <t type="q"><mor type="mor"><mt type="q"/><gra type="gra" index="8" head="3" relation="PUNCT"/></mor></t>
    <media
      start="203.401"
      end="204.684"
      unit="s"
    />
  </u>
  <u who="CHI" uID="u34">
    <w>yup<mor type="mor"><mw><pos><c>co</c></pos><stem>yup</stem></mw><gra type="gra" index="1" head="0" relation="INCROOT"/></mor></w>
    <t type="p"><mor type="mor"><mt type="p"/><gra type="gra" index="2" head="1" relation="PUNCT"/></mor></t>
    <media
      start="204.684"
      end="206.386"
      unit="s"
    />
  </u>
  <u who="FAT" uID="u35">
    <w>come<mor type="mor"><mw><pos><c>v</c></pos><stem>come</stem></mw><gra type="gra" index="1" head="0" relation="ROOT"/></mor></w>
    <w>up<mor type="mor"><mw><pos><c>adv</c></pos><stem>up</stem></mw><gra type="gra" index="2" head="1" relation="JCT"/></mor></w>
    <w>in<mor type="mor"><mw><pos><c>prep</c></pos><stem>in</stem></mw><gra type="gra" index="3" head="1" relation="JCT"/></mor></w>
    <w>the<mor type="mor"><mw><pos><c>det</c><s>art</s></pos><stem>the</stem></mw><gra type="gra" index="4" head="5" relation="DET"/></mor></w>
    <w>chair<mor type="mor"><mw><pos><c>n</c></pos><stem>chair</stem></mw><gra type="gra" index="5" head="3" relation="POBJ"/></mor></w>
    <t type="p"><mor type="mor"><mt type="p"/><gra type="gra" index="6" head="1" relation="PUNCT"/></mor></t>
    <media
      start="206.386"
      end="209.086"
      unit="s"
    />
  </u>
  <u who="FAT" uID="u36">
    <w>Nomi<mor type="mor"><mw><pos><c>n</c><s>prop</s></pos><stem>Nomi</stem></mw><gra type="gra" index="1" head="2" relation="SUBJ"/></mor></w>
    <pause symbolic-length="simple"/>
    <w>do<mor type="mor"><mw><pos><c>v</c></pos><stem>do</stem></mw><gra type="gra" index="2" head="0" relation="ROOT"/></mor></w>
    <w>you<mor type="mor"><mw><pos><c>pro</c><s>per</s></pos><stem>you</stem></mw><gra type="gra" index="3" head="4" relation="SUBJ"/></mor></w>
    <w>want<mor type="mor"><mw><pos><c>v</c></pos><stem>want</stem></mw><gra type="gra" index="4" head="2" relation="COMP"/></mor></w>
    <w>corn<mor type="mor"><mw><pos><c>n</c></pos><stem>corn</stem></mw><gra type="gra" index="5" head="6" relation="SUBJ"/></mor></w>
    <w>flakes<mor type="mor"><mw><pos><c>v</c></pos><stem>flake</stem><mk type="sfx">3S</mk></mw><gra type="gra" index="6" head="4" relation="COMP"/></mor></w>
    <w>or<mor type="mor"><mw><pos><c>coord</c></pos><stem>or</stem></mw><gra type="gra" index="7" head="6" relation="CONJ"/></mor></w>
    <w>Crispies<mor type="mor"><mw><pos><c>n</c><s>prop</s></pos><stem>Crispies</stem></mw><gra type="gra" index="8" head="7" relation="COORD"/></mor></w>
    <w>or<mor type="mor"><mw><pos><c>coord</c></pos><stem>or</stem></mw><gra type="gra" index="9" head="8" relation="CONJ"/></mor></w>
    <w>Cheerios<mor type="mor"><mw><pos><c>n</c><s>prop</s></pos><stem>Cheerios</stem></mw><gra type="gra" index="10" head="9" relation="COORD"/></mor></w>
    <t type="q"><mor type="mor"><mt type="q"/><gra type="gra" index="11" head="2" relation="PUNCT"/></mor></t>
    <media
      start="209.086"
      end="215.992"
      unit="s"
    />
  </u>
  <u who="CHI" uID="u37">
    <w>Crispies<mor type="mor"><mw><pos><c>n</c><s>prop</s></pos><stem>Crispies</stem></mw><gra type="gra" index="1" head="0" relation="INCROOT"/></mor></w>
    <t type="p"><mor type="mor"><mt type="p"/><gra type="gra" index="2" head="1" relation="PUNCT"/></mor></t>
    <media
      start="215.992"
      end="218.444"
      unit="s"
    />
  </u>
  <u who="FAT" uID="u38">
    <w>Crispies<mor type="mor"><mw><pos><c>n</c><s>prop</s></pos><stem>Crispies</stem></mw><gra type="gra" index="1" head="0" relation="INCROOT"/></mor></w>
    <t type="q"><mor type="mor"><mt type="q"/><gra type="gra" index="2" head="1" relation="PUNCT"/></mor></t>
    <media
      start="218.444"
      end="219.044"
      unit="s"
    />
  </u>
  <u who="CHI" uID="u39">
    <g><w>and</w>
    <w>and</w>
    <w>and</w><k type="retracing"/></g>
    <w>and<mor type="mor"><mw><pos><c>coord</c></pos><stem>and</stem></mw><gra type="gra" index="1" head="0" relation="INCROOT"/></mor></w>
    <t type="p"><mor type="mor"><mt type="p"/><gra type="gra" index="2" head="1" relation="PUNCT"/></mor></t>
    <media
      start="219.044"
      end="221.996"
      unit="s"
    />
  </u>
  <u who="CHI" uID="u40">
    <w>and<mor type="mor"><mw><pos><c>coord</c></pos><stem>and</stem></mw><gra type="gra" index="1" head="2" relation="LINK"/></mor></w>
    <w>berries<mor type="mor"><mw><pos><c>n</c></pos><stem>berry</stem><mk type="sfx">PL</mk></mw><gra type="gra" index="2" head="0" relation="INCROOT"/></mor></w>
    <t type="p"><mor type="mor"><mt type="p"/><gra type="gra" index="3" head="2" relation="PUNCT"/></mor></t>
    <media
      start="221.996"
      end="224.514"
      unit="s"
    />
  </u>
  <u who="FAT" uID="u41">
    <w>berries<mor type="mor"><mw><pos><c>n</c></pos><stem>berry</stem><mk type="sfx">PL</mk></mw><gra type="gra" index="1" head="0" relation="INCROOT"/></mor></w>
    <w>on<mor type="mor"><mw><pos><c>prep</c></pos><stem>on</stem></mw><gra type="gra" index="2" head="1" relation="NJCT"/></mor></w>
    <w>it<mor type="mor"><mw><pos><c>pro</c><s>per</s></pos><stem>it</stem></mw><gra type="gra" index="3" head="2" relation="POBJ"/></mor></w>
    <t type="q"><mor type="mor"><mt type="q"/><gra type="gra" index="4" head="1" relation="PUNCT"/></mor></t>
    <media
      start="224.514"
      end="225.030"
      unit="s"
    />
  </u>
  <u who="FAT" uID="u42">
    <w>okay<mor type="mor"><mw><pos><c>co</c></pos><stem>okay</stem></mw><gra type="gra" index="1" head="0" relation="INCROOT"/></mor></w>
    <t type="p"><mor type="mor"><mt type="p"/><gra type="gra" index="2" head="1" relation="PUNCT"/></mor></t>
    <media
      start="225.030"
      end="225.580"
      unit="s"
    />
  </u>
  <u who="CHI" uID="u43">
    <w>berries<mor type="mor"><mw><pos><c>n</c></pos><stem>berry</stem><mk type="sfx">PL</mk></mw><gra type="gra" index="1" head="0" relation="INCROOT"/></mor></w>
    <w>on<mor type="mor"><mw><pos><c>prep</c></pos><stem>on</stem></mw><gra type="gra" index="2" head="1" relation="NJCT"/></mor></w>
    <w>it<mor type="mor"><mw><pos><c>pro</c><s>per</s></pos><stem>it</stem></mw><gra type="gra" index="3" head="2" relation="POBJ"/></mor></w>
    <t type="p"><mor type="mor"><mt type="p"/><gra type="gra" index="4" head="1" relation="PUNCT"/></mor></t>
    <media
      start="225.580"
      end="226.364"
      unit="s"
    />
    <a type="speech act">$IMIT</a>
  </u>
  <u who="FAT" uID="u44">
    <w>sit<mor type="mor"><mw><pos><c>v</c></pos><stem>sit</stem></mw><gra type="gra" index="1" head="0" relation="ROOT"/></mor></w>
    <w>down<mor type="mor"><mw><pos><c>adv</c></pos><stem>down</stem></mw><gra type="gra" index="2" head="1" relation="JCT"/></mor></w>
    <w>sweetie<mor type="mor"><mw><pos><c>co</c></pos><stem>sweetie</stem></mw><gra type="gra" index="3" head="1" relation="COM"/></mor></w>
    <t type="p"><mor type="mor"><mt type="p"/><gra type="gra" index="4" head="1" relation="PUNCT"/></mor></t>
    <media
      start="226.364"
      end="227.966"
      unit="s"
    />
  </u>
  <u who="FAT" uID="u45">
    <w>oh<mor type="mor"><mw><pos><c>co</c></pos><stem>oh</stem></mw><gra type="gra" index="1" head="5" relation="COM"/></mor></w>
    <w>you<mor type="mor"><mw><pos><c>pro</c><s>per</s></pos><stem>you</stem></mw><gra type="gra" index="2" head="5" relation="SUBJ"/></mor></w>
    <w>can't<mor type="mor"><mw><pos><c>mod</c></pos><stem>can</stem></mw><gra type="gra" index="3" head="5" relation="AUX"/><mor-post><mw><pos><c>neg</c></pos><stem>not</stem></mw><gra type="gra" index="4" head="3" relation="NEG"/></mor-post></mor></w>
    <w>do<mor type="mor"><mw><pos><c>v</c></pos><stem>do</stem></mw><gra type="gra" index="5" head="0" relation="ROOT"/></mor></w>
    <w>it<mor type="mor"><mw><pos><c>pro</c><s>per</s></pos><stem>it</stem></mw><gra type="gra" index="6" head="5" relation="OBJ"/></mor></w>
    <t type="q"><mor type="mor"><mt type="q"/><gra type="gra" index="7" head="5" relation="PUNCT"/></mor></t>
    <media
      start="227.966"
      end="229.166"
      unit="s"
    />
  </u>
  <u who="CHI" uID="u46">
    <w>I<mor type="mor"><mw><pos><c>pro</c><s>sub</s></pos><stem>I</stem></mw><gra type="gra" index="1" head="4" relation="SUBJ"/></mor></w>
    <w>can't<mor type="mor"><mw><pos><c>mod</c></pos><stem>can</stem></mw><gra type="gra" index="2" head="4" relation="AUX"/><mor-post><mw><pos><c>neg</c></pos><stem>not</stem></mw><gra type="gra" index="3" head="2" relation="NEG"/></mor-post></mor></w>
    <w>do<mor type="mor"><mw><pos><c>v</c></pos><stem>do</stem></mw><gra type="gra" index="4" head="0" relation="ROOT"/></mor></w>
    <w>it<mor type="mor"><mw><pos><c>pro</c><s>per</s></pos><stem>it</stem></mw><gra type="gra" index="5" head="4" relation="OBJ"/></mor></w>
    <t type="p"><mor type="mor"><mt type="p"/><gra type="gra" index="6" head="4" relation="PUNCT"/></mor></t>
    <media
      start="229.166"
      end="231.001"
      unit="s"
    />
  </u>
  <u who="CHI" uID="u47">
    <w untranscribed="unintelligible">xxx</w>
    <t type="p"></t>
    <media
      start="231.001"
      end="232.468"
      unit="s"
    />
  </u>
  <comment type="Tape Location">430</comment>
  <u who="CHI" uID="u48">
    <w>four<mor type="mor"><mw><pos><c>det</c><s>num</s></pos><stem>four</stem></mw><gra type="gra" index="1" head="0" relation="INCROOT"/></mor></w>
    <t type="p"><mor type="mor"><mt type="p"/><gra type="gra" index="2" head="1" relation="PUNCT"/></mor></t>
    <media
      start="258.468"
      end="259.384"
      unit="s"
    />
  </u>
  <u who="CHI" uID="u49">
    <w untranscribed="unintelligible">xxx</w>
    <t type="p"></t>
    <media
      start="259.384"
      end="262.336"
      unit="s"
    />
  </u>
  <u who="CHI" uID="u50">
    <w>eight<mor type="mor"><mw><pos><c>det</c><s>num</s></pos><stem>eight</stem></mw><gra type="gra" index="1" head="2" relation="QUANT"/></mor></w>
    <w>nine<mor type="mor"><mw><pos><c>det</c><s>num</s></pos><stem>nine</stem></mw><gra type="gra" index="2" head="0" relation="INCROOT"/></mor></w>
    <t type="p"><mor type="mor"><mt type="p"/><gra type="gra" index="3" head="2" relation="PUNCT"/></mor></t>
    <media
      start="262.336"
      end="264.788"
      unit="s"
    />
  </u>
  <u who="CHI" uID="u51">
    <w>four<mor type="mor"><mw><pos><c>det</c><s>num</s></pos><stem>four</stem></mw><gra type="gra" index="1" head="0" relation="INCROOT"/></mor></w>
    <t type="p"><mor type="mor"><mt type="p"/><gra type="gra" index="2" head="1" relation="PUNCT"/></mor></t>
    <media
      start="281.788"
      end="283.138"
      unit="s"
    />
  </u>
  <u who="CHI" uID="u52">
    <w>six<mor type="mor"><mw><pos><c>det</c><s>num</s></pos><stem>six</stem></mw><gra type="gra" index="1" head="0" relation="INCROOT"/></mor></w>
    <t type="p"><mor type="mor"><mt type="p"/><gra type="gra" index="2" head="1" relation="PUNCT"/></mor></t>
    <media
      start="283.138"
      end="285.090"
      unit="s"
    />
  </u>
  <u who="CHI" uID="u53">
    <w>six<mor type="mor"><mw><pos><c>det</c><s>num</s></pos><stem>six</stem></mw><gra type="gra" index="1" head="0" relation="INCROOT"/></mor></w>
    <t type="p"><mor type="mor"><mt type="p"/><gra type="gra" index="2" head="1" relation="PUNCT"/></mor></t>
    <media
      start="293.090"
      end="294.023"
      unit="s"
    />
  </u>
  <u who="CHI" uID="u54">
    <w>six<mor type="mor"><mw><pos><c>det</c><s>num</s></pos><stem>six</stem></mw><gra type="gra" index="1" head="0" relation="INCROOT"/></mor></w>
    <t type="p"><mor type="mor"><mt type="p"/><gra type="gra" index="2" head="1" relation="PUNCT"/></mor></t>
    <media
      start="294.023"
      end="296.308"
      unit="s"
    />
  </u>
  <u who="CHI" uID="u55">
    <w>six<mor type="mor"><mw><pos><c>det</c><s>num</s></pos><stem>six</stem></mw><gra type="gra" index="1" head="0" relation="INCROOT"/></mor></w>
    <t type="p"><mor type="mor"><mt type="p"/><gra type="gra" index="2" head="1" relation="PUNCT"/></mor></t>
    <media
      start="296.308"
      end="297.875"
      unit="s"
    />
  </u>
  <comment type="Tape Location">440</comment>
  <u who="CHI" uID="u56">
    <w formType="babbling">wee<mor type="mor"><mw><pos><c>bab</c></pos><stem>wee</stem></mw><gra type="gra" index="1" head="0" relation="INCROOT"/></mor></w>
    <w>down<mor type="mor"><mw><pos><c>adv</c></pos><stem>down</stem></mw><gra type="gra" index="2" head="1" relation="JCT"/></mor></w>
    <t type="p"><mor type="mor"><mt type="p"/><gra type="gra" index="3" head="1" relation="PUNCT"/></mor></t>
    <media
      start="297.875"
      end="305.481"
      unit="s"
    />
  </u>
  <u who="CHI" uID="u57">
    <w formType="babbling">wee<mor type="mor"><mw><pos><c>bab</c></pos><stem>wee</stem></mw><gra type="gra" index="1" head="0" relation="INCROOT"/></mor></w>
    <w>down<mor type="mor"><mw><pos><c>adv</c></pos><stem>down</stem></mw><gra type="gra" index="2" head="1" relation="JCT"/></mor></w>
    <t type="p"><mor type="mor"><mt type="p"/><gra type="gra" index="3" head="1" relation="PUNCT"/></mor></t>
    <media
      start="305.481"
      end="308.100"
      unit="s"
    />
  </u>
  <u who="CHI" uID="u58">
    <w>go<mor type="mor"><mw><pos><c>v</c></pos><stem>go</stem></mw><gra type="gra" index="1" head="0" relation="ROOT"/></mor></w>
    <w>down<mor type="mor"><mw><pos><c>adv</c></pos><stem>down</stem></mw><gra type="gra" index="2" head="1" relation="JCT"/></mor></w>
    <t type="q"><mor type="mor"><mt type="q"/><gra type="gra" index="3" head="1" relation="PUNCT"/></mor></t>
    <media
      start="308.100"
      end="309.333"
      unit="s"
    />
  </u>
  <u who="CHI" uID="u59">
    <w>go<mor type="mor"><mw><pos><c>v</c></pos><stem>go</stem></mw><gra type="gra" index="1" head="0" relation="ROOT"/></mor></w>
    <w>down<mor type="mor"><mw><pos><c>adv</c></pos><stem>down</stem></mw><gra type="gra" index="2" head="1" relation="JCT"/></mor></w>
    <t type="q"><mor type="mor"><mt type="q"/><gra type="gra" index="3" head="1" relation="PUNCT"/></mor></t>
    <media
      start="309.333"
      end="312.652"
      unit="s"
    />
  </u>
  <u who="CHI" uID="u60">
    <w type="filler">uh</w>
    <w>come<mor type="mor"><mw><pos><c>v</c></pos><stem>come</stem></mw><gra type="gra" index="1" head="0" relation="ROOT"/></mor></w>
    <w>up<mor type="mor"><mw><pos><c>adv</c></pos><stem>up</stem></mw><gra type="gra" index="2" head="1" relation="JCT"/></mor></w>
    <t type="p"><mor type="mor"><mt type="p"/><gra type="gra" index="3" head="1" relation="PUNCT"/></mor></t>
    <media
      start="312.652"
      end="314.169"
      unit="s"
    />
  </u>
  <u who="CHI" uID="u61">
    <w type="filler">uh</w>
    <w>come<mor type="mor"><mw><pos><c>v</c></pos><stem>come</stem></mw><gra type="gra" index="1" head="0" relation="ROOT"/></mor></w>
    <w>up<mor type="mor"><mw><pos><c>adv</c></pos><stem>up</stem></mw><gra type="gra" index="2" head="1" relation="JCT"/></mor></w>
    <t type="p"><mor type="mor"><mt type="p"/><gra type="gra" index="3" head="1" relation="PUNCT"/></mor></t>
    <media
      start="314.169"
      end="317.138"
      unit="s"
    />
  </u>
  <u who="CHI" uID="u62">
    <w untranscribed="unintelligible">xxx</w>
    <t type="p"></t>
    <media
      start="317.138"
      end="320.423"
      unit="s"
    />
  </u>
  <u who="CHI" uID="u63">
    <w untranscribed="unintelligible">xxx</w>
    <t type="p"></t>
    <media
      start="320.423"
      end="326.577"
      unit="s"
    />
  </u>
  <u who="CHI" uID="u64">
    <w untranscribed="unintelligible">xxx</w>
    <t type="p"></t>
    <media
      start="326.577"
      end="337.702"
      unit="s"
    />
  </u>
  <u who="FAT" uID="u65">
    <w>want<mor type="mor"><mw><pos><c>v</c></pos><stem>want</stem></mw><gra type="gra" index="1" head="0" relation="ROOT"/></mor></w>
    <w untranscribed="unintelligible">xxx</w>
    <t type="p"><mor type="mor"><mt type="p"/><gra type="gra" index="2" head="1" relation="PUNCT"/></mor></t>
    <media
      start="371.702"
      end="373.218"
      unit="s"
    />
  </u>
  <u who="CHI" uID="u66">
    <w type="filler">uh</w>
    <w>more<mor type="mor"><mw><pos><c>pro</c><s>indef</s></pos><stem>more</stem></mw><gra type="gra" index="1" head="0" relation="INCROOT"/></mor></w>
    <w untranscribed="unintelligible">xxx</w>
    <t type="p"><mor type="mor"><mt type="p"/><gra type="gra" index="2" head="1" relation="PUNCT"/></mor></t>
    <media
      start="378.292"
      end="380.142"
      unit="s"
    />
  </u>
  <u who="CHI" uID="u67">
    <w><shortening>a</shortening>nother<mor type="mor"><mw><pos><c>qn</c></pos><stem>another</stem></mw><gra type="gra" index="1" head="2" relation="QUANT"/></mor></w>
    <w>one<mor type="mor"><mw><pos><c>pro</c><s>indef</s></pos><stem>one</stem></mw><gra type="gra" index="2" head="0" relation="INCROOT"/></mor></w>
    <t type="p"><mor type="mor"><mt type="p"/><gra type="gra" index="3" head="2" relation="PUNCT"/></mor></t>
    <media
      start="380.142"
      end="381.575"
      unit="s"
    />
  </u>
  <u who="CHI" uID="u68">
    <w>I<mor type="mor"><mw><pos><c>pro</c><s>sub</s></pos><stem>I</stem></mw><gra type="gra" index="1" head="2" relation="SUBJ"/></mor></w>
    <w>want<mor type="mor"><mw><pos><c>v</c></pos><stem>want</stem></mw><gra type="gra" index="2" head="0" relation="ROOT"/></mor></w>
    <w><shortening>a</shortening>nother<mor type="mor"><mw><pos><c>qn</c></pos><stem>another</stem></mw><gra type="gra" index="3" head="4" relation="QUANT"/></mor></w>
    <w>one<mor type="mor"><mw><pos><c>pro</c><s>indef</s></pos><stem>one</stem></mw><gra type="gra" index="4" head="2" relation="OBJ"/></mor></w>
    <t type="p"><mor type="mor"><mt type="p"/><gra type="gra" index="5" head="2" relation="PUNCT"/></mor></t>
    <media
      start="381.575"
      end="383.277"
      unit="s"
    />
  </u>
  <u who="CHI" uID="u69">
    <w>I<mor type="mor"><mw><pos><c>pro</c><s>sub</s></pos><stem>I</stem></mw><gra type="gra" index="1" head="2" relation="SUBJ"/></mor></w>
    <w>want<mor type="mor"><mw><pos><c>v</c></pos><stem>want</stem></mw><gra type="gra" index="2" head="0" relation="ROOT"/></mor></w>
    <w><shortening>a</shortening>nother<mor type="mor"><mw><pos><c>qn</c></pos><stem>another</stem></mw><gra type="gra" index="3" head="4" relation="QUANT"/></mor></w>
    <w>one<mor type="mor"><mw><pos><c>pro</c><s>indef</s></pos><stem>one</stem></mw><gra type="gra" index="4" head="2" relation="OBJ"/></mor></w>
    <t type="p"><mor type="mor"><mt type="p"/><gra type="gra" index="5" head="2" relation="PUNCT"/></mor></t>

  </u>
  <u who="FAT" uID="u70">
    <w>another<mor type="mor"><mw><pos><c>qn</c></pos><stem>another</stem></mw><gra type="gra" index="1" head="2" relation="QUANT"/></mor></w>
    <w>cookie<mor type="mor"><mw><pos><c>n</c></pos><stem>cookie</stem></mw><gra type="gra" index="2" head="0" relation="INCROOT"/></mor></w>
    <w untranscribed="unintelligible">xxx</w>
    <t type="q"><mor type="mor"><mt type="q"/><gra type="gra" index="3" head="2" relation="PUNCT"/></mor></t>
    <media
      start="383.277"
      end="384.443"
      unit="s"
    />
  </u>
  <u who="CHI" uID="u71">
    <w>this<mor type="mor"><mw><pos><c>pro</c><s>dem</s></pos><stem>this</stem></mw><gra type="gra" index="1" head="2" relation="SUBJ"/></mor></w>
    <w>one<mor type="mor"><mw><pos><c>pro</c><s>indef</s></pos><stem>one</stem></mw><gra type="gra" index="2" head="0" relation="INCROOT"/></mor></w>
    <t type="p"><mor type="mor"><mt type="p"/><gra type="gra" index="3" head="2" relation="PUNCT"/></mor></t>
    <media
      start="384.443"
      end="386.479"
      unit="s"
    />
  </u>
  <u who="FAT" uID="u72">
    <w>cookie<mor type="mor"><mw><pos><c>n</c></pos><stem>cookie</stem></mw><gra type="gra" index="1" head="0" relation="INCROOT"/></mor></w>
    <t type="q"><mor type="mor"><mt type="q"/><gra type="gra" index="2" head="1" relation="PUNCT"/></mor></t>
    <media
      start="386.479"
      end="388.495"
      unit="s"
    />
  </u>
  <u who="CHI" uID="u73">
    <w formType="child-invented">uhs<mor type="mor"><mw><pos><c>chi</c></pos><stem>uhs</stem></mw><gra type="gra" index="1" head="3" relation="MOD"/></mor></w>
    <w>two<mor type="mor"><mw><pos><c>det</c><s>num</s></pos><stem>two</stem></mw><gra type="gra" index="2" head="3" relation="QUANT"/></mor></w>
    <w>cookie<mor type="mor"><mw><pos><c>n</c></pos><stem>cookie</stem></mw><gra type="gra" index="3" head="0" relation="INCROOT"/></mor></w>
    <t type="p"><mor type="mor"><mt type="p"/><gra type="gra" index="4" head="3" relation="PUNCT"/></mor></t>
    <media
      start="388.495"
      end="391.197"
      unit="s"
    />
  </u>
  <u who="FAT" uID="u74">
    <w>this<mor type="mor"><mw><pos><c>pro</c><s>dem</s></pos><stem>this</stem></mw><gra type="gra" index="1" head="2" relation="SUBJ"/></mor></w>
    <w>one<mor type="mor"><mw><pos><c>pro</c><s>indef</s></pos><stem>one</stem></mw><gra type="gra" index="2" head="0" relation="INCROOT"/></mor></w>
    <t type="q"><mor type="mor"><mt type="q"/><gra type="gra" index="3" head="2" relation="PUNCT"/></mor></t>
    <media
      start="391.197"
      end="392.383"
      unit="s"
    />
  </u>
  <comment type="Tape Location">481</comment>
  <u who="CHI" uID="u75">
    <w>this<mor type="mor"><mw><pos><c>pro</c><s>dem</s></pos><stem>this</stem></mw><gra type="gra" index="1" head="2" relation="SUBJ"/></mor></w>
    <w>one<mor type="mor"><mw><pos><c>pro</c><s>indef</s></pos><stem>one</stem></mw><gra type="gra" index="2" head="0" relation="INCROOT"/></mor></w>
    <t type="p"><mor type="mor"><mt type="p"/><gra type="gra" index="3" head="2" relation="PUNCT"/></mor></t>
    <media
      start="392.383"
      end="393.033"
      unit="s"
    />
  </u>
  <u who="CHI" uID="u76">
    <w>I<mor type="mor"><mw><pos><c>pro</c><s>sub</s></pos><stem>I</stem></mw><gra type="gra" index="1" head="2" relation="SUBJ"/></mor></w>
    <w>want<mor type="mor"><mw><pos><c>v</c></pos><stem>want</stem></mw><gra type="gra" index="2" head="0" relation="ROOT"/></mor></w>
    <w>berry<mor type="mor"><mw><pos><c>n</c></pos><stem>berry</stem></mw><gra type="gra" index="3" head="2" relation="OBJ"/></mor></w>
    <t type="p"><mor type="mor"><mt type="p"/><gra type="gra" index="4" head="2" relation="PUNCT"/></mor></t>
    <media
      start="417.033"
      end="418.733"
      unit="s"
    />
  </u>
  <u who="FAT" uID="u77">
    <w>yes<mor type="mor"><mw><pos><c>co</c></pos><stem>yes</stem></mw><gra type="gra" index="1" head="4" relation="COM"/></mor></w>
    <pause symbolic-length="simple"/>
    <w>you're<mor type="mor"><mw><pos><c>pro</c><s>per</s></pos><stem>you</stem></mw><gra type="gra" index="2" head="4" relation="SUBJ"/><mor-post><mw><pos><c>aux</c></pos><stem>be</stem><mk type="sfxf">PRES</mk></mw><gra type="gra" index="3" head="4" relation="AUX"/></mor-post></mor></w>
    <w>getting<mor type="mor"><mw><pos><c>part</c></pos><stem>get</stem><mk type="sfx">PRESP</mk></mw><gra type="gra" index="4" head="0" relation="ROOT"/></mor></w>
    <w>it<mor type="mor"><mw><pos><c>pro</c><s>per</s></pos><stem>it</stem></mw><gra type="gra" index="5" head="6" relation="MOD"/></mor></w>
    <w>honey<mor type="mor"><mw><pos><c>n</c></pos><stem>honey</stem></mw><gra type="gra" index="6" head="4" relation="OBJ"/></mor></w>
    <t type="p"><mor type="mor"><mt type="p"/><gra type="gra" index="7" head="4" relation="PUNCT"/></mor></t>
    <media
      start="418.733"
      end="420.901"
      unit="s"
    />
  </u>
  <u who="CHI" uID="u78">
    <w>I<mor type="mor"><mw><pos><c>pro</c><s>sub</s></pos><stem>I</stem></mw><gra type="gra" index="1" head="2" relation="SUBJ"/></mor></w>
    <w>want<mor type="mor"><mw><pos><c>v</c></pos><stem>want</stem></mw><gra type="gra" index="2" head="0" relation="ROOT"/></mor></w>
    <w>more<mor type="mor"><mw><pos><c>adv</c></pos><stem>more</stem></mw><gra type="gra" index="3" head="2" relation="JCT"/></mor></w>
    <t type="p"><mor type="mor"><mt type="p"/><gra type="gra" index="4" head="2" relation="PUNCT"/></mor></t>
    <media
      start="445.901"
      end="447.001"
      unit="s"
    />
  </u>
  <u who="FAT" uID="u79">
    <w>more<mor type="mor"><mw><pos><c>qn</c></pos><stem>more</stem></mw><gra type="gra" index="1" head="2" relation="QUANT"/></mor></w>
    <w>cereal<mor type="mor"><mw><pos><c>n</c></pos><stem>cereal</stem></mw><gra type="gra" index="2" head="0" relation="INCROOT"/></mor></w>
    <t type="q"><mor type="mor"><mt type="q"/><gra type="gra" index="3" head="2" relation="PUNCT"/></mor></t>
    <media
      start="447.001"
      end="448.317"
      unit="s"
    />
  </u>
  <u who="FAT" uID="u80">
    <w>more<mor type="mor"><mw><pos><c>adv</c></pos><stem>more</stem></mw><gra type="gra" index="1" head="2" relation="JCT"/></mor></w>
    <w>Crispies<mor type="mor"><mw><pos><c>n</c><s>prop</s></pos><stem>Crispies</stem></mw><gra type="gra" index="2" head="0" relation="INCROOT"/></mor></w>
    <t type="q"><mor type="mor"><mt type="q"/><gra type="gra" index="3" head="2" relation="PUNCT"/></mor></t>
    <media
      start="448.317"
      end="448.901"
      unit="s"
    />
  </u>
  <comment type="Tape Location">496</comment>
  <u who="CHI" uID="u81">
    <w>more<mor type="mor"><mw><pos><c>adv</c></pos><stem>more</stem></mw><gra type="gra" index="1" head="2" relation="JCT"/></mor></w>
    <w>Crispies<mor type="mor"><mw><pos><c>n</c><s>prop</s></pos><stem>Crispies</stem></mw><gra type="gra" index="2" head="0" relation="INCROOT"/></mor></w>
    <t type="p"><mor type="mor"><mt type="p"/><gra type="gra" index="3" head="2" relation="PUNCT"/></mor></t>
    <media
      start="448.901"
      end="451.003"
      unit="s"
    />
    <a type="speech act">$IMIT</a>
  </u>
  <u who="CHI" uID="u82">
    <w>Crispies<mor type="mor"><mw><pos><c>n</c><s>prop</s></pos><stem>Crispies</stem></mw><gra type="gra" index="1" head="0" relation="INCROOT"/></mor></w>
    <t type="p"><mor type="mor"><mt type="p"/><gra type="gra" index="2" head="1" relation="PUNCT"/></mor></t>
    <media
      start="451.003"
      end="454.205"
      unit="s"
    />
  </u>
  <u who="CHI" uID="u83">
    <w>berry<mor type="mor"><mw><pos><c>n</c></pos><stem>berry</stem></mw><gra type="gra" index="1" head="0" relation="INCROOT"/></mor></w>
    <w untranscribed="unintelligible">xxx</w>
    <t type="p"><mor type="mor"><mt type="p"/><gra type="gra" index="2" head="1" relation="PUNCT"/></mor></t>
    <media
      start="454.205"
      end="459.859"
      unit="s"
    />
  </u>
  <u who="FAT" uID="u84">
    <w>Nomi<mor type="mor"><mw><pos><c>n</c><s>prop</s></pos><stem>Nomi</stem></mw><gra type="gra" index="1" head="4" relation="SUBJ"/></mor></w>
    <pause symbolic-length="simple"/>
    <w>don't<mor type="mor"><mw><pos><c>mod</c></pos><stem>do</stem></mw><gra type="gra" index="2" head="4" relation="AUX"/><mor-post><mw><pos><c>neg</c></pos><stem>not</stem></mw><gra type="gra" index="3" head="2" relation="NEG"/></mor-post></mor></w>
    <w>break<mor type="mor"><mw><pos><c>v</c></pos><stem>break</stem></mw><gra type="gra" index="4" head="0" relation="ROOT"/></mor></w>
    <w>up<mor type="mor"><mw><pos><c>prep</c></pos><stem>up</stem></mw><gra type="gra" index="5" head="4" relation="JCT"/></mor></w>
    <w>the<mor type="mor"><mw><pos><c>det</c><s>art</s></pos><stem>the</stem></mw><gra type="gra" index="6" head="7" relation="DET"/></mor></w>
    <w>crumbs<mor type="mor"><mw><pos><c>n</c></pos><stem>crumb</stem><mk type="sfx">PL</mk></mw><gra type="gra" index="7" head="5" relation="POBJ"/></mor></w>
    <t type="p"><mor type="mor"><mt type="p"/><gra type="gra" index="8" head="4" relation="PUNCT"/></mor></t>
    <media
      start="478.859"
      end="482.161"
      unit="s"
    />
  </u>
  <u who="CHI" uID="u85">
    <w formType="child-invented">uhs<mor type="mor"><mw><pos><c>chi</c></pos><stem>uhs</stem></mw><gra type="gra" index="1" head="3" relation="SUBJ"/></mor></w>
    <w>Nomi<mor type="mor"><mw><pos><c>n</c><s>prop</s></pos><stem>Nomi</stem></mw><gra type="gra" index="2" head="3" relation="AUX"/></mor></w>
    <w>doing<mor type="mor"><mw><pos><c>part</c></pos><stem>do</stem><mk type="sfx">PRESP</mk></mw><gra type="gra" index="3" head="0" relation="ROOT"/></mor></w>
    <t type="q"><mor type="mor"><mt type="q"/><gra type="gra" index="4" head="3" relation="PUNCT"/></mor></t>
    <media
      start="482.161"
      end="482.527"
      unit="s"
    />
  </u>
  <u who="FAT" uID="u86">
    <w>don't<mor type="mor"><mw><pos><c>mod</c></pos><stem>do</stem></mw><gra type="gra" index="1" head="3" relation="AUX"/><mor-post><mw><pos><c>neg</c></pos><stem>not</stem></mw><gra type="gra" index="2" head="1" relation="NEG"/></mor-post></mor></w>
    <w>break<mor type="mor"><mw><pos><c>v</c></pos><stem>break</stem></mw><gra type="gra" index="3" head="0" relation="ROOT"/></mor></w>
    <w>it<mor type="mor"><mw><pos><c>pro</c><s>per</s></pos><stem>it</stem></mw><gra type="gra" index="4" head="3" relation="OBJ"/></mor></w>
    <w>anymore<mor type="mor"><mw><pos><c>adv</c></pos><stem>anymore</stem></mw><gra type="gra" index="5" head="3" relation="JCT"/></mor></w>
    <t type="p"><mor type="mor"><mt type="p"/><gra type="gra" index="6" head="3" relation="PUNCT"/></mor></t>
    <media
      start="482.527"
      end="483.561"
      unit="s"
    />
  </u>
  <u who="FAT" uID="u87">
    <w>you're<mor type="mor"><mw><pos><c>pro</c><s>per</s></pos><stem>you</stem></mw><gra type="gra" index="1" head="3" relation="SUBJ"/><mor-post><mw><pos><c>aux</c></pos><stem>be</stem><mk type="sfxf">PRES</mk></mw><gra type="gra" index="2" head="3" relation="AUX"/></mor-post></mor></w>
    <w>breaking<mor type="mor"><mw><pos><c>part</c></pos><stem>break</stem><mk type="sfx">PRESP</mk></mw><gra type="gra" index="3" head="0" relation="ROOT"/></mor></w>
    <w>it<mor type="mor"><mw><pos><c>pro</c><s>per</s></pos><stem>it</stem></mw><gra type="gra" index="4" head="3" relation="OBJ"/></mor></w>
    <t type="p"><mor type="mor"><mt type="p"/><gra type="gra" index="5" head="3" relation="PUNCT"/></mor></t>
    <media
      start="483.561"
      end="485.846"
      unit="s"
    />
  </u>
  <u who="CHI" uID="u88">
    <w>I<mor type="mor"><mw><pos><c>pro</c><s>sub</s></pos><stem>I</stem></mw><gra type="gra" index="1" head="2" relation="SUBJ"/></mor></w>
    <w>eat<mor type="mor"><mw><pos><c>v</c></pos><stem>eat</stem></mw><gra type="gra" index="2" head="0" relation="ROOT"/></mor></w>
    <w>it<mor type="mor"><mw><pos><c>pro</c><s>per</s></pos><stem>it</stem></mw><gra type="gra" index="3" head="2" relation="OBJ"/></mor></w>
    <t type="p"><mor type="mor"><mt type="p"/><gra type="gra" index="4" head="2" relation="PUNCT"/></mor></t>
    <media
      start="485.846"
      end="486.263"
      unit="s"
    />
  </u>
  <u who="CHI" uID="u89">
    <w untranscribed="unintelligible">xxx</w>
    <w>berry<mor type="mor"><mw><pos><c>n</c></pos><stem>berry</stem></mw><gra type="gra" index="1" head="0" relation="INCROOT"/></mor></w>
    <t type="p"><mor type="mor"><mt type="p"/><gra type="gra" index="2" head="1" relation="PUNCT"/></mor></t>
    <media
      start="500.263"
      end="503.574"
      unit="s"
    />
  </u>
  <u who="FAT" uID="u90">
    <w>Nomi<mor type="mor"><mw><pos><c>n</c><s>prop</s></pos><stem>Nomi</stem></mw><gra type="gra" index="1" head="4" relation="LINK"/></mor></w>
    <pause symbolic-length="simple"/>
    <w>I'll<mor type="mor"><mw><pos><c>pro</c><s>sub</s></pos><stem>I</stem></mw><gra type="gra" index="2" head="4" relation="SUBJ"/><mor-post><mw><pos><c>mod</c></pos><stem>will</stem></mw><gra type="gra" index="3" head="4" relation="AUX"/></mor-post></mor></w>
    <w>take<mor type="mor"><mw><pos><c>v</c></pos><stem>take</stem></mw><gra type="gra" index="4" head="0" relation="ROOT"/></mor></w>
    <w>it<mor type="mor"><mw><pos><c>pro</c><s>per</s></pos><stem>it</stem></mw><gra type="gra" index="5" head="4" relation="OBJ"/></mor></w>
    <w>away<mor type="mor"><mw><pos><c>adv</c></pos><stem>away</stem></mw><gra type="gra" index="6" head="4" relation="JCT"/></mor></w>
    <w>if<mor type="mor"><mw><pos><c>conj</c></pos><stem>if</stem></mw><gra type="gra" index="7" head="9" relation="LINK"/></mor></w>
    <w>you<mor type="mor"><mw><pos><c>pro</c><s>per</s></pos><stem>you</stem></mw><gra type="gra" index="8" head="9" relation="SUBJ"/></mor></w>
    <w>do<mor type="mor"><mw><pos><c>v</c></pos><stem>do</stem></mw><gra type="gra" index="9" head="4" relation="CJCT"/></mor></w>
    <w>that<mor type="mor"><mw><pos><c>pro</c><s>dem</s></pos><stem>that</stem></mw><gra type="gra" index="10" head="9" relation="OBJ"/></mor></w>
    <t type="p"><mor type="mor"><mt type="p"/><gra type="gra" index="11" head="4" relation="PUNCT"/></mor></t>
    <media
      start="512.574"
      end="515.942"
      unit="s"
    />
  </u>
  <comment type="Tape Location">511</comment>
  <u who="CHI" uID="u91">
    <w>I<mor type="mor"><mw><pos><c>pro</c><s>sub</s></pos><stem>I</stem></mw><gra type="gra" index="1" head="2" relation="SUBJ"/></mor></w>
    <w>want<mor type="mor"><mw><pos><c>v</c></pos><stem>want</stem></mw><gra type="gra" index="2" head="0" relation="ROOT"/></mor></w>
    <w>it<mor type="mor"><mw><pos><c>pro</c><s>per</s></pos><stem>it</stem></mw><gra type="gra" index="3" head="2" relation="OBJ"/></mor></w>
    <t type="p"><mor type="mor"><mt type="p"/><gra type="gra" index="4" head="2" relation="PUNCT"/></mor></t>
    <media
      start="515.942"
      end="516.892"
      unit="s"
    />
  </u>
  <u who="FAT" uID="u92">
    <w>well<mor type="mor"><mw><pos><c>co</c></pos><stem>well</stem></mw><gra type="gra" index="1" head="5" relation="COM"/></mor></w>
    <w>then<mor type="mor"><mw><pos><c>adv</c><s>tem</s></pos><stem>then</stem></mw><gra type="gra" index="2" head="5" relation="JCT"/></mor></w>
    <w>don't<mor type="mor"><mw><pos><c>mod</c></pos><stem>do</stem></mw><gra type="gra" index="3" head="5" relation="AUX"/><mor-post><mw><pos><c>neg</c></pos><stem>not</stem></mw><gra type="gra" index="4" head="3" relation="NEG"/></mor-post></mor></w>
    <w>break<mor type="mor"><mw><pos><c>v</c></pos><stem>break</stem></mw><gra type="gra" index="5" head="0" relation="ROOT"/></mor></w>
    <w>it<mor type="mor"><mw><pos><c>pro</c><s>per</s></pos><stem>it</stem></mw><gra type="gra" index="6" head="5" relation="OBJ"/></mor></w>
    <t type="p"><mor type="mor"><mt type="p"/><gra type="gra" index="7" head="5" relation="PUNCT"/></mor></t>
    <media
      start="516.892"
      end="517.925"
      unit="s"
    />
  </u>
  <comment type="Tape Location">517</comment>
  <u who="CHI" uID="u93">
    <w>I<mor type="mor"><mw><pos><c>pro</c><s>sub</s></pos><stem>I</stem></mw><gra type="gra" index="1" head="2" relation="SUBJ"/></mor></w>
    <w>broke<mor type="mor"><mw><pos><c>v</c></pos><stem>break</stem><mk type="sfxf">PAST</mk></mw><gra type="gra" index="2" head="0" relation="ROOT"/></mor></w>
    <w>it<mor type="mor"><mw><pos><c>pro</c><s>per</s></pos><stem>it</stem></mw><gra type="gra" index="3" head="2" relation="OBJ"/></mor></w>
    <t type="p"><mor type="mor"><mt type="p"/><gra type="gra" index="4" head="2" relation="PUNCT"/></mor></t>
    <media
      start="529.925"
      end="531.775"
      unit="s"
    />
  </u>
  <u who="CHI" uID="u94">
    <w>I<mor type="mor"><mw><pos><c>pro</c><s>sub</s></pos><stem>I</stem></mw><gra type="gra" index="1" head="2" relation="SUBJ"/></mor></w>
    <w>broke<mor type="mor"><mw><pos><c>v</c></pos><stem>break</stem><mk type="sfxf">PAST</mk></mw><gra type="gra" index="2" head="0" relation="ROOT"/></mor></w>
    <w>it<mor type="mor"><mw><pos><c>pro</c><s>per</s></pos><stem>it</stem></mw><gra type="gra" index="3" head="2" relation="OBJ"/></mor></w>
    <t type="p"><mor type="mor"><mt type="p"/><gra type="gra" index="4" head="2" relation="PUNCT"/></mor></t>
    <media
      start="535.775"
      end="537.708"
      unit="s"
    />
  </u>
  <u who="CHI" uID="u95">
    <w>I<mor type="mor"><mw><pos><c>pro</c><s>sub</s></pos><stem>I</stem></mw><gra type="gra" index="1" head="2" relation="SUBJ"/></mor></w>
    <w>broke<mor type="mor"><mw><pos><c>v</c></pos><stem>break</stem><mk type="sfxf">PAST</mk></mw><gra type="gra" index="2" head="0" relation="ROOT"/></mor></w>
    <w>it<mor type="mor"><mw><pos><c>pro</c><s>per</s></pos><stem>it</stem></mw><gra type="gra" index="3" head="2" relation="OBJ"/></mor></w>
    <t type="p"><mor type="mor"><mt type="p"/><gra type="gra" index="4" head="2" relation="PUNCT"/></mor></t>
    <media
      start="537.708"
      end="540.160"
      unit="s"
    />
  </u>
  <u who="CHI" uID="u96">
    <w>I<mor type="mor"><mw><pos><c>pro</c><s>sub</s></pos><stem>I</stem></mw><gra type="gra" index="1" head="2" relation="SUBJ"/></mor></w>
    <w>broke<mor type="mor"><mw><pos><c>v</c></pos><stem>break</stem><mk type="sfxf">PAST</mk></mw><gra type="gra" index="2" head="0" relation="ROOT"/></mor></w>
    <w>it<mor type="mor"><mw><pos><c>pro</c><s>per</s></pos><stem>it</stem></mw><gra type="gra" index="3" head="2" relation="OBJ"/></mor></w>
    <t type="p"><mor type="mor"><mt type="p"/><gra type="gra" index="4" head="2" relation="PUNCT"/></mor></t>
    <media
      start="540.160"
      end="542.362"
      unit="s"
    />
  </u>
  <u who="CHI" uID="u97">
    <w>I<mor type="mor"><mw><pos><c>pro</c><s>sub</s></pos><stem>I</stem></mw><gra type="gra" index="1" head="2" relation="SUBJ"/></mor></w>
    <w>broke<mor type="mor"><mw><pos><c>v</c></pos><stem>break</stem><mk type="sfxf">PAST</mk></mw><gra type="gra" index="2" head="0" relation="ROOT"/></mor></w>
    <w>it<mor type="mor"><mw><pos><c>pro</c><s>per</s></pos><stem>it</stem></mw><gra type="gra" index="3" head="2" relation="OBJ"/></mor></w>
    <t type="p"><mor type="mor"><mt type="p"/><gra type="gra" index="4" head="2" relation="PUNCT"/></mor></t>
    <media
      start="542.362"
      end="543.945"
      unit="s"
    />
  </u>
  <u who="FAT" uID="u98">
    <w>well<mor type="mor"><mw><pos><c>co</c></pos><stem>well</stem></mw><gra type="gra" index="1" head="3" relation="COM"/></mor></w>
    <pause symbolic-length="simple"/>
    <w>it's<mor type="mor"><mw><pos><c>pro</c><s>per</s></pos><stem>it</stem></mw><gra type="gra" index="2" head="3" relation="SUBJ"/><mor-post><mw><pos><c>cop</c></pos><stem>be</stem><mk type="sfxf">3S</mk></mw><gra type="gra" index="3" head="0" relation="ROOT"/></mor-post></mor></w>
    <w>in<mor type="mor"><mw><pos><c>prep</c></pos><stem>in</stem></mw><gra type="gra" index="4" head="3" relation="JCT"/></mor></w>
    <w>your<mor type="mor"><mw><pos><c>det</c><s>poss</s></pos><stem>your</stem></mw><gra type="gra" index="5" head="6" relation="DET"/></mor></w>
    <w>hand<mor type="mor"><mw><pos><c>n</c></pos><stem>hand</stem></mw><gra type="gra" index="6" head="4" relation="POBJ"/></mor></w>
    <t type="p"><mor type="mor"><mt type="p"/><gra type="gra" index="7" head="3" relation="PUNCT"/></mor></t>
    <media
      start="543.945"
      end="545.731"
      unit="s"
    />
  </u>
  <u who="FAT" uID="u99">
    <w>you<mor type="mor"><mw><pos><c>pro</c><s>per</s></pos><stem>you</stem></mw><gra type="gra" index="1" head="4" relation="SUBJ"/></mor></w>
    <w>can<mor type="mor"><mw><pos><c>mod</c></pos><stem>can</stem></mw><gra type="gra" index="2" head="4" relation="AUX"/></mor></w>
    <w>just<mor type="mor"><mw><pos><c>adv</c></pos><stem>just</stem></mw><gra type="gra" index="3" head="4" relation="JCT"/></mor></w>
    <w>put<mor type="mor"><mw><pos><c>v</c></pos><stem>put</stem><mk type="sfxf">ZERO</mk></mw><gra type="gra" index="4" head="0" relation="ROOT"/></mor></w>
    <w>it<mor type="mor"><mw><pos><c>pro</c><s>per</s></pos><stem>it</stem></mw><gra type="gra" index="5" head="4" relation="OBJ"/></mor></w>
    <w>in<mor type="mor"><mw><pos><c>prep</c></pos><stem>in</stem></mw><gra type="gra" index="6" head="4" relation="JCT"/></mor></w>
    <w>your<mor type="mor"><mw><pos><c>det</c><s>poss</s></pos><stem>your</stem></mw><gra type="gra" index="7" head="8" relation="DET"/></mor></w>
    <w>mouth<mor type="mor"><mw><pos><c>n</c></pos><stem>mouth</stem></mw><gra type="gra" index="8" head="6" relation="POBJ"/></mor></w>
    <w>now<mor type="mor"><mw><pos><c>adv</c></pos><stem>now</stem></mw><gra type="gra" index="9" head="4" relation="JCT"/></mor></w>
    <t type="p"><mor type="mor"><mt type="p"/><gra type="gra" index="10" head="4" relation="PUNCT"/></mor></t>
    <media
      start="545.731"
      end="547.164"
      unit="s"
    />
  </u>
  <u who="FAT" uID="u100">
    <w>that's<mor type="mor"><mw><pos><c>pro</c><s>dem</s></pos><stem>that</stem></mw><gra type="gra" index="1" head="2" relation="SUBJ"/><mor-post><mw><pos><c>cop</c></pos><stem>be</stem><mk type="sfxf">3S</mk></mw><gra type="gra" index="2" head="0" relation="ROOT"/></mor-post></mor></w>
    <w>right<mor type="mor"><mw><pos><c>co</c></pos><stem>right</stem></mw><gra type="gra" index="3" head="2" relation="PRED"/></mor></w>
    <t type="p"><mor type="mor"><mt type="p"/><gra type="gra" index="4" head="2" relation="PUNCT"/></mor></t>
    <media
      start="547.164"
      end="547.631"
      unit="s"
    />
  </u>
  <u who="FAT" uID="u101">
    <w>you<mor type="mor"><mw><pos><c>pro</c><s>per</s></pos><stem>you</stem></mw><gra type="gra" index="1" head="3" relation="SUBJ"/></mor></w>
    <w>can<mor type="mor"><mw><pos><c>mod</c></pos><stem>can</stem></mw><gra type="gra" index="2" head="3" relation="AUX"/></mor></w>
    <w>break<mor type="mor"><mw><pos><c>v</c></pos><stem>break</stem></mw><gra type="gra" index="3" head="0" relation="ROOT"/></mor></w>
    <w>off<mor type="mor"><mw><pos><c>prep</c></pos><stem>off</stem></mw><gra type="gra" index="4" head="3" relation="JCT"/></mor></w>
    <w>pieces<mor type="mor"><mw><pos><c>n</c></pos><stem>piece</stem><mk type="sfx">PL</mk></mw><gra type="gra" index="5" head="4" relation="POBJ"/></mor></w>
    <w>and<mor type="mor"><mw><pos><c>coord</c></pos><stem>and</stem></mw><gra type="gra" index="6" head="3" relation="CONJ"/></mor></w>
    <w>put<mor type="mor"><mw><pos><c>v</c></pos><stem>put</stem><mk type="sfxf">ZERO</mk></mw><gra type="gra" index="7" head="6" relation="COORD"/></mor></w>
    <w>them<mor type="mor"><mw><pos><c>pro</c><s>obj</s></pos><stem>them</stem></mw><gra type="gra" index="8" head="7" relation="OBJ"/></mor></w>
    <w>in<mor type="mor"><mw><pos><c>prep</c></pos><stem>in</stem></mw><gra type="gra" index="9" head="7" relation="JCT"/></mor></w>
    <w>your<mor type="mor"><mw><pos><c>det</c><s>poss</s></pos><stem>your</stem></mw><gra type="gra" index="10" head="11" relation="DET"/></mor></w>
    <w>mouth<mor type="mor"><mw><pos><c>n</c></pos><stem>mouth</stem></mw><gra type="gra" index="11" head="9" relation="POBJ"/></mor></w>
    <t type="p"><mor type="mor"><mt type="p"/><gra type="gra" index="12" head="3" relation="PUNCT"/></mor></t>
    <media
      start="547.631"
      end="550.116"
      unit="s"
    />
  </u>
  <u who="FAT" uID="u102">
    <w>I<mor type="mor"><mw><pos><c>pro</c><s>sub</s></pos><stem>I</stem></mw><gra type="gra" index="1" head="5" relation="SUBJ"/></mor></w>
    <w>just<mor type="mor"><mw><pos><c>adv</c></pos><stem>just</stem></mw><gra type="gra" index="2" head="5" relation="JCT"/></mor></w>
    <w>don't<mor type="mor"><mw><pos><c>mod</c></pos><stem>do</stem></mw><gra type="gra" index="3" head="5" relation="AUX"/><mor-post><mw><pos><c>neg</c></pos><stem>not</stem></mw><gra type="gra" index="4" head="3" relation="NEG"/></mor-post></mor></w>
    <w>want<mor type="mor"><mw><pos><c>v</c></pos><stem>want</stem></mw><gra type="gra" index="5" head="0" relation="ROOT"/></mor></w>
    <w>them<mor type="mor"><mw><pos><c>pro</c><s>obj</s></pos><stem>them</stem></mw><gra type="gra" index="6" head="5" relation="OBJ"/></mor></w>
    <w>all<mor type="mor"><mw><pos><c>adv</c></pos><stem>all</stem></mw><gra type="gra" index="7" head="8" relation="JCT"/></mor></w>
    <w>over<mor type="mor"><mw><pos><c>prep</c></pos><stem>over</stem></mw><gra type="gra" index="8" head="5" relation="JCT"/></mor></w>
    <w>the<mor type="mor"><mw><pos><c>det</c><s>art</s></pos><stem>the</stem></mw><gra type="gra" index="9" head="10" relation="DET"/></mor></w>
    <w>table<mor type="mor"><mw><pos><c>n</c></pos><stem>table</stem></mw><gra type="gra" index="10" head="8" relation="POBJ"/></mor></w>
    <t type="p"><mor type="mor"><mt type="p"/><gra type="gra" index="11" head="5" relation="PUNCT"/></mor></t>
    <media
      start="550.116"
      end="552.068"
      unit="s"
    />
  </u>
  <comment type="Tape Location">523</comment>
  <u who="CHI" uID="u103">
    <w>I<mor type="mor"><mw><pos><c>pro</c><s>sub</s></pos><stem>I</stem></mw><gra type="gra" index="1" head="0" relation="INCROOT"/></mor></w>
    <w>can't<mor type="mor"><mw><pos><c>mod</c></pos><stem>can</stem></mw><gra type="gra" index="2" head="4" relation="AUX"/><mor-post><mw><pos><c>neg</c></pos><stem>not</stem></mw><gra type="gra" index="3" head="2" relation="NEG"/></mor-post></mor></w>
    <t type="p"><mor type="mor"><mt type="p"/><gra type="gra" index="4" head="1" relation="PUNCT"/></mor></t>
    <media
      start="557.068"
      end="558.968"
      unit="s"
    />
  </u>
  <u who="CHI" uID="u104">
    <w>I<mor type="mor"><mw><pos><c>pro</c><s>sub</s></pos><stem>I</stem></mw><gra type="gra" index="1" head="2" relation="SUBJ"/></mor></w>
    <w>doing<mor type="mor"><mw><pos><c>part</c></pos><stem>do</stem><mk type="sfx">PRESP</mk></mw><gra type="gra" index="2" head="0" relation="ROOT"/></mor></w>
    <w>it<mor type="mor"><mw><pos><c>pro</c><s>per</s></pos><stem>it</stem></mw><gra type="gra" index="3" head="2" relation="OBJ"/></mor></w>
    <t type="p"><mor type="mor"><mt type="p"/><gra type="gra" index="4" head="2" relation="PUNCT"/></mor></t>
    <media
      start="558.968"
      end="563.222"
      unit="s"
    />
  </u>
  <u who="FAT" uID="u105">
    <w>I'll<mor type="mor"><mw><pos><c>pro</c><s>sub</s></pos><stem>I</stem></mw><gra type="gra" index="1" head="3" relation="SUBJ"/><mor-post><mw><pos><c>mod</c></pos><stem>will</stem></mw><gra type="gra" index="2" head="3" relation="AUX"/></mor-post></mor></w>
    <w>give<mor type="mor"><mw><pos><c>v</c></pos><stem>give</stem></mw><gra type="gra" index="3" head="0" relation="ROOT"/></mor></w>
    <w>you<mor type="mor"><mw><pos><c>pro</c><s>per</s></pos><stem>you</stem></mw><gra type="gra" index="4" head="3" relation="OBJ2"/></mor></w>
    <w>some<mor type="mor"><mw><pos><c>qn</c></pos><stem>some</stem></mw><gra type="gra" index="5" head="7" relation="QUANT"/></mor></w>
    <w>nice<mor type="mor"><mw><pos><c>adj</c></pos><stem>nice</stem></mw><gra type="gra" index="6" head="7" relation="MOD"/></mor></w>
    <w>cocoa<mor type="mor"><mw><pos><c>n</c></pos><stem>cocoa</stem></mw><gra type="gra" index="7" head="3" relation="OBJ"/></mor></w>
    <t type="p"><mor type="mor"><mt type="p"/><gra type="gra" index="8" head="3" relation="PUNCT"/></mor></t>
    <media
      start="576.222"
      end="577.972"
      unit="s"
    />
  </u>
  <u who="CHI" uID="u106">
    <w>cocoa<mor type="mor"><mw><pos><c>n</c></pos><stem>cocoa</stem></mw><gra type="gra" index="1" head="0" relation="INCROOT"/></mor></w>
    <t type="p"><mor type="mor"><mt type="p"/><gra type="gra" index="2" head="1" relation="PUNCT"/></mor></t>
    <media
      start="577.972"
      end="581.290"
      unit="s"
    />
    <a type="speech act">$IMIT</a>
  </u>
  <u who="CHI" uID="u107">
    <w untranscribed="unintelligible">xxx</w>
    <t type="p"></t>
    <media
      start="584.290"
      end="591.460"
      unit="s"
    />
    <a type="comments">&lt;aft&gt; Naomi makes squeaky noises .</a>
  </u>
  <u who="FAT" uID="u108">
    <w>hm<p type="drawl"/><mor type="mor"><mw><pos><c>co</c></pos><stem>hm</stem></mw><gra type="gra" index="1" head="0" relation="INCROOT"/></mor></w>
    <t type="q"><mor type="mor"><mt type="q"/><gra type="gra" index="2" head="1" relation="PUNCT"/></mor></t>
    <media
      start="591.460"
      end="591.827"
      unit="s"
    />
  </u>
  <u who="FAT" uID="u109">
    <w>what<mor type="mor"><mw><pos><c>pro</c><s>int</s></pos><stem>what</stem></mw><gra type="gra" index="1" head="4" relation="LINK"/></mor></w>
    <w>are<mor type="mor"><mw><pos><c>aux</c></pos><stem>be</stem><mk type="sfxf">PRES</mk></mw><gra type="gra" index="2" head="4" relation="AUX"/></mor></w>
    <w>you<mor type="mor"><mw><pos><c>pro</c><s>per</s></pos><stem>you</stem></mw><gra type="gra" index="3" head="4" relation="SUBJ"/></mor></w>
    <w>squeaking<mor type="mor"><mw><pos><c>part</c></pos><stem>squeak</stem><mk type="sfx">PRESP</mk></mw><gra type="gra" index="4" head="0" relation="ROOT"/></mor></w>
    <w>for<mor type="mor"><mw><pos><c>prep</c></pos><stem>for</stem></mw><gra type="gra" index="5" head="4" relation="JCT"/></mor></w>
    <t type="q"><mor type="mor"><mt type="q"/><gra type="gra" index="6" head="4" relation="PUNCT"/></mor></t>
    <media
      start="591.827"
      end="593.312"
      unit="s"
    />
  </u>
  <u who="CHI" uID="u110">
    <w><shortening>s</shortening>poon<mor type="mor"><mw><pos><c>n</c></pos><stem>spoon</stem></mw><gra type="gra" index="1" head="0" relation="INCROOT"/></mor></w>
    <t type="p"><mor type="mor"><mt type="p"/><gra type="gra" index="2" head="1" relation="PUNCT"/></mor></t>
    <media
      start="593.312"
      end="596.514"
      unit="s"
    />
  </u>
  <u who="FAT" uID="u111">
    <w>your<mor type="mor"><mw><pos><c>det</c><s>poss</s></pos><stem>your</stem></mw><gra type="gra" index="1" head="2" relation="DET"/></mor></w>
    <w>spoon<mor type="mor"><mw><pos><c>n</c></pos><stem>spoon</stem></mw><gra type="gra" index="2" head="0" relation="INCROOT"/></mor></w>
    <t type="p"><mor type="mor"><mt type="p"/><gra type="gra" index="3" head="2" relation="PUNCT"/></mor></t>
    <media
      start="596.514"
      end="597.147"
      unit="s"
    />
  </u>
  <u who="FAT" uID="u112">
    <w>okay<mor type="mor"><mw><pos><c>co</c></pos><stem>okay</stem></mw><gra type="gra" index="1" head="0" relation="INCROOT"/></mor></w>
    <t type="p"><mor type="mor"><mt type="p"/><gra type="gra" index="2" head="1" relation="PUNCT"/></mor></t>
    <media
      start="597.147"
      end="598.347"
      unit="s"
    />
  </u>
  <u who="FAT" uID="u113">
    <w untranscribed="unintelligible">xxx</w>
    <w>alright<mor type="mor"><mw><pos><c>co</c></pos><stem>alright</stem></mw><gra type="gra" index="1" head="0" relation="INCROOT"/></mor></w>
    <t type="p"><mor type="mor"><mt type="p"/><gra type="gra" index="2" head="1" relation="PUNCT"/></mor></t>

  </u>
  <u who="CHI" uID="u114">
    <w>okay<mor type="mor"><mw><pos><c>co</c></pos><stem>okay</stem></mw><gra type="gra" index="1" head="0" relation="INCROOT"/></mor></w>
    <t type="p"><mor type="mor"><mt type="p"/><gra type="gra" index="2" head="1" relation="PUNCT"/></mor></t>

  </u>
  <u who="CHI" uID="u115">
    <w type="filler">uh</w>
    <w><shortening>s</shortening>poon<mor type="mor"><mw><pos><c>n</c></pos><stem>spoon</stem></mw><gra type="gra" index="1" head="0" relation="INCROOT"/></mor></w>
    <t type="p"><mor type="mor"><mt type="p"/><gra type="gra" index="2" head="1" relation="PUNCT"/></mor></t>
    <media
      start="612.347"
      end="613.447"
      unit="s"
    />
  </u>
  <u who="CHI" uID="u116">
    <w>I<mor type="mor"><mw><pos><c>pro</c><s>sub</s></pos><stem>I</stem></mw><gra type="gra" index="1" head="2" relation="SUBJ"/></mor></w>
    <w>want<mor type="mor"><mw><pos><c>v</c></pos><stem>want</stem></mw><gra type="gra" index="2" head="0" relation="ROOT"/></mor></w>
    <w>a<mor type="mor"><mw><pos><c>det</c><s>art</s></pos><stem>a</stem></mw><gra type="gra" index="3" head="4" relation="DET"/></mor></w>
    <w>spoon<mor type="mor"><mw><pos><c>n</c></pos><stem>spoon</stem></mw><gra type="gra" index="4" head="2" relation="OBJ"/></mor></w>
    <t type="p"><mor type="mor"><mt type="p"/><gra type="gra" index="5" head="2" relation="PUNCT"/></mor></t>
    <media
      start="613.447"
      end="615.732"
      unit="s"
    />
  </u>
  <u who="MOT" uID="u117">
    <w>I'll<mor type="mor"><mw><pos><c>pro</c><s>sub</s></pos><stem>I</stem></mw><gra type="gra" index="1" head="3" relation="SUBJ"/><mor-post><mw><pos><c>mod</c></pos><stem>will</stem></mw><gra type="gra" index="2" head="3" relation="AUX"/></mor-post></mor></w>
    <w>get<mor type="mor"><mw><pos><c>aux</c></pos><stem>get</stem></mw><gra type="gra" index="3" head="0" relation="ROOT"/></mor></w>
    <w>you<mor type="mor"><mw><pos><c>pro</c><s>per</s></pos><stem>you</stem></mw><gra type="gra" index="4" head="3" relation="OBJ2"/></mor></w>
    <w>a<mor type="mor"><mw><pos><c>det</c><s>art</s></pos><stem>a</stem></mw><gra type="gra" index="5" head="6" relation="DET"/></mor></w>
    <w>spoon<mor type="mor"><mw><pos><c>n</c></pos><stem>spoon</stem></mw><gra type="gra" index="6" head="3" relation="PRED"/></mor></w>
    <pause symbolic-length="simple"/>
    <w>Nomi<mor type="mor"><mw><pos><c>n</c><s>prop</s></pos><stem>Nomi</stem></mw><gra type="gra" index="7" head="6" relation="APP"/></mor></w>
    <t type="p"><mor type="mor"><mt type="p"/><gra type="gra" index="8" head="3" relation="PUNCT"/></mor></t>
    <media
      start="615.732"
      end="617.599"
      unit="s"
    />
  </u>
  <u who="CHI" uID="u118">
    <w>spoon<mor type="mor"><mw><pos><c>n</c></pos><stem>spoon</stem></mw><gra type="gra" index="1" head="0" relation="INCROOT"/></mor></w>
    <t type="p"><mor type="mor"><mt type="p"/><gra type="gra" index="2" head="1" relation="PUNCT"/></mor></t>
    <media
      start="617.599"
      end="619.717"
      unit="s"
    />
    <a type="speech act">$IMIT</a>
  </u>
  <u who="CHI" uID="u119">
    <w>I<mor type="mor"><mw><pos><c>pro</c><s>sub</s></pos><stem>I</stem></mw><gra type="gra" index="1" head="2" relation="SUBJ"/></mor></w>
    <w>want<mor type="mor"><mw><pos><c>v</c></pos><stem>want</stem></mw><gra type="gra" index="2" head="0" relation="ROOT"/></mor></w>
    <w>a<mor type="mor"><mw><pos><c>det</c><s>art</s></pos><stem>a</stem></mw><gra type="gra" index="3" head="4" relation="DET"/></mor></w>
    <w>uhhuh<mor type="mor"><mw><pos><c>co</c></pos><stem>uhhuh</stem></mw><gra type="gra" index="4" head="2" relation="OBJ"/></mor></w>
    <t type="p"><mor type="mor"><mt type="p"/><gra type="gra" index="5" head="2" relation="PUNCT"/></mor></t>
    <media
      start="639.717"
      end="641.833"
      unit="s"
    />
    <a type="comments">&lt;aft&gt; Sing song</a>
  </u>
  <comment type="Tape Location">558</comment>
  <u who="CHI" uID="u120">
    <w untranscribed="unintelligible">xxx</w>
    <t type="p"></t>
    <media
      start="641.833"
      end="650.506"
      unit="s"
    />
  </u>
  <u who="CHI" uID="u121">
    <w>berry<mor type="mor"><mw><pos><c>n</c></pos><stem>berry</stem></mw><gra type="gra" index="1" head="0" relation="INCROOT"/></mor></w>
    <t type="p"><mor type="mor"><mt type="p"/><gra type="gra" index="2" head="1" relation="PUNCT"/></mor></t>
    <media
      start="700.506"
      end="703.791"
      unit="s"
    />
  </u>
  <comment type="Tape Location">591</comment>
  <u who="CHI" uID="u122">
    <w type="filler">uh</w>
    <w>peach<mor type="mor"><mw><pos><c>n</c></pos><stem>peach</stem></mw><gra type="gra" index="1" head="2" relation="MOD"/></mor></w>
    <w>Daddy<mor type="mor"><mw><pos><c>n</c><s>prop</s></pos><stem>Daddy</stem></mw><gra type="gra" index="2" head="0" relation="ROOT"/></mor></w>
    <t type="p"><mor type="mor"><mt type="p"/><gra type="gra" index="3" head="2" relation="PUNCT"/></mor></t>
    <media
      start="822.791"
      end="824.474"
      unit="s"
    />
  </u>
  <u who="CHI" uID="u123">
    <w type="filler">uh</w>
    <w>that<mor type="mor"><mw><pos><c>det</c><s>dem</s></pos><stem>that</stem></mw><gra type="gra" index="1" head="2" relation="DET"/></mor></w>
    <w>peach<mor type="mor"><mw><pos><c>n</c></pos><stem>peach</stem></mw><gra type="gra" index="2" head="0" relation="INCROOT"/></mor></w>
    <t type="p"><mor type="mor"><mt type="p"/><gra type="gra" index="3" head="2" relation="PUNCT"/></mor></t>
    <media
      start="824.474"
      end="826.076"
      unit="s"
    />
  </u>
  <u who="FAT" uID="u124">
    <w>mhm<mor type="mor"><mw><pos><c>co</c></pos><stem>mhm</stem></mw><menx>yes</menx><gra type="gra" index="1" head="0" relation="INCROOT"/></mor></w>
    <t type="p"><mor type="mor"><mt type="p"/><gra type="gra" index="2" head="1" relation="PUNCT"/></mor></t>
    <media
      start="826.076"
      end="826.726"
      unit="s"
    />
  </u>
  <u who="FAT" uID="u125">
    <w>you<mor type="mor"><mw><pos><c>pro</c><s>per</s></pos><stem>you</stem></mw><gra type="gra" index="1" head="4" relation="SUBJ"/></mor></w>
    <w>can<mor type="mor"><mw><pos><c>mod</c></pos><stem>can</stem></mw><gra type="gra" index="2" head="4" relation="AUX"/></mor></w>
    <w>have<mor type="mor"><mw><pos><c>aux</c></pos><stem>have</stem></mw><gra type="gra" index="3" head="4" relation="AUX"/></mor></w>
    <w>it<mor type="mor"><mw><pos><c>pro</c><s>per</s></pos><stem>it</stem></mw><gra type="gra" index="4" head="0" relation="ROOT"/></mor></w>
    <t type="p"><mor type="mor"><mt type="p"/><gra type="gra" index="5" head="4" relation="PUNCT"/></mor></t>
    <media
      start="826.726"
      end="827.176"
      unit="s"
    />
  </u>
  <u who="CHI" uID="u126">
    <w>is<mor type="mor"><mw><pos><c>cop</c></pos><stem>be</stem><mk type="sfxf">3S</mk></mw><gra type="gra" index="1" head="0" relation="ROOT"/></mor></w>
    <w>Nomi<mor type="mor"><mw><pos><c>n</c><s>prop</s></pos><stem>Nomi</stem></mw><gra type="gra" index="2" head="1" relation="PRED"/></mor></w>
    <t type="q"><mor type="mor"><mt type="q"/><gra type="gra" index="3" head="1" relation="PUNCT"/></mor></t>
    <media
      start="832.176"
      end="834.459"
      unit="s"
    />
  </u>
  <u who="CHI" uID="u127">
    <w>is<mor type="mor"><mw><pos><c>cop</c></pos><stem>be</stem><mk type="sfxf">3S</mk></mw><gra type="gra" index="1" head="0" relation="ROOT"/></mor></w>
    <w>Daddy<mor type="mor"><mw><pos><c>n</c><s>prop</s></pos><stem>Daddy</stem></mw><gra type="gra" index="2" head="1" relation="PRED"/></mor></w>
    <t type="q"><mor type="mor"><mt type="q"/><gra type="gra" index="3" head="1" relation="PUNCT"/></mor></t>
    <media
      start="834.459"
      end="836.028"
      unit="s"
    />
  </u>
  <u who="FAT" uID="u128">
    <w>that's<mor type="mor"><mw><pos><c>pro</c><s>dem</s></pos><stem>that</stem></mw><gra type="gra" index="1" head="2" relation="SUBJ"/><mor-post><mw><pos><c>cop</c></pos><stem>be</stem><mk type="sfxf">3S</mk></mw><gra type="gra" index="2" head="0" relation="ROOT"/></mor-post></mor></w>
    <w>yours<mor type="mor"><mw><pos><c>pro</c><s>poss</s></pos><stem>yours</stem></mw><gra type="gra" index="3" head="2" relation="PRED"/></mor></w>
    <t type="p"><mor type="mor"><mt type="p"/><gra type="gra" index="4" head="2" relation="PUNCT"/></mor></t>
    <media
      start="836.028"
      end="837.228"
      unit="s"
    />
  </u>
  <comment type="Tape Location">595</comment>
  <u who="CHI" uID="u129">
    <w>is<mor type="mor"><mw><pos><c>cop</c></pos><stem>be</stem><mk type="sfxf">3S</mk></mw><gra type="gra" index="1" head="0" relation="ROOT"/></mor></w>
    <w>Nomi<mor type="mor"><mw><pos><c>n</c><s>prop</s></pos><stem>Nomi</stem></mw><gra type="gra" index="2" head="1" relation="PRED"/></mor></w>
    <t type="q"><mor type="mor"><mt type="q"/><gra type="gra" index="3" head="1" relation="PUNCT"/></mor></t>
    <media
      start="837.228"
      end="839.263"
      unit="s"
    />
  </u>
  <u who="FAT" uID="u130">
    <w>mhm<mor type="mor"><mw><pos><c>co</c></pos><stem>mhm</stem></mw><menx>yes</menx><gra type="gra" index="1" head="0" relation="INCROOT"/></mor></w>
    <t type="p"><mor type="mor"><mt type="p"/><gra type="gra" index="2" head="1" relation="PUNCT"/></mor></t>
    <media
      start="839.263"
      end="839.996"
      unit="s"
    />
  </u>
  <u who="CHI" uID="u131">
    <w>cold<mor type="mor"><mw><pos><c>n</c></pos><stem>cold</stem></mw><gra type="gra" index="1" head="0" relation="INCROOT"/></mor></w>
    <t type="p"><mor type="mor"><mt type="p"/><gra type="gra" index="2" head="1" relation="PUNCT"/></mor></t>
    <media
      start="851.996"
      end="853.429"
      unit="s"
    />
  </u>
  <u who="FAT" uID="u132">
    <w>yes<mor type="mor"><mw><pos><c>co</c></pos><stem>yes</stem></mw><gra type="gra" index="1" head="0" relation="INCROOT"/></mor></w>
    <t type="p"><mor type="mor"><mt type="p"/><gra type="gra" index="2" head="1" relation="PUNCT"/></mor></t>
    <media
      start="853.429"
      end="854.029"
      unit="s"
    />
  </u>
  <u who="FAT" uID="u133">
    <w>that<mor type="mor"><mw><pos><c>det</c><s>dem</s></pos><stem>that</stem></mw><gra type="gra" index="1" head="2" relation="DET"/></mor></w>
    <w>peach<mor type="mor"><mw><pos><c>n</c></pos><stem>peach</stem></mw><gra type="gra" index="2" head="3" relation="SUBJ"/></mor></w>
    <w>was<mor type="mor"><mw><pos><c>cop</c></pos><stem>be</stem><mk type="sfxf">PAST</mk><mk type="sfxf">13S</mk></mw><gra type="gra" index="3" head="0" relation="ROOT"/></mor></w>
    <w>in<mor type="mor"><mw><pos><c>prep</c></pos><stem>in</stem></mw><gra type="gra" index="4" head="3" relation="JCT"/></mor></w>
    <w>the<mor type="mor"><mw><pos><c>det</c><s>art</s></pos><stem>the</stem></mw><gra type="gra" index="5" head="6" relation="DET"/></mor></w>
    <w>refrigerator<mor type="mor"><mw><pos><c>n</c></pos><stem>refrigerator</stem></mw><gra type="gra" index="6" head="4" relation="POBJ"/></mor></w>
    <w>all<mor type="mor"><mw><pos><c>qn</c></pos><stem>all</stem></mw><gra type="gra" index="7" head="8" relation="QUANT"/></mor></w>
    <w>night<mor type="mor"><mw><pos><c>n</c></pos><stem>night</stem></mw><gra type="gra" index="8" head="6" relation="OBJ"/></mor></w>
    <t type="p"><mor type="mor"><mt type="p"/><gra type="gra" index="9" head="3" relation="PUNCT"/></mor></t>
    <media
      start="854.029"
      end="857.131"
      unit="s"
    />
  </u>
  <u who="CHI" uID="u134">
    <w untranscribed="unintelligible">xxx</w>
    <t type="p"></t>
    <media
      start="857.131"
      end="859.600"
      unit="s"
    />
  </u>
  <u who="CHI" uID="u135">
    <w>that<mor type="mor"><mw><pos><c>comp</c></pos><stem>that</stem></mw><gra type="gra" index="1" head="2" relation="LINK"/></mor></w>
    <w>Daddy<mor type="mor"><mw><pos><c>n</c><s>prop</s></pos><stem>Daddy</stem></mw><gra type="gra" index="2" head="0" relation="INCROOT"/></mor></w>
    <t type="q"><mor type="mor"><mt type="q"/><gra type="gra" index="3" head="2" relation="PUNCT"/></mor></t>
    <media
      start="859.600"
      end="864.737"
      unit="s"
    />
  </u>
  <u who="FAT" uID="u136">
    <w>no<mor type="mor"><mw><pos><c>co</c></pos><stem>no</stem></mw><gra type="gra" index="1" head="2" relation="COM"/></mor></w>
    <pause symbolic-length="simple"/>
    <w>that's<mor type="mor"><mw><pos><c>pro</c><s>dem</s></pos><stem>that</stem></mw><gra type="gra" index="2" head="3" relation="SUBJ"/><mor-post><mw><pos><c>cop</c></pos><stem>be</stem><mk type="sfxf">3S</mk></mw><gra type="gra" index="3" head="0" relation="ROOT"/></mor-post></mor></w>
    <w>yours<mor type="mor"><mw><pos><c>pro</c><s>poss</s></pos><stem>yours</stem></mw><gra type="gra" index="4" head="5" relation="MOD"/></mor></w>
    <pause symbolic-length="simple"/>
    <w>honey<mor type="mor"><mw><pos><c>n</c></pos><stem>honey</stem></mw><gra type="gra" index="5" head="3" relation="PRED"/></mor></w>
    <t type="p"><mor type="mor"><mt type="p"/><gra type="gra" index="6" head="3" relation="PUNCT"/></mor></t>
    <media
      start="864.737"
      end="866.922"
      unit="s"
    />
  </u>
  <comment type="Tape Location">609</comment>
  <u who="CHI" uID="u137">
    <w>what's<mor type="mor"><mw><pos><c>pro</c><s>int</s></pos><stem>what</stem></mw><gra type="gra" index="1" head="2" relation="SUBJ"/><mor-post><mw><pos><c>cop</c></pos><stem>be</stem><mk type="sfxf">3S</mk></mw><gra type="gra" index="2" head="0" relation="ROOT"/></mor-post></mor></w>
    <w>that<mor type="mor"><mw><pos><c>pro</c><s>dem</s></pos><stem>that</stem></mw><gra type="gra" index="3" head="2" relation="PRED"/></mor></w>
    <t type="q"><mor type="mor"><mt type="q"/><gra type="gra" index="4" head="2" relation="PUNCT"/></mor></t>
    <media
      start="886.922"
      end="888.938"
      unit="s"
    />
  </u>
  <u who="CHI" uID="u138">
    <w>what's<mor type="mor"><mw><pos><c>pro</c><s>int</s></pos><stem>what</stem></mw><gra type="gra" index="1" head="2" relation="SUBJ"/><mor-post><mw><pos><c>cop</c></pos><stem>be</stem><mk type="sfxf">3S</mk></mw><gra type="gra" index="2" head="0" relation="ROOT"/></mor-post></mor></w>
    <w>that<mor type="mor"><mw><pos><c>comp</c></pos><stem>that</stem></mw><gra type="gra" index="3" head="2" relation="PRED"/></mor></w>
    <w>Daddy<mor type="mor"><mw><pos><c>n</c><s>prop</s></pos><stem>Daddy</stem></mw><gra type="gra" index="4" head="3" relation="OM"/></mor></w>
    <t type="q"><mor type="mor"><mt type="q"/><gra type="gra" index="5" head="2" relation="PUNCT"/></mor></t>
    <media
      start="888.938"
      end="894.176"
      unit="s"
    />
  </u>
  <u who="FAT" uID="u139">
    <w>that's<mor type="mor"><mw><pos><c>pro</c><s>dem</s></pos><stem>that</stem></mw><gra type="gra" index="1" head="2" relation="SUBJ"/><mor-post><mw><pos><c>cop</c></pos><stem>be</stem><mk type="sfxf">3S</mk></mw><gra type="gra" index="2" head="0" relation="ROOT"/></mor-post></mor></w>
    <w>sugar<mor type="mor"><mw><pos><c>n</c></pos><stem>sugar</stem></mw><gra type="gra" index="3" head="4" relation="MOD"/></mor></w>
    <pause symbolic-length="simple"/>
    <w>Nomi<mor type="mor"><mw><pos><c>n</c><s>prop</s></pos><stem>Nomi</stem></mw><gra type="gra" index="4" head="2" relation="PRED"/></mor></w>
    <t type="p"><mor type="mor"><mt type="p"/><gra type="gra" index="5" head="2" relation="PUNCT"/></mor></t>
    <media
      start="894.176"
      end="894.976"
      unit="s"
    />
  </u>
  <u who="FAT" uID="u140">
    <w>that's<mor type="mor"><mw><pos><c>pro</c><s>dem</s></pos><stem>that</stem></mw><gra type="gra" index="1" head="2" relation="SUBJ"/><mor-post><mw><pos><c>cop</c></pos><stem>be</stem><mk type="sfxf">3S</mk></mw><gra type="gra" index="2" head="0" relation="ROOT"/></mor-post></mor></w>
    <w>for<mor type="mor"><mw><pos><c>prep</c></pos><stem>for</stem></mw><gra type="gra" index="3" head="2" relation="JCT"/></mor></w>
    <w>sugar<mor type="mor"><mw><pos><c>n</c></pos><stem>sugar</stem></mw><gra type="gra" index="4" head="3" relation="POBJ"/></mor></w>
    <t type="p"><mor type="mor"><mt type="p"/><gra type="gra" index="5" head="2" relation="PUNCT"/></mor></t>
    <media
      start="894.976"
      end="896.461"
      unit="s"
    />
  </u>
  <u who="CHI" uID="u141">
    <w>sugar<mor type="mor"><mw><pos><c>n</c></pos><stem>sugar</stem></mw><gra type="gra" index="1" head="0" relation="INCROOT"/></mor></w>
    <t type="p"><mor type="mor"><mt type="p"/><gra type="gra" index="2" head="1" relation="PUNCT"/></mor></t>
    <media
      start="896.461"
      end="896.928"
      unit="s"
    />
    <a type="speech act">$IMIT</a>
  </u>
  <u who="FAT" uID="u142">
    <w>yeah<mor type="mor"><mw><pos><c>co</c></pos><stem>yeah</stem></mw><gra type="gra" index="1" head="0" relation="INCROOT"/></mor></w>
    <t type="p"><mor type="mor"><mt type="p"/><gra type="gra" index="2" head="1" relation="PUNCT"/></mor></t>
    <media
      start="896.928"
      end="897.478"
      unit="s"
    />
  </u>
  <u who="FAT" uID="u143">
    <w>it's<mor type="mor"><mw><pos><c>pro</c><s>per</s></pos><stem>it</stem></mw><gra type="gra" index="1" head="2" relation="SUBJ"/><mor-post><mw><pos><c>cop</c></pos><stem>be</stem><mk type="sfxf">3S</mk></mw><gra type="gra" index="2" head="0" relation="ROOT"/></mor-post></mor></w>
    <w>in<mor type="mor"><mw><pos><c>prep</c></pos><stem>in</stem></mw><gra type="gra" index="3" head="2" relation="JCT"/></mor></w>
    <w>the<mor type="mor"><mw><pos><c>det</c><s>art</s></pos><stem>the</stem></mw><gra type="gra" index="4" head="5" relation="DET"/></mor></w>
    <w>bag<mor type="mor"><mw><pos><c>n</c></pos><stem>bag</stem></mw><gra type="gra" index="5" head="3" relation="POBJ"/></mor></w>
    <w>instead<mor type="mor"><mw><pos><c>adv</c></pos><stem>instead</stem></mw><gra type="gra" index="6" head="2" relation="JCT"/></mor></w>
    <w>of<mor type="mor"><mw><pos><c>prep</c></pos><stem>of</stem></mw><gra type="gra" index="7" head="6" relation="JCT"/></mor></w>
    <w>in<mor type="mor"><mw><pos><c>prep</c></pos><stem>in</stem></mw><gra type="gra" index="8" head="7" relation="POBJ"/></mor></w>
    <w>that<mor type="mor"><mw><pos><c>det</c><s>dem</s></pos><stem>that</stem></mw><gra type="gra" index="9" head="10" relation="DET"/></mor></w>
    <w>carton<mor type="mor"><mw><pos><c>n</c></pos><stem>carton</stem></mw><gra type="gra" index="10" head="8" relation="POBJ"/></mor></w>
    <t type="p"><mor type="mor"><mt type="p"/><gra type="gra" index="11" head="2" relation="PUNCT"/></mor></t>
    <media
      start="897.478"
      end="899.063"
      unit="s"
    />
  </u>
  <u who="CHI" uID="u144">
    <w>oh<mor type="mor"><mw><pos><c>co</c></pos><stem>oh</stem></mw><gra type="gra" index="1" head="0" relation="INCROOT"/></mor></w>
    <t type="p"><mor type="mor"><mt type="p"/><gra type="gra" index="2" head="1" relation="PUNCT"/></mor></t>
    <media
      start="913.063"
      end="915.589"
      unit="s"
    />
  </u>
  <u who="CHI" uID="u145">
    <w>okay<mor type="mor"><mw><pos><c>co</c></pos><stem>okay</stem></mw><gra type="gra" index="1" head="0" relation="INCROOT"/></mor></w>
    <t type="p"><mor type="mor"><mt type="p"/><gra type="gra" index="2" head="1" relation="PUNCT"/></mor></t>
    <media
      start="915.589"
      end="917.374"
      unit="s"
    />
  </u>
</CHAT>