<?xml version="1.0" encoding="UTF-8"?>

<CHAT xmlns:xsi="http://www.w3.org/2001/XMLSchema-instance"
      xmlns="http://www.talkbank.org/ns/talkbank"
      xsi:schemaLocation="http://www.talkbank.org/ns/talkbank https://talkbank.org/software/talkbank.xsd"
      Media="020713" Mediatypes="audio"
      PID="11312/c-00017382-1"
      Version="2.14.0"
      Lang="eng"
      Corpus="Sachs"
      Date="1971-01-21"
      >
  <Participants>
    <participant
      id="CHI"
    name="Naomi"
      role="Target_Child"
      language="eng"
      age="P2Y07M13D"
      sex="female"

    />
    <participant
      id="MOT"
      role="Mother"
      language="eng"
      sex="female"

    />
    <participant
      id="FAT"
      role="Father"
      language="eng"
      sex="male"

    />
  </Participants>
  <comment type="Date">21-JAN-1971</comment>
  <u who="CHI" uID="u0">
    <w untranscribed="unintelligible">xxx</w>
    <t type="p"></t>
    <media
      start="30.000"
      end="33.221"
      unit="s"
    />
  </u>
  <u who="FAT" uID="u1">
    <w>whatcha<replacement><w>what<mor type="mor"><mw><pos><c>pro</c><s>int</s></pos><stem>what</stem></mw><gra type="gra" index="1" head="4" relation="LINK"/></mor></w><w>are<mor type="mor"><mw><pos><c>aux</c></pos><stem>be</stem><mk type="sfxf">PRES</mk></mw><gra type="gra" index="2" head="4" relation="AUX"/></mor></w><w>you<mor type="mor"><mw><pos><c>pro</c><s>per</s></pos><stem>you</stem></mw><gra type="gra" index="3" head="4" relation="SUBJ"/></mor></w></replacement></w>
    <w>doing<mor type="mor"><mw><pos><c>part</c></pos><stem>do</stem><mk type="sfx">PRESP</mk></mw><gra type="gra" index="4" head="0" relation="ROOT"/></mor></w>
    <pause symbolic-length="simple"/>
    <w>Nomi<mor type="mor"><mw><pos><c>n</c><s>prop</s></pos><stem>Nomi</stem></mw><gra type="gra" index="5" head="4" relation="OBJ"/></mor></w>
    <t type="q"><mor type="mor"><mt type="q"/><gra type="gra" index="6" head="4" relation="PUNCT"/></mor></t>
    <media
      start="73.221"
      end="75.337"
      unit="s"
    />
  </u>
  <u who="FAT" uID="u2">
    <w>Nomi<mor type="mor"><mw><pos><c>n</c><s>prop</s></pos><stem>Nomi</stem></mw><gra type="gra" index="1" head="0" relation="INCROOT"/></mor></w>
    <pause symbolic-length="simple"/>
    <w>why<mor type="mor"><mw><pos><c>pro</c><s>rel</s></pos><stem>why</stem></mw><gra type="gra" index="2" head="6" relation="LINK"/></mor></w>
    <w>don't<mor type="mor"><mw><pos><c>mod</c></pos><stem>do</stem></mw><gra type="gra" index="3" head="6" relation="AUX"/><mor-post><mw><pos><c>neg</c></pos><stem>not</stem></mw><gra type="gra" index="4" head="3" relation="NEG"/></mor-post></mor></w>
    <w>you<mor type="mor"><mw><pos><c>pro</c><s>per</s></pos><stem>you</stem></mw><gra type="gra" index="5" head="6" relation="SUBJ"/></mor></w>
    <w>play<mor type="mor"><mw><pos><c>v</c></pos><stem>play</stem></mw><gra type="gra" index="6" head="1" relation="CMOD"/></mor></w>
    <w>with<mor type="mor"><mw><pos><c>prep</c></pos><stem>with</stem></mw><gra type="gra" index="7" head="6" relation="JCT"/></mor></w>
    <w>the<mor type="mor"><mw><pos><c>det</c><s>art</s></pos><stem>the</stem></mw><gra type="gra" index="8" head="9" relation="DET"/></mor></w>
    <w untranscribed="unintelligible">xxx</w>
    <w>things<mor type="mor"><mw><pos><c>n</c></pos><stem>thing</stem><mk type="sfx">PL</mk></mw><gra type="gra" index="9" head="7" relation="POBJ"/></mor></w>
    <w>over<mor type="mor"><mw><pos><c>prep</c></pos><stem>over</stem></mw><gra type="gra" index="10" head="9" relation="NJCT"/></mor></w>
    <w>here<mor type="mor"><mw><pos><c>n</c></pos><stem>here</stem></mw><gra type="gra" index="11" head="10" relation="POBJ"/></mor></w>
    <pause symbolic-length="simple"/>
    <w>please<mor type="mor"><mw><pos><c>co</c></pos><stem>please</stem></mw><gra type="gra" index="12" head="6" relation="COM"/></mor></w>
    <pause symbolic-length="long"/>
    <w>away<mor type="mor"><mw><pos><c>adv</c></pos><stem>away</stem></mw><gra type="gra" index="13" head="6" relation="JCT"/></mor></w>
    <w>from<mor type="mor"><mw><pos><c>prep</c></pos><stem>from</stem></mw><gra type="gra" index="14" head="6" relation="JCT"/></mor></w>
    <w>the<mor type="mor"><mw><pos><c>det</c><s>art</s></pos><stem>the</stem></mw><gra type="gra" index="15" head="16" relation="DET"/></mor></w>
    <w>stove<mor type="mor"><mw><pos><c>n</c></pos><stem>stove</stem></mw><gra type="gra" index="16" head="14" relation="POBJ"/></mor></w>
    <t type="p"><mor type="mor"><mt type="p"/><gra type="gra" index="17" head="1" relation="PUNCT"/></mor></t>
    <media
      start="75.337"
      end="85.529"
      unit="s"
    />
  </u>
  <u who="FAT" uID="u3">
    <w>Mommy's<mor type="mor"><mw><pos><c>n</c><s>prop</s></pos><stem>Mommy</stem></mw><gra type="gra" index="1" head="3" relation="SUBJ"/><mor-post><mw><pos><c>aux</c></pos><stem>be</stem><mk type="sfxf">3S</mk></mw><gra type="gra" index="2" head="3" relation="AUX"/></mor-post></mor></w>
    <w>going<mor type="mor"><mw><pos><c>part</c></pos><stem>go</stem><mk type="sfx">PRESP</mk></mw><gra type="gra" index="3" head="0" relation="ROOT"/></mor></w>
    <w>to<mor type="mor"><mw><pos><c>prep</c></pos><stem>to</stem></mw><gra type="gra" index="4" head="3" relation="JCT"/></mor></w>
    <w>hafta<mor type="mor"><mw><pos><c>mod</c></pos><stem>have</stem></mw><gra type="gra" index="5" head="8" relation="AUX"/><mor-post><mw><pos><c>prep</c></pos><stem>to</stem></mw><gra type="gra" index="6" head="8" relation="JCT"/></mor-post></mor></w>
    <w>cook<mor type="mor"><mw><pos><c>n</c></pos><stem>cook</stem></mw><gra type="gra" index="7" head="6" relation="POBJ"/></mor></w>
    <w>there<mor type="mor"><mw><pos><c>adv</c></pos><stem>there</stem></mw><gra type="gra" index="8" head="4" relation="POBJ"/></mor></w>
    <t type="p"><mor type="mor"><mt type="p"/><gra type="gra" index="9" head="3" relation="PUNCT"/></mor></t>
    <media
      start="85.529"
      end="89.331"
      unit="s"
    />
  </u>
  <u who="FAT" uID="u4">
    <w>I'll<mor type="mor"><mw><pos><c>pro</c><s>sub</s></pos><stem>I</stem></mw><gra type="gra" index="1" head="3" relation="SUBJ"/><mor-post><mw><pos><c>mod</c></pos><stem>will</stem></mw><gra type="gra" index="2" head="3" relation="AUX"/></mor-post></mor></w>
    <w>carry<mor type="mor"><mw><pos><c>v</c></pos><stem>carry</stem></mw><gra type="gra" index="3" head="0" relation="ROOT"/></mor></w>
    <w>those<mor type="mor"><mw><pos><c>det</c><s>dem</s></pos><stem>those</stem></mw><gra type="gra" index="4" head="5" relation="DET"/></mor></w>
    <w>things<mor type="mor"><mw><pos><c>n</c></pos><stem>thing</stem><mk type="sfx">PL</mk></mw><gra type="gra" index="5" head="3" relation="OBJ"/></mor></w>
    <w>for<mor type="mor"><mw><pos><c>prep</c></pos><stem>for</stem></mw><gra type="gra" index="6" head="3" relation="JCT"/></mor></w>
    <w>you<mor type="mor"><mw><pos><c>pro</c><s>per</s></pos><stem>you</stem></mw><gra type="gra" index="7" head="6" relation="POBJ"/></mor></w>
    <t type="p"><mor type="mor"><mt type="p"/><gra type="gra" index="8" head="3" relation="PUNCT"/></mor></t>
    <media
      start="89.331"
      end="94.466"
      unit="s"
    />
  </u>
  <u who="CHI" uID="u5">
    <w untranscribed="unintelligible">xxx</w>
    <w>put<mor type="mor"><mw><pos><c>v</c></pos><stem>put</stem><mk type="sfxf">ZERO</mk></mw><gra type="gra" index="1" head="0" relation="ROOT"/></mor></w>
    <w>them<mor type="mor"><mw><pos><c>pro</c><s>obj</s></pos><stem>them</stem></mw><gra type="gra" index="2" head="1" relation="OBJ"/></mor></w>
    <w>in<mor type="mor"><mw><pos><c>prep</c></pos><stem>in</stem></mw><gra type="gra" index="3" head="1" relation="JCT"/></mor></w>
    <w>the<mor type="mor"><mw><pos><c>det</c><s>art</s></pos><stem>the</stem></mw><gra type="gra" index="4" head="5" relation="DET"/></mor></w>
    <w>dish<wk type="cmp"/>washer<mor type="mor"><mwc><pos><c>n</c></pos><mw><pos><c>n</c></pos><stem>dish</stem></mw><mw><pos><c>n</c></pos><stem>washer</stem></mw></mwc><gra type="gra" index="5" head="3" relation="POBJ"/></mor></w>
    <w>in<mor type="mor"><mw><pos><c>prep</c></pos><stem>in</stem></mw><gra type="gra" index="6" head="5" relation="NJCT"/></mor></w>
    <w>here<mor type="mor"><mw><pos><c>n</c></pos><stem>here</stem></mw><gra type="gra" index="7" head="6" relation="POBJ"/></mor></w>
    <t type="p"><mor type="mor"><mt type="p"/><gra type="gra" index="8" head="1" relation="PUNCT"/></mor></t>
    <media
      start="94.466"
      end="102.322"
      unit="s"
    />
  </u>
  <u who="FAT" uID="u6">
    <w>sweetheart<mor type="mor"><mw><pos><c>co</c></pos><stem>sweetheart</stem></mw><gra type="gra" index="1" head="3" relation="COM"/></mor></w>
    <pause symbolic-length="simple"/>
    <w>that's<mor type="mor"><mw><pos><c>pro</c><s>rel</s></pos><stem>that</stem></mw><gra type="gra" index="2" head="3" relation="LINK"/><mor-post><mw><pos><c>cop</c></pos><stem>be</stem><mk type="sfxf">3S</mk></mw><gra type="gra" index="3" head="0" relation="ROOT"/></mor-post></mor></w>
    <w>not<mor type="mor"><mw><pos><c>neg</c></pos><stem>not</stem></mw><gra type="gra" index="4" head="3" relation="NEG"/></mor></w>
    <w>the<mor type="mor"><mw><pos><c>det</c><s>art</s></pos><stem>the</stem></mw><gra type="gra" index="5" head="6" relation="DET"/></mor></w>
    <w>dish<wk type="cmp"/>washer<mor type="mor"><mwc><pos><c>n</c></pos><mw><pos><c>n</c></pos><stem>dish</stem></mw><mw><pos><c>n</c></pos><stem>washer</stem></mw></mwc><gra type="gra" index="6" head="3" relation="PRED"/></mor></w>
    <t type="p"><mor type="mor"><mt type="p"/><gra type="gra" index="7" head="3" relation="PUNCT"/></mor></t>
    <media
      start="102.322"
      end="104.424"
      unit="s"
    />
  </u>
  <u who="CHI" uID="u7">
    <w>this<mor type="mor"><mw><pos><c>pro</c><s>dem</s></pos><stem>this</stem></mw><gra type="gra" index="1" head="2" relation="SUBJ"/></mor></w>
    <g><w>is<mor type="mor"><mw><pos><c>cop</c></pos><stem>be</stem><mk type="sfxf">3S</mk></mw><gra type="gra" index="2" head="0" relation="ROOT"/></mor></w><k type="contrastive stressing"/></g>
    <w>the<mor type="mor"><mw><pos><c>det</c><s>art</s></pos><stem>the</stem></mw><gra type="gra" index="3" head="4" relation="DET"/></mor></w>
    <w>dish<wk type="cmp"/>washer<mor type="mor"><mwc><pos><c>n</c></pos><mw><pos><c>n</c></pos><stem>dish</stem></mw><mw><pos><c>n</c></pos><stem>washer</stem></mw></mwc><gra type="gra" index="4" head="2" relation="PRED"/></mor></w>
    <t type="p"><mor type="mor"><mt type="p"/><gra type="gra" index="5" head="2" relation="PUNCT"/></mor></t>
    <media
      start="104.424"
      end="105.841"
      unit="s"
    />
  </u>
  <u who="FAT" uID="u8">
    <w>no<mor type="mor"><mw><pos><c>co</c></pos><stem>no</stem></mw><gra type="gra" index="1" head="2" relation="COM"/></mor></w>
    <pause symbolic-length="simple"/>
    <w>that's<mor type="mor"><mw><pos><c>pro</c><s>dem</s></pos><stem>that</stem></mw><gra type="gra" index="2" head="3" relation="SUBJ"/><mor-post><mw><pos><c>cop</c></pos><stem>be</stem><mk type="sfxf">3S</mk></mw><gra type="gra" index="3" head="0" relation="ROOT"/></mor-post></mor></w>
    <w>the<mor type="mor"><mw><pos><c>det</c><s>art</s></pos><stem>the</stem></mw><gra type="gra" index="4" head="5" relation="DET"/></mor></w>
    <w>cupboard<mor type="mor"><mw><pos><c>n</c></pos><stem>cupboard</stem></mw><gra type="gra" index="5" head="3" relation="PRED"/></mor></w>
    <t type="p"><mor type="mor"><mt type="p"/><gra type="gra" index="6" head="3" relation="PUNCT"/></mor></t>
    <media
      start="105.841"
      end="107.209"
      unit="s"
    />
  </u>
  <u who="CHI" uID="u9">
    <w>this<mor type="mor"><mw><pos><c>pro</c><s>dem</s></pos><stem>this</stem></mw><gra type="gra" index="1" head="2" relation="SUBJ"/></mor></w>
    <w>is<mor type="mor"><mw><pos><c>cop</c></pos><stem>be</stem><mk type="sfxf">3S</mk></mw><gra type="gra" index="2" head="0" relation="ROOT"/></mor></w>
    <w>dish<wk type="cmp"/>washer<mor type="mor"><mwc><pos><c>n</c></pos><mw><pos><c>n</c></pos><stem>dish</stem></mw><mw><pos><c>n</c></pos><stem>washer</stem></mw></mwc><gra type="gra" index="3" head="2" relation="PRED"/></mor></w>
    <t type="p"><mor type="mor"><mt type="p"/><gra type="gra" index="4" head="2" relation="PUNCT"/></mor></t>
    <media
      start="107.209"
      end="108.843"
      unit="s"
    />
  </u>
  <u who="FAT" uID="u10">
    <w>Nomi<mor type="mor"><mw><pos><c>n</c><s>prop</s></pos><stem>Nomi</stem></mw><gra type="gra" index="1" head="0" relation="INCROOT"/></mor></w>
    <pause symbolic-length="simple"/>
    <w>that's<mor type="mor"><mw><pos><c>pro</c><s>rel</s></pos><stem>that</stem></mw><gra type="gra" index="2" head="3" relation="LINK"/><mor-post><mw><pos><c>cop</c></pos><stem>be</stem><mk type="sfxf">3S</mk></mw><gra type="gra" index="3" head="1" relation="CMOD"/></mor-post></mor></w>
    <w>by<mor type="mor"><mw><pos><c>prep</c></pos><stem>by</stem></mw><gra type="gra" index="4" head="3" relation="JCT"/></mor></w>
    <w>the<mor type="mor"><mw><pos><c>det</c><s>art</s></pos><stem>the</stem></mw><gra type="gra" index="5" head="6" relation="DET"/></mor></w>
    <w>stove<mor type="mor"><mw><pos><c>n</c></pos><stem>stove</stem></mw><gra type="gra" index="6" head="4" relation="POBJ"/></mor></w>
    <w>and<mor type="mor"><mw><pos><c>coord</c></pos><stem>and</stem></mw><gra type="gra" index="7" head="9" relation="LINK"/></mor></w>
    <w>you<mor type="mor"><mw><pos><c>pro</c><s>per</s></pos><stem>you</stem></mw><gra type="gra" index="8" head="9" relation="SUBJ"/></mor></w>
    <w>know<mor type="mor"><mw><pos><c>v</c></pos><stem>know</stem></mw><gra type="gra" index="9" head="3" relation="CJCT"/></mor></w>
    <w>Mommy<mor type="mor"><mw><pos><c>n</c><s>prop</s></pos><stem>Mommy</stem></mw><gra type="gra" index="10" head="9" relation="OBJ"/></mor></w>
    <w>hasta<mor type="mor"><mw><pos><c>mod</c></pos><stem>have</stem><mk type="sfxf">3S</mk></mw><gra type="gra" index="11" head="10" relation="ENUM"/><mor-post><mw><pos><c>prep</c></pos><stem>to</stem></mw><gra type="gra" index="12" head="11" relation="JCT"/></mor-post></mor></w>
    <w>cook<mor type="mor"><mw><pos><c>n</c></pos><stem>cook</stem></mw><gra type="gra" index="13" head="12" relation="POBJ"/></mor></w>
    <w>by<mor type="mor"><mw><pos><c>prep</c></pos><stem>by</stem></mw><gra type="gra" index="14" head="11" relation="JCT"/></mor></w>
    <w>the<mor type="mor"><mw><pos><c>det</c><s>art</s></pos><stem>the</stem></mw><gra type="gra" index="15" head="16" relation="DET"/></mor></w>
    <w>stove<mor type="mor"><mw><pos><c>n</c></pos><stem>stove</stem></mw><gra type="gra" index="16" head="14" relation="POBJ"/></mor></w>
    <t type="p"><mor type="mor"><mt type="p"/><gra type="gra" index="17" head="1" relation="PUNCT"/></mor></t>
    <media
      start="108.843"
      end="114.029"
      unit="s"
    />
  </u>
  <u who="FAT" uID="u11">
    <w>Nomi<mor type="mor"><mw><pos><c>n</c><s>prop</s></pos><stem>Nomi</stem></mw><gra type="gra" index="1" head="2" relation="SUBJ"/></mor></w>
    <pause symbolic-length="simple"/>
    <w>come<mor type="mor"><mw><pos><c>v</c></pos><stem>come</stem></mw><gra type="gra" index="2" head="0" relation="ROOT"/></mor></w>
    <w>on<mor type="mor"><mw><pos><c>adv</c></pos><stem>on</stem></mw><gra type="gra" index="3" head="2" relation="JCT"/></mor></w>
    <t type="p"><mor type="mor"><mt type="p"/><gra type="gra" index="4" head="2" relation="PUNCT"/></mor></t>
    <media
      start="114.029"
      end="116.648"
      unit="s"
    />
  </u>
  <u who="FAT" uID="u12">
    <w>I'll<mor type="mor"><mw><pos><c>pro</c><s>sub</s></pos><stem>I</stem></mw><gra type="gra" index="1" head="3" relation="SUBJ"/><mor-post><mw><pos><c>mod</c></pos><stem>will</stem></mw><gra type="gra" index="2" head="3" relation="AUX"/></mor-post></mor></w>
    <w>show<mor type="mor"><mw><pos><c>v</c></pos><stem>show</stem></mw><gra type="gra" index="3" head="0" relation="ROOT"/></mor></w>
    <w>you<mor type="mor"><mw><pos><c>pro</c><s>per</s></pos><stem>you</stem></mw><gra type="gra" index="4" head="3" relation="OBJ"/></mor></w>
    <w>where<mor type="mor"><mw><pos><c>pro</c><s>int</s></pos><stem>where</stem></mw><gra type="gra" index="5" head="7" relation="LINK"/></mor></w>
    <w>there's<mor type="mor"><mw><pos><c>pro</c><s>exist</s></pos><stem>there</stem></mw><gra type="gra" index="6" head="7" relation="SUBJ"/><mor-post><mw><pos><c>cop</c></pos><stem>be</stem><mk type="sfxf">3S</mk></mw><gra type="gra" index="7" head="3" relation="COMP"/></mor-post></mor></w>
    <w>another<mor type="mor"><mw><pos><c>qn</c></pos><stem>another</stem></mw><gra type="gra" index="8" head="9" relation="QUANT"/></mor></w>
    <w>dish<wk type="cmp"/>washer<mor type="mor"><mwc><pos><c>n</c></pos><mw><pos><c>n</c></pos><stem>dish</stem></mw><mw><pos><c>n</c></pos><stem>washer</stem></mw></mwc><gra type="gra" index="9" head="7" relation="PRED"/></mor></w>
    <t type="p"><mor type="mor"><mt type="p"/><gra type="gra" index="10" head="3" relation="PUNCT"/></mor></t>
    <media
      start="116.648"
      end="117.898"
      unit="s"
    />
  </u>
  <u who="FAT" uID="u13">
    <w>here<mor type="mor"><mw><pos><c>adv</c></pos><stem>here</stem></mw><gra type="gra" index="1" head="0" relation="INCROOT"/></mor></w>
    <t type="p"><mor type="mor"><mt type="p"/><gra type="gra" index="2" head="1" relation="PUNCT"/></mor></t>
    <media
      start="123.898"
      end="125.164"
      unit="s"
    />
  </u>
  <u who="FAT" uID="u14">
    <w>here's<mor type="mor"><mw><pos><c>pro</c><s>exist</s></pos><stem>here</stem></mw><gra type="gra" index="1" head="2" relation="SUBJ"/><mor-post><mw><pos><c>cop</c></pos><stem>be</stem><mk type="sfxf">3S</mk></mw><gra type="gra" index="2" head="0" relation="ROOT"/></mor-post></mor></w>
    <w>another<mor type="mor"><mw><pos><c>qn</c></pos><stem>another</stem></mw><gra type="gra" index="3" head="4" relation="QUANT"/></mor></w>
    <w>dish<wk type="cmp"/>washer<mor type="mor"><mwc><pos><c>n</c></pos><mw><pos><c>n</c></pos><stem>dish</stem></mw><mw><pos><c>n</c></pos><stem>washer</stem></mw></mwc><gra type="gra" index="4" head="2" relation="PRED"/></mor></w>
    <t type="p"><mor type="mor"><mt type="p"/><gra type="gra" index="5" head="2" relation="PUNCT"/></mor></t>
    <media
      start="125.164"
      end="127.866"
      unit="s"
    />
  </u>
  <u who="FAT" uID="u15">
    <w>there's<mor type="mor"><mw><pos><c>pro</c><s>exist</s></pos><stem>there</stem></mw><gra type="gra" index="1" head="2" relation="SUBJ"/><mor-post><mw><pos><c>cop</c></pos><stem>be</stem><mk type="sfxf">3S</mk></mw><gra type="gra" index="2" head="0" relation="ROOT"/></mor-post></mor></w>
    <w>a<mor type="mor"><mw><pos><c>det</c><s>art</s></pos><stem>a</stem></mw><gra type="gra" index="3" head="4" relation="DET"/></mor></w>
    <w>dish<wk type="cmp"/>washer<mor type="mor"><mwc><pos><c>n</c></pos><mw><pos><c>n</c></pos><stem>dish</stem></mw><mw><pos><c>n</c></pos><stem>washer</stem></mw></mwc><gra type="gra" index="4" head="2" relation="PRED"/></mor></w>
    <pause symbolic-length="simple"/>
    <w>okay<mor type="mor"><mw><pos><c>adj</c></pos><stem>okay</stem></mw><gra type="gra" index="5" head="4" relation="POSTMOD"/></mor></w>
    <t type="q"><mor type="mor"><mt type="q"/><gra type="gra" index="6" head="2" relation="PUNCT"/></mor></t>
    <media
      start="127.866"
      end="131.568"
      unit="s"
    />
  </u>
  <u who="FAT" uID="u16">
    <w>Nomi<mor type="mor"><mw><pos><c>n</c><s>prop</s></pos><stem>Nomi</stem></mw><gra type="gra" index="1" head="4" relation="SUBJ"/></mor></w>
    <pause symbolic-length="simple"/>
    <w>don't<mor type="mor"><mw><pos><c>mod</c></pos><stem>do</stem></mw><gra type="gra" index="2" head="4" relation="AUX"/><mor-post><mw><pos><c>neg</c></pos><stem>not</stem></mw><gra type="gra" index="3" head="2" relation="NEG"/></mor-post></mor></w>
    <w>carry<mor type="mor"><mw><pos><c>v</c></pos><stem>carry</stem></mw><gra type="gra" index="4" head="0" relation="ROOT"/></mor></w>
    <w>them<mor type="mor"><mw><pos><c>pro</c><s>obj</s></pos><stem>them</stem></mw><gra type="gra" index="5" head="4" relation="OBJ"/></mor></w>
    <w>in<mor type="mor"><mw><pos><c>prep</c></pos><stem>in</stem></mw><gra type="gra" index="6" head="4" relation="JCT"/></mor></w>
    <w>a<mor type="mor"><mw><pos><c>det</c><s>art</s></pos><stem>a</stem></mw><gra type="gra" index="7" head="8" relation="DET"/></mor></w>
    <w>pile<mor type="mor"><mw><pos><c>n</c></pos><stem>pile</stem></mw><gra type="gra" index="8" head="6" relation="POBJ"/></mor></w>
    <w>like<mor type="mor"><mw><pos><c>prep</c></pos><stem>like</stem></mw><gra type="gra" index="9" head="4" relation="JCT"/></mor></w>
    <w>that<mor type="mor"><mw><pos><c>pro</c><s>dem</s></pos><stem>that</stem></mw><gra type="gra" index="10" head="9" relation="POBJ"/></mor></w>
    <t type="p"><mor type="mor"><mt type="p"/><gra type="gra" index="11" head="4" relation="PUNCT"/></mor></t>
    <media
      start="145.568"
      end="149.370"
      unit="s"
    />
  </u>
  <u who="FAT" uID="u17">
    <w>you<mor type="mor"><mw><pos><c>pro</c><s>per</s></pos><stem>you</stem></mw><gra type="gra" index="1" head="3" relation="SUBJ"/></mor></w>
    <w>might<mor type="mor"><mw><pos><c>mod</c></pos><stem>might</stem></mw><gra type="gra" index="2" head="3" relation="AUX"/></mor></w>
    <w>drop<mor type="mor"><mw><pos><c>v</c></pos><stem>drop</stem></mw><gra type="gra" index="3" head="0" relation="ROOT"/></mor></w>
    <w>them<mor type="mor"><mw><pos><c>pro</c><s>obj</s></pos><stem>them</stem></mw><gra type="gra" index="4" head="3" relation="OBJ"/></mor></w>
    <w>and<mor type="mor"><mw><pos><c>coord</c></pos><stem>and</stem></mw><gra type="gra" index="5" head="3" relation="CONJ"/></mor></w>
    <w>break<mor type="mor"><mw><pos><c>v</c></pos><stem>break</stem></mw><gra type="gra" index="6" head="5" relation="COORD"/></mor></w>
    <w>them<mor type="mor"><mw><pos><c>pro</c><s>obj</s></pos><stem>them</stem></mw><gra type="gra" index="7" head="6" relation="OBJ"/></mor></w>
    <w>and<mor type="mor"><mw><pos><c>coord</c></pos><stem>and</stem></mw><gra type="gra" index="8" head="11" relation="LINK"/></mor></w>
    <w>that<mor type="mor"><mw><pos><c>pro</c><s>dem</s></pos><stem>that</stem></mw><gra type="gra" index="9" head="11" relation="SUBJ"/></mor></w>
    <w>would<mor type="mor"><mw><pos><c>mod</c></pos><stem>will</stem><mk type="sfxf">COND</mk></mw><gra type="gra" index="10" head="11" relation="AUX"/></mor></w>
    <w>be<mor type="mor"><mw><pos><c>cop</c></pos><stem>be</stem></mw><gra type="gra" index="11" head="6" relation="COMP"/></mor></w>
    <w>very<mor type="mor"><mw><pos><c>adv</c></pos><stem>very</stem></mw><gra type="gra" index="12" head="13" relation="JCT"/></mor></w>
    <w>sad<mor type="mor"><mw><pos><c>adj</c></pos><stem>sad</stem></mw><gra type="gra" index="13" head="11" relation="PRED"/></mor></w>
    <t type="p"><mor type="mor"><mt type="p"/><gra type="gra" index="14" head="3" relation="PUNCT"/></mor></t>
    <media
      start="149.370"
      end="153.072"
      unit="s"
    />
  </u>
  <u who="CHI" uID="u18">
    <w untranscribed="unintelligible">xxx</w>
    <t type="p"></t>

    <a type="situation">adult conversation</a>
  </u>
  <u who="CHI" uID="u19">
    <w>I<mor type="mor"><mw><pos><c>pro</c><s>sub</s></pos><stem>I</stem></mw><gra type="gra" index="1" head="2" relation="SUBJ"/></mor></w>
    <w>need<mor type="mor"><mw><pos><c>v</c></pos><stem>need</stem></mw><gra type="gra" index="2" head="0" relation="ROOT"/></mor></w>
    <w>ice<wk type="cmp"/>cream<mor type="mor"><mwc><pos><c>n</c></pos><mw><pos><c>n</c></pos><stem>ice</stem></mw><mw><pos><c>n</c></pos><stem>cream</stem></mw></mwc><gra type="gra" index="3" head="2" relation="OBJ"/></mor></w>
    <t type="p"><mor type="mor"><mt type="p"/><gra type="gra" index="4" head="2" relation="PUNCT"/></mor></t>
    <media
      start="251.853"
      end="254.053"
      unit="s"
    />
  </u>
  <u who="MOT" uID="u20">
    <w>no<mor type="mor"><mw><pos><c>co</c></pos><stem>no</stem></mw><gra type="gra" index="1" head="3" relation="COM"/></mor></w>
    <pause symbolic-length="simple"/>
    <w>not<mor type="mor"><mw><pos><c>neg</c></pos><stem>not</stem></mw><gra type="gra" index="2" head="1" relation="NEG"/></mor></w>
    <w>yet<mor type="mor"><mw><pos><c>adv</c></pos><stem>yet</stem></mw><gra type="gra" index="3" head="0" relation="INCROOT"/></mor></w>
    <t type="p"><mor type="mor"><mt type="p"/><gra type="gra" index="4" head="3" relation="PUNCT"/></mor></t>
    <media
      start="254.053"
      end="256.505"
      unit="s"
    />
  </u>
  <u who="CHI" uID="u21">
    <w>I<mor type="mor"><mw><pos><c>pro</c><s>sub</s></pos><stem>I</stem></mw><gra type="gra" index="1" head="2" relation="SUBJ"/></mor></w>
    <w>need<mor type="mor"><mw><pos><c>v</c></pos><stem>need</stem></mw><gra type="gra" index="2" head="0" relation="ROOT"/></mor></w>
    <w>ice<wk type="cmp"/>cream<mor type="mor"><mwc><pos><c>n</c></pos><mw><pos><c>n</c></pos><stem>ice</stem></mw><mw><pos><c>n</c></pos><stem>cream</stem></mw></mwc><gra type="gra" index="3" head="2" relation="OBJ"/></mor></w>
    <t type="e"><mor type="mor"><mt type="e"/><gra type="gra" index="4" head="2" relation="PUNCT"/></mor></t>
    <media
      start="256.505"
      end="259.540"
      unit="s"
    />
  </u>
  <u who="CHI" uID="u22">
    <w untranscribed="unintelligible">xxx</w>
    <t type="p"></t>
    <media
      start="259.540"
      end="264.511"
      unit="s"
    />
    <a type="paralinguistics">&lt;aft&gt; crying</a>
  </u>
  <u who="CHI" uID="u23">
    <g><w>this<mor type="mor"><mw><pos><c>det</c><s>dem</s></pos><stem>this</stem></mw><gra type="gra" index="1" head="2" relation="DET"/></mor></w>
    <w>spoon<mor type="mor"><mw><pos><c>n</c></pos><stem>spoon</stem></mw><gra type="gra" index="2" head="3" relation="SUBJ"/></mor></w><k type="best guess"/></g>
    <w>is<mor type="mor"><mw><pos><c>cop</c></pos><stem>be</stem><mk type="sfxf">3S</mk></mw><gra type="gra" index="3" head="0" relation="ROOT"/></mor></w>
    <w>cold<mor type="mor"><mw><pos><c>n</c></pos><stem>cold</stem></mw><gra type="gra" index="4" head="3" relation="PRED"/></mor></w>
    <t type="p"><mor type="mor"><mt type="p"/><gra type="gra" index="5" head="3" relation="PUNCT"/></mor></t>
    <media
      start="292.511"
      end="295.546"
      unit="s"
    />
  </u>
  <u who="CHI" uID="u24">
    <g><w>is<mor type="mor"><mw><pos><c>cop</c></pos><stem>be</stem><mk type="sfxf">3S</mk></mw><gra type="gra" index="1" head="0" relation="ROOT"/></mor></w>
    <w>sticky<mor type="mor"><mw><pos><c>n</c></pos><stem>sticky</stem></mw><gra type="gra" index="2" head="1" relation="PRED"/></mor></w><k type="best guess"/></g>
    <t type="p"><mor type="mor"><mt type="p"/><gra type="gra" index="3" head="1" relation="PUNCT"/></mor></t>
    <media
      start="295.546"
      end="302.383"
      unit="s"
    />
  </u>
  <u who="CHI" uID="u25">
    <w>I<mor type="mor"><mw><pos><c>pro</c><s>sub</s></pos><stem>I</stem></mw><gra type="gra" index="1" head="4" relation="SUBJ"/></mor></w>
    <w>can't<mor type="mor"><mw><pos><c>mod</c></pos><stem>can</stem></mw><gra type="gra" index="2" head="4" relation="AUX"/><mor-post><mw><pos><c>neg</c></pos><stem>not</stem></mw><gra type="gra" index="3" head="2" relation="NEG"/></mor-post></mor></w>
    <g><w>dig<mor type="mor"><mw><pos><c>v</c></pos><stem>dig</stem></mw><gra type="gra" index="4" head="0" relation="ROOT"/></mor></w><k type="best guess"/></g>
    <t type="p"><mor type="mor"><mt type="p"/><gra type="gra" index="5" head="4" relation="PUNCT"/></mor></t>
    <media
      start="302.383"
      end="303.617"
      unit="s"
    />
  </u>
  <u who="CHI" uID="u26">
    <w>I<mor type="mor"><mw><pos><c>pro</c><s>sub</s></pos><stem>I</stem></mw><gra type="gra" index="1" head="4" relation="SUBJ"/></mor></w>
    <w>can't<mor type="mor"><mw><pos><c>mod</c></pos><stem>can</stem></mw><gra type="gra" index="2" head="4" relation="AUX"/><mor-post><mw><pos><c>neg</c></pos><stem>not</stem></mw><gra type="gra" index="3" head="2" relation="NEG"/></mor-post></mor></w>
    <g><w>dig<mor type="mor"><mw><pos><c>v</c></pos><stem>dig</stem></mw><gra type="gra" index="4" head="0" relation="ROOT"/></mor></w><k type="best guess"/></g>
    <t type="p"><mor type="mor"><mt type="p"/><gra type="gra" index="5" head="4" relation="PUNCT"/></mor></t>
    <media
      start="303.617"
      end="306.519"
      unit="s"
    />
  </u>
  <u who="FAT" uID="u27">
    <w>you<mor type="mor"><mw><pos><c>pro</c><s>per</s></pos><stem>you</stem></mw><gra type="gra" index="1" head="4" relation="SUBJ"/></mor></w>
    <w>can't<mor type="mor"><mw><pos><c>mod</c></pos><stem>can</stem></mw><gra type="gra" index="2" head="4" relation="AUX"/><mor-post><mw><pos><c>neg</c></pos><stem>not</stem></mw><gra type="gra" index="3" head="2" relation="NEG"/></mor-post></mor></w>
    <w>dig<mor type="mor"><mw><pos><c>v</c></pos><stem>dig</stem></mw><gra type="gra" index="4" head="0" relation="ROOT"/></mor></w>
    <t type="q"><mor type="mor"><mt type="q"/><gra type="gra" index="5" head="4" relation="PUNCT"/></mor></t>
    <media
      start="306.519"
      end="308.104"
      unit="s"
    />
  </u>
  <u who="CHI" uID="u28">
    <w>dig<mor type="mor"><mw><pos><c>n</c></pos><stem>dig</stem></mw><gra type="gra" index="1" head="0" relation="INCROOT"/></mor></w>
    <t type="p"><mor type="mor"><mt type="p"/><gra type="gra" index="2" head="1" relation="PUNCT"/></mor></t>
    <media
      start="311.004"
      end="312.187"
      unit="s"
    />
  </u>
  <u who="CHI" uID="u29">
    <w>dig<mor type="mor"><mw><pos><c>n</c></pos><stem>dig</stem></mw><gra type="gra" index="1" head="0" relation="INCROOT"/></mor></w>
    <t type="p"><mor type="mor"><mt type="p"/><gra type="gra" index="2" head="1" relation="PUNCT"/></mor></t>
    <media
      start="312.187"
      end="312.654"
      unit="s"
    />
  </u>
  <u who="CHI" uID="u30">
    <w>dig<mor type="mor"><mw><pos><c>n</c></pos><stem>dig</stem></mw><gra type="gra" index="1" head="0" relation="INCROOT"/></mor></w>
    <t type="p"><mor type="mor"><mt type="p"/><gra type="gra" index="2" head="1" relation="PUNCT"/></mor></t>
    <media
      start="312.654"
      end="312.987"
      unit="s"
    />
  </u>
  <u who="CHI" uID="u31">
    <w>dig<mor type="mor"><mw><pos><c>n</c></pos><stem>dig</stem></mw><gra type="gra" index="1" head="0" relation="INCROOT"/></mor></w>
    <t type="p"><mor type="mor"><mt type="p"/><gra type="gra" index="2" head="1" relation="PUNCT"/></mor></t>
    <media
      start="312.987"
      end="314.039"
      unit="s"
    />
  </u>
  <u who="CHI" uID="u32">
    <w>dig<mor type="mor"><mw><pos><c>n</c></pos><stem>dig</stem></mw><gra type="gra" index="1" head="0" relation="INCROOT"/></mor></w>
    <t type="p"><mor type="mor"><mt type="p"/><gra type="gra" index="2" head="1" relation="PUNCT"/></mor></t>
    <media
      start="314.039"
      end="314.289"
      unit="s"
    />
  </u>
  <u who="CHI" uID="u33">
    <w>dig<mor type="mor"><mw><pos><c>n</c></pos><stem>dig</stem></mw><gra type="gra" index="1" head="0" relation="INCROOT"/></mor></w>
    <t type="p"><mor type="mor"><mt type="p"/><gra type="gra" index="2" head="1" relation="PUNCT"/></mor></t>
    <media
      start="314.289"
      end="314.706"
      unit="s"
    />
  </u>
  <u who="CHI" uID="u34">
    <w>dig<mor type="mor"><mw><pos><c>n</c></pos><stem>dig</stem></mw><gra type="gra" index="1" head="0" relation="INCROOT"/></mor></w>
    <t type="p"><mor type="mor"><mt type="p"/><gra type="gra" index="2" head="1" relation="PUNCT"/></mor></t>
    <media
      start="314.706"
      end="315.472"
      unit="s"
    />
  </u>
  <u who="CHI" uID="u35">
    <w>dig<mor type="mor"><mw><pos><c>n</c></pos><stem>dig</stem></mw><gra type="gra" index="1" head="0" relation="INCROOT"/></mor></w>
    <t type="p"><mor type="mor"><mt type="p"/><gra type="gra" index="2" head="1" relation="PUNCT"/></mor></t>
    <media
      start="315.472"
      end="315.872"
      unit="s"
    />
  </u>
  <u who="CHI" uID="u36">
    <w>dig<mor type="mor"><mw><pos><c>n</c></pos><stem>dig</stem></mw><gra type="gra" index="1" head="0" relation="INCROOT"/></mor></w>
    <t type="p"><mor type="mor"><mt type="p"/><gra type="gra" index="2" head="1" relation="PUNCT"/></mor></t>
    <media
      start="315.872"
      end="316.122"
      unit="s"
    />
  </u>
  <u who="CHI" uID="u37">
    <w>dig<mor type="mor"><mw><pos><c>n</c></pos><stem>dig</stem></mw><gra type="gra" index="1" head="0" relation="INCROOT"/></mor></w>
    <t type="p"><mor type="mor"><mt type="p"/><gra type="gra" index="2" head="1" relation="PUNCT"/></mor></t>
    <media
      start="316.122"
      end="317.091"
      unit="s"
    />
  </u>
  <u who="CHI" uID="u38">
    <w>dig<mor type="mor"><mw><pos><c>n</c></pos><stem>dig</stem></mw><gra type="gra" index="1" head="0" relation="INCROOT"/></mor></w>
    <t type="p"><mor type="mor"><mt type="p"/><gra type="gra" index="2" head="1" relation="PUNCT"/></mor></t>
    <media
      start="317.091"
      end="317.441"
      unit="s"
    />
  </u>
  <u who="CHI" uID="u39">
    <w>dig<mor type="mor"><mw><pos><c>n</c></pos><stem>dig</stem></mw><gra type="gra" index="1" head="0" relation="INCROOT"/></mor></w>
    <t type="p"><mor type="mor"><mt type="p"/><gra type="gra" index="2" head="1" relation="PUNCT"/></mor></t>
    <media
      start="317.441"
      end="317.691"
      unit="s"
    />
  </u>
  <u who="CHI" uID="u40">
    <w>dig<mor type="mor"><mw><pos><c>n</c></pos><stem>dig</stem></mw><gra type="gra" index="1" head="0" relation="INCROOT"/></mor></w>
    <t type="p"><mor type="mor"><mt type="p"/><gra type="gra" index="2" head="1" relation="PUNCT"/></mor></t>
    <media
      start="317.691"
      end="318.091"
      unit="s"
    />
  </u>
  <u who="CHI" uID="u41">
    <w>dig<mor type="mor"><mw><pos><c>n</c></pos><stem>dig</stem></mw><gra type="gra" index="1" head="0" relation="INCROOT"/></mor></w>
    <t type="p"><mor type="mor"><mt type="p"/><gra type="gra" index="2" head="1" relation="PUNCT"/></mor></t>
    <media
      start="318.091"
      end="318.391"
      unit="s"
    />
  </u>
  <u who="CHI" uID="u42">
    <w>dig<mor type="mor"><mw><pos><c>n</c></pos><stem>dig</stem></mw><gra type="gra" index="1" head="0" relation="INCROOT"/></mor></w>
    <t type="p"><mor type="mor"><mt type="p"/><gra type="gra" index="2" head="1" relation="PUNCT"/></mor></t>
    <media
      start="318.391"
      end="319.108"
      unit="s"
    />
  </u>
  <u who="CHI" uID="u43">
    <w>dig<mor type="mor"><mw><pos><c>n</c></pos><stem>dig</stem></mw><gra type="gra" index="1" head="0" relation="INCROOT"/></mor></w>
    <t type="p"><mor type="mor"><mt type="p"/><gra type="gra" index="2" head="1" relation="PUNCT"/></mor></t>
    <media
      start="319.108"
      end="319.960"
      unit="s"
    />
  </u>
  <u who="CHI" uID="u44">
    <w>dig<mor type="mor"><mw><pos><c>n</c></pos><stem>dig</stem></mw><gra type="gra" index="1" head="0" relation="INCROOT"/></mor></w>
    <t type="p"><mor type="mor"><mt type="p"/><gra type="gra" index="2" head="1" relation="PUNCT"/></mor></t>
    <media
      start="319.960"
      end="320.293"
      unit="s"
    />
  </u>
  <u who="CHI" uID="u45">
    <w>dig<mor type="mor"><mw><pos><c>n</c></pos><stem>dig</stem></mw><gra type="gra" index="1" head="0" relation="INCROOT"/></mor></w>
    <t type="p"><mor type="mor"><mt type="p"/><gra type="gra" index="2" head="1" relation="PUNCT"/></mor></t>
    <media
      start="320.293"
      end="320.676"
      unit="s"
    />
  </u>
  <u who="CHI" uID="u46">
    <w>dig<mor type="mor"><mw><pos><c>n</c></pos><stem>dig</stem></mw><gra type="gra" index="1" head="0" relation="INCROOT"/></mor></w>
    <t type="p"><mor type="mor"><mt type="p"/><gra type="gra" index="2" head="1" relation="PUNCT"/></mor></t>
    <media
      start="320.676"
      end="321.143"
      unit="s"
    />
  </u>
  <u who="FAT" uID="u47">
    <w>dig<mor type="mor"><mw><pos><c>n</c></pos><stem>dig</stem></mw><gra type="gra" index="1" head="0" relation="INCROOT"/></mor></w>
    <w>into<mor type="mor"><mw><pos><c>prep</c></pos><stem>into</stem></mw><gra type="gra" index="2" head="1" relation="NJCT"/></mor></w>
    <w>your<mor type="mor"><mw><pos><c>det</c><s>poss</s></pos><stem>your</stem></mw><gra type="gra" index="3" head="4" relation="DET"/></mor></w>
    <w>ice<wk type="cmp"/>cream<mor type="mor"><mwc><pos><c>n</c></pos><mw><pos><c>n</c></pos><stem>ice</stem></mw><mw><pos><c>n</c></pos><stem>cream</stem></mw></mwc><gra type="gra" index="4" head="2" relation="POBJ"/></mor></w>
    <w>and<mor type="mor"><mw><pos><c>coord</c></pos><stem>and</stem></mw><gra type="gra" index="5" head="1" relation="CONJ"/></mor></w>
    <w>dive<mor type="mor"><mw><pos><c>v</c></pos><stem>dive</stem></mw><gra type="gra" index="6" head="5" relation="COORD"/></mor></w>
    <w>for<mor type="mor"><mw><pos><c>prep</c></pos><stem>for</stem></mw><gra type="gra" index="7" head="6" relation="JCT"/></mor></w>
    <w>the<mor type="mor"><mw><pos><c>det</c><s>art</s></pos><stem>the</stem></mw><gra type="gra" index="8" head="9" relation="DET"/></mor></w>
    <w>pie<mor type="mor"><mw><pos><c>n</c></pos><stem>pie</stem></mw><gra type="gra" index="9" head="7" relation="POBJ"/></mor></w>
    <w>now<mor type="mor"><mw><pos><c>adv</c></pos><stem>now</stem></mw><gra type="gra" index="10" head="6" relation="JCT"/></mor></w>
    <t type="p"><mor type="mor"><mt type="p"/><gra type="gra" index="11" head="1" relation="PUNCT"/></mor></t>
    <media
      start="321.143"
      end="324.412"
      unit="s"
    />
  </u>
  <u who="CHI" uID="u48">
    <w>is<mor type="mor"><mw><pos><c>aux</c></pos><stem>be</stem><mk type="sfxf">3S</mk></mw><gra type="gra" index="1" head="0" relation="INCROOT"/></mor></w>
    <w>bigger<mor type="mor"><mw><pos><c>adj</c></pos><stem>big</stem><mk type="sfx">CP</mk></mw><gra type="gra" index="2" head="1" relation="PRED"/></mor></w>
    <t type="q"><mor type="mor"><mt type="q"/><gra type="gra" index="3" head="1" relation="PUNCT"/></mor></t>
    <media
      start="324.412"
      end="332.083"
      unit="s"
    />
  </u>
  <u who="CHI" uID="u49">
    <w>is<mor type="mor"><mw><pos><c>aux</c></pos><stem>be</stem><mk type="sfxf">3S</mk></mw><gra type="gra" index="1" head="0" relation="INCROOT"/></mor></w>
    <w>bigger<mor type="mor"><mw><pos><c>adj</c></pos><stem>big</stem><mk type="sfx">CP</mk></mw><gra type="gra" index="2" head="1" relation="PRED"/></mor></w>
    <t type="q"><mor type="mor"><mt type="q"/><gra type="gra" index="3" head="1" relation="PUNCT"/></mor></t>
    <media
      start="332.083"
      end="333.433"
      unit="s"
    />
  </u>
  <u who="CHI" uID="u50">
    <w>you<mor type="mor"><mw><pos><c>pro</c><s>per</s></pos><stem>you</stem></mw><gra type="gra" index="1" head="2" relation="SUBJ"/></mor></w>
    <w>cut<mor type="mor"><mw><pos><c>v</c></pos><stem>cut</stem><mk type="sfxf">ZERO</mk></mw><gra type="gra" index="2" head="0" relation="ROOT"/></mor></w>
    <w>it<mor type="mor"><mw><pos><c>pro</c><s>per</s></pos><stem>it</stem></mw><gra type="gra" index="3" head="2" relation="OBJ"/></mor></w>
    <t type="q"><mor type="mor"><mt type="q"/><gra type="gra" index="4" head="2" relation="PUNCT"/></mor></t>
    <media
      start="333.433"
      end="335.135"
      unit="s"
    />
  </u>
  <u who="FAT" uID="u51">
    <w>you<mor type="mor"><mw><pos><c>pro</c><s>per</s></pos><stem>you</stem></mw><gra type="gra" index="1" head="2" relation="SUBJ"/></mor></w>
    <w>want<mor type="mor"><mw><pos><c>v</c></pos><stem>want</stem></mw><gra type="gra" index="2" head="0" relation="ROOT"/></mor></w>
    <w>me<mor type="mor"><mw><pos><c>pro</c><s>obj</s></pos><stem>me</stem></mw><gra type="gra" index="3" head="2" relation="OBJ"/></mor></w>
    <w>to<mor type="mor"><mw><pos><c>inf</c></pos><stem>to</stem></mw><gra type="gra" index="4" head="5" relation="INF"/></mor></w>
    <w>cut<mor type="mor"><mw><pos><c>v</c></pos><stem>cut</stem><mk type="sfxf">ZERO</mk></mw><gra type="gra" index="5" head="2" relation="COMP"/></mor></w>
    <w>it<mor type="mor"><mw><pos><c>pro</c><s>per</s></pos><stem>it</stem></mw><gra type="gra" index="6" head="5" relation="OBJ"/></mor></w>
    <w>again<mor type="mor"><mw><pos><c>adv</c></pos><stem>again</stem></mw><gra type="gra" index="7" head="5" relation="JCT"/></mor></w>
    <t type="q"><mor type="mor"><mt type="q"/><gra type="gra" index="8" head="2" relation="PUNCT"/></mor></t>
    <media
      start="335.135"
      end="335.969"
      unit="s"
    />
  </u>
  <u who="CHI" uID="u52">
    <w>it's<mor type="mor"><mw><pos><c>pro</c><s>per</s></pos><stem>it</stem></mw><gra type="gra" index="1" head="2" relation="SUBJ"/><mor-post><mw><pos><c>cop</c></pos><stem>be</stem><mk type="sfxf">3S</mk></mw><gra type="gra" index="2" head="0" relation="ROOT"/></mor-post></mor></w>
    <w>bigger<mor type="mor"><mw><pos><c>adj</c></pos><stem>big</stem><mk type="sfx">CP</mk></mw><gra type="gra" index="3" head="2" relation="PRED"/></mor></w>
    <t type="e"><mor type="mor"><mt type="e"/><gra type="gra" index="4" head="2" relation="PUNCT"/></mor></t>
    <media
      start="335.969"
      end="338.904"
      unit="s"
    />
  </u>
  <u who="CHI" uID="u53">
    <w>it's<mor type="mor"><mw><pos><c>pro</c><s>per</s></pos><stem>it</stem></mw><gra type="gra" index="1" head="2" relation="SUBJ"/><mor-post><mw><pos><c>cop</c></pos><stem>be</stem><mk type="sfxf">3S</mk></mw><gra type="gra" index="2" head="0" relation="ROOT"/></mor-post></mor></w>
    <w>bigger<mor type="mor"><mw><pos><c>adj</c></pos><stem>big</stem><mk type="sfx">CP</mk></mw><gra type="gra" index="3" head="2" relation="PRED"/></mor></w>
    <t type="e"><mor type="mor"><mt type="e"/><gra type="gra" index="4" head="2" relation="PUNCT"/></mor></t>
    <media
      start="338.904"
      end="341.623"
      unit="s"
    />
  </u>
  <u who="FAT" uID="u54">
    <w>just<mor type="mor"><mw><pos><c>adv</c></pos><stem>just</stem></mw><gra type="gra" index="1" head="3" relation="JCT"/></mor></w>
    <w>a<mor type="mor"><mw><pos><c>det</c><s>art</s></pos><stem>a</stem></mw><gra type="gra" index="2" head="3" relation="DET"/></mor></w>
    <w>moment<mor type="mor"><mw><pos><c>n</c></pos><stem>moment</stem></mw><gra type="gra" index="3" head="0" relation="INCROOT"/></mor></w>
    <pause symbolic-length="simple"/>
    <w>Nomi<mor type="mor"><mw><pos><c>n</c><s>prop</s></pos><stem>Nomi</stem></mw><gra type="gra" index="4" head="3" relation="APP"/></mor></w>
    <pause symbolic-length="simple"/>
    <w>and<mor type="mor"><mw><pos><c>coord</c></pos><stem>and</stem></mw><gra type="gra" index="5" head="8" relation="LINK"/></mor></w>
    <w>I'll<mor type="mor"><mw><pos><c>pro</c><s>sub</s></pos><stem>I</stem></mw><gra type="gra" index="6" head="8" relation="SUBJ"/><mor-post><mw><pos><c>mod</c></pos><stem>will</stem></mw><gra type="gra" index="7" head="8" relation="AUX"/></mor-post></mor></w>
    <w>see<mor type="mor"><mw><pos><c>v</c></pos><stem>see</stem></mw><gra type="gra" index="8" head="3" relation="CJCT"/></mor></w>
    <w>what<mor type="mor"><mw><pos><c>pro</c><s>int</s></pos><stem>what</stem></mw><gra type="gra" index="9" head="12" relation="LINK"/></mor></w>
    <w>I<mor type="mor"><mw><pos><c>pro</c><s>sub</s></pos><stem>I</stem></mw><gra type="gra" index="10" head="12" relation="SUBJ"/></mor></w>
    <w>can<mor type="mor"><mw><pos><c>mod</c></pos><stem>can</stem></mw><gra type="gra" index="11" head="12" relation="AUX"/></mor></w>
    <w>do<mor type="mor"><mw><pos><c>v</c></pos><stem>do</stem></mw><gra type="gra" index="12" head="8" relation="COMP"/></mor></w>
    <w>about<mor type="mor"><mw><pos><c>prep</c></pos><stem>about</stem></mw><gra type="gra" index="13" head="12" relation="JCT"/></mor></w>
    <w>it<mor type="mor"><mw><pos><c>pro</c><s>per</s></pos><stem>it</stem></mw><gra type="gra" index="14" head="13" relation="POBJ"/></mor></w>
    <t type="p"><mor type="mor"><mt type="p"/><gra type="gra" index="15" head="3" relation="PUNCT"/></mor></t>
    <media
      start="341.623"
      end="344.575"
      unit="s"
    />
  </u>
  <u who="CHI" uID="u55">
    <g><w>me<mor type="mor"><mw><pos><c>pro</c><s>obj</s></pos><stem>me</stem></mw><gra type="gra" index="1" head="2" relation="SUBJ"/></mor></w><k type="best guess"/></g>
    <w>cut<mor type="mor"><mw><pos><c>v</c></pos><stem>cut</stem><mk type="sfxf">ZERO</mk></mw><gra type="gra" index="2" head="0" relation="ROOT"/></mor></w>
    <t type="p"><mor type="mor"><mt type="p"/><gra type="gra" index="3" head="2" relation="PUNCT"/></mor></t>
    <media
      start="355.575"
      end="357.341"
      unit="s"
    />
  </u>
  <u who="CHI" uID="u56">
    <w untranscribed="unintelligible">xxx</w>
    <t type="p"></t>
    <media
      start="372.781"
      end="374.464"
      unit="s"
    />
    <a type="paralinguistics">&lt;aft&gt; screams</a>
  </u>
  <u who="FAT" uID="u57">
    <w>what's<mor type="mor"><mw><pos><c>pro</c><s>int</s></pos><stem>what</stem></mw><gra type="gra" index="1" head="2" relation="SUBJ"/><mor-post><mw><pos><c>cop</c></pos><stem>be</stem><mk type="sfxf">3S</mk></mw><gra type="gra" index="2" head="0" relation="ROOT"/></mor-post></mor></w>
    <w>wrong<mor type="mor"><mw><pos><c>n</c></pos><stem>wrong</stem></mw><gra type="gra" index="3" head="2" relation="PRED"/></mor></w>
    <t type="q"><mor type="mor"><mt type="q"/><gra type="gra" index="4" head="2" relation="PUNCT"/></mor></t>
    <media
      start="374.464"
      end="375.816"
      unit="s"
    />
  </u>
  <u who="FAT" uID="u58">
    <w>whatcha<replacement><w>what<mor type="mor"><mw><pos><c>pro</c><s>int</s></pos><stem>what</stem></mw><gra type="gra" index="1" head="4" relation="LINK"/></mor></w><w>are<mor type="mor"><mw><pos><c>aux</c></pos><stem>be</stem><mk type="sfxf">PRES</mk></mw><gra type="gra" index="2" head="4" relation="AUX"/></mor></w><w>you<mor type="mor"><mw><pos><c>pro</c><s>per</s></pos><stem>you</stem></mw><gra type="gra" index="3" head="4" relation="SUBJ"/></mor></w></replacement></w>
    <w>doing<mor type="mor"><mw><pos><c>part</c></pos><stem>do</stem><mk type="sfx">PRESP</mk></mw><gra type="gra" index="4" head="0" relation="ROOT"/></mor></w>
    <pause symbolic-length="simple"/>
    <w>honey<mor type="mor"><mw><pos><c>co</c></pos><stem>honey</stem></mw><gra type="gra" index="5" head="4" relation="COM"/></mor></w>
    <t type="q"><mor type="mor"><mt type="q"/><gra type="gra" index="6" head="4" relation="PUNCT"/></mor></t>
    <media
      start="384.816"
      end="386.749"
      unit="s"
    />
  </u>
  <u who="FAT" uID="u59">
    <w>whatcha<replacement><w>what<mor type="mor"><mw><pos><c>pro</c><s>int</s></pos><stem>what</stem></mw><gra type="gra" index="1" head="4" relation="LINK"/></mor></w><w>are<mor type="mor"><mw><pos><c>aux</c></pos><stem>be</stem><mk type="sfxf">PRES</mk></mw><gra type="gra" index="2" head="4" relation="AUX"/></mor></w><w>you<mor type="mor"><mw><pos><c>pro</c><s>per</s></pos><stem>you</stem></mw><gra type="gra" index="3" head="4" relation="SUBJ"/></mor></w></replacement></w>
    <w>doing<mor type="mor"><mw><pos><c>part</c></pos><stem>do</stem><mk type="sfx">PRESP</mk></mw><gra type="gra" index="4" head="0" relation="ROOT"/></mor></w>
    <pause symbolic-length="simple"/>
    <w>honey<mor type="mor"><mw><pos><c>co</c></pos><stem>honey</stem></mw><gra type="gra" index="5" head="4" relation="COM"/></mor></w>
    <t type="q"><mor type="mor"><mt type="q"/><gra type="gra" index="6" head="4" relation="PUNCT"/></mor></t>
    <media
      start="386.749"
      end="393.236"
      unit="s"
    />
  </u>
  <u who="CHI" uID="u60">
    <g><w>table<wk type="cmp"/>cloth<mor type="mor"><mwc><pos><c>n</c></pos><mw><pos><c>n</c></pos><stem>table</stem></mw><mw><pos><c>n</c></pos><stem>cloth</stem></mw></mwc><gra type="gra" index="1" head="0" relation="INCROOT"/></mor></w>
    <w>kicking<mor type="mor"><mw><pos><c>part</c></pos><stem>kick</stem><mk type="sfx">PRESP</mk></mw><gra type="gra" index="2" head="1" relation="XMOD"/></mor></w>
    <w>me<mor type="mor"><mw><pos><c>pro</c><s>obj</s></pos><stem>me</stem></mw><gra type="gra" index="3" head="2" relation="OBJ"/></mor></w><k type="best guess"/></g>
    <t type="p"><mor type="mor"><mt type="p"/><gra type="gra" index="4" head="1" relation="PUNCT"/></mor></t>
    <media
      start="393.236"
      end="394.753"
      unit="s"
    />
  </u>
  <u who="FAT" uID="u61">
    <w>what<mor type="mor"><mw><pos><c>pro</c><s>int</s></pos><stem>what</stem></mw><gra type="gra" index="1" head="0" relation="INCROOT"/></mor></w>
    <t type="q"><mor type="mor"><mt type="q"/><gra type="gra" index="2" head="1" relation="PUNCT"/></mor></t>
    <media
      start="394.753"
      end="395.955"
      unit="s"
    />
  </u>
  <u who="CHI" uID="u62">
    <w>kicking<mor type="mor"><mw><pos><c>part</c></pos><stem>kick</stem><mk type="sfx">PRESP</mk></mw><gra type="gra" index="1" head="0" relation="INCROOT"/></mor></w>
    <w>me<mor type="mor"><mw><pos><c>pro</c><s>obj</s></pos><stem>me</stem></mw><gra type="gra" index="2" head="1" relation="OBJ"/></mor></w>
    <t type="p"><mor type="mor"><mt type="p"/><gra type="gra" index="3" head="1" relation="PUNCT"/></mor></t>
    <media
      start="395.955"
      end="397.038"
      unit="s"
    />
  </u>
  <u who="FAT" uID="u63">
    <w>what's<mor type="mor"><mw><pos><c>pro</c><s>int</s></pos><stem>what</stem></mw><gra type="gra" index="1" head="3" relation="LINK"/><mor-post><mw><pos><c>aux</c></pos><stem>be</stem><mk type="sfxf">3S</mk></mw><gra type="gra" index="2" head="3" relation="AUX"/></mor-post></mor></w>
    <w>kicking<mor type="mor"><mw><pos><c>part</c></pos><stem>kick</stem><mk type="sfx">PRESP</mk></mw><gra type="gra" index="3" head="0" relation="ROOT"/></mor></w>
    <w>you<mor type="mor"><mw><pos><c>pro</c><s>per</s></pos><stem>you</stem></mw><gra type="gra" index="4" head="3" relation="OBJ"/></mor></w>
    <t type="q"><mor type="mor"><mt type="q"/><gra type="gra" index="5" head="3" relation="PUNCT"/></mor></t>
    <media
      start="397.038"
      end="399.057"
      unit="s"
    />
  </u>
  <u who="CHI" uID="u64">
    <w>the<mor type="mor"><mw><pos><c>det</c><s>art</s></pos><stem>the</stem></mw><gra type="gra" index="1" head="3" relation="DET"/></mor></w>
    <w>table<mor type="mor"><mw><pos><c>n</c></pos><stem>table</stem></mw><gra type="gra" index="2" head="3" relation="MOD"/></mor></w>
    <w>cloth<mor type="mor"><mw><pos><c>n</c></pos><stem>cloth</stem></mw><gra type="gra" index="3" head="0" relation="INCROOT"/></mor></w>
    <w>kicking<mor type="mor"><mw><pos><c>part</c></pos><stem>kick</stem><mk type="sfx">PRESP</mk></mw><gra type="gra" index="4" head="3" relation="XMOD"/></mor></w>
    <w>me<mor type="mor"><mw><pos><c>pro</c><s>obj</s></pos><stem>me</stem></mw><gra type="gra" index="5" head="4" relation="OBJ"/></mor></w>
    <t type="p"><mor type="mor"><mt type="p"/><gra type="gra" index="6" head="3" relation="PUNCT"/></mor></t>
    <media
      start="399.057"
      end="403.525"
      unit="s"
    />
  </u>
  <u who="FAT" uID="u65">
    <w>the<mor type="mor"><mw><pos><c>det</c><s>art</s></pos><stem>the</stem></mw><gra type="gra" index="1" head="3" relation="DET"/></mor></w>
    <w>table<mor type="mor"><mw><pos><c>n</c></pos><stem>table</stem></mw><gra type="gra" index="2" head="3" relation="MOD"/></mor></w>
    <w>cloth's<mor type="mor"><mw><pos><c>n</c></pos><stem>cloth</stem></mw><gra type="gra" index="3" head="5" relation="SUBJ"/><mor-post><mw><pos><c>aux</c></pos><stem>be</stem><mk type="sfxf">3S</mk></mw><gra type="gra" index="4" head="5" relation="AUX"/></mor-post></mor></w>
    <w>kicking<mor type="mor"><mw><pos><c>part</c></pos><stem>kick</stem><mk type="sfx">PRESP</mk></mw><gra type="gra" index="5" head="0" relation="ROOT"/></mor></w>
    <w>you<mor type="mor"><mw><pos><c>pro</c><s>per</s></pos><stem>you</stem></mw><gra type="gra" index="6" head="5" relation="OBJ"/></mor></w>
    <t type="q"><mor type="mor"><mt type="q"/><gra type="gra" index="7" head="5" relation="PUNCT"/></mor></t>
    <media
      start="403.525"
      end="405.127"
      unit="s"
    />
  </u>
  <u who="FAT" uID="u66">
    <w>I<mor type="mor"><mw><pos><c>pro</c><s>sub</s></pos><stem>I</stem></mw><gra type="gra" index="1" head="4" relation="SUBJ"/></mor></w>
    <w>can't<mor type="mor"><mw><pos><c>mod</c></pos><stem>can</stem></mw><gra type="gra" index="2" head="4" relation="AUX"/><mor-post><mw><pos><c>neg</c></pos><stem>not</stem></mw><gra type="gra" index="3" head="2" relation="NEG"/></mor-post></mor></w>
    <w>believe<mor type="mor"><mw><pos><c>v</c></pos><stem>believe</stem></mw><gra type="gra" index="4" head="0" relation="ROOT"/></mor></w>
    <w>that<mor type="mor"><mw><pos><c>pro</c><s>dem</s></pos><stem>that</stem></mw><gra type="gra" index="5" head="4" relation="OBJ"/></mor></w>
    <t type="p"><mor type="mor"><mt type="p"/><gra type="gra" index="6" head="4" relation="PUNCT"/></mor></t>
    <media
      start="405.127"
      end="407.578"
      unit="s"
    />
  </u>
  <u who="CHI" uID="u67">
    <w untranscribed="unintelligible">xxx</w>
    <t type="p"></t>
    <media
      start="481.080"
      end="490.352"
      unit="s"
    />
  </u>
  <u who="CHI" uID="u68">
    <w>I<mor type="mor"><mw><pos><c>pro</c><s>sub</s></pos><stem>I</stem></mw><gra type="gra" index="1" head="2" relation="SUBJ"/></mor></w>
    <w>need<mor type="mor"><mw><pos><c>v</c></pos><stem>need</stem></mw><gra type="gra" index="2" head="0" relation="ROOT"/></mor></w>
    <w>some<mor type="mor"><mw><pos><c>qn</c></pos><stem>some</stem></mw><gra type="gra" index="3" head="4" relation="QUANT"/></mor></w>
    <w>more<mor type="mor"><mw><pos><c>pro</c><s>indef</s></pos><stem>more</stem></mw><gra type="gra" index="4" head="2" relation="OBJ"/></mor></w>
    <t type="p"><mor type="mor"><mt type="p"/><gra type="gra" index="5" head="2" relation="PUNCT"/></mor></t>
    <media
      start="490.352"
      end="494.571"
      unit="s"
    />
  </u>
  <u who="CHI" uID="u69">
    <w>I<mor type="mor"><mw><pos><c>pro</c><s>sub</s></pos><stem>I</stem></mw><gra type="gra" index="1" head="2" relation="SUBJ"/></mor></w>
    <w>need<mor type="mor"><mw><pos><c>v</c></pos><stem>need</stem></mw><gra type="gra" index="2" head="0" relation="ROOT"/></mor></w>
    <w>some<mor type="mor"><mw><pos><c>qn</c></pos><stem>some</stem></mw><gra type="gra" index="3" head="5" relation="QUANT"/></mor></w>
    <w>more<mor type="mor"><mw><pos><c>qn</c></pos><stem>more</stem></mw><gra type="gra" index="4" head="5" relation="QUANT"/></mor></w>
    <w>ice<wk type="cmp"/>cream<mor type="mor"><mwc><pos><c>n</c></pos><mw><pos><c>n</c></pos><stem>ice</stem></mw><mw><pos><c>n</c></pos><stem>cream</stem></mw></mwc><gra type="gra" index="5" head="2" relation="OBJ"/></mor></w>
    <t type="p"><mor type="mor"><mt type="p"/><gra type="gra" index="6" head="2" relation="PUNCT"/></mor></t>
    <media
      start="494.571"
      end="503.760"
      unit="s"
    />
  </u>
  <u who="CHI" uID="u70">
    <w>I<mor type="mor"><mw><pos><c>pro</c><s>sub</s></pos><stem>I</stem></mw><gra type="gra" index="1" head="2" relation="SUBJ"/></mor></w>
    <w>need<mor type="mor"><mw><pos><c>v</c></pos><stem>need</stem></mw><gra type="gra" index="2" head="0" relation="ROOT"/></mor></w>
    <w>some<mor type="mor"><mw><pos><c>qn</c></pos><stem>some</stem></mw><gra type="gra" index="3" head="5" relation="QUANT"/></mor></w>
    <w>more<mor type="mor"><mw><pos><c>qn</c></pos><stem>more</stem></mw><gra type="gra" index="4" head="5" relation="QUANT"/></mor></w>
    <w>ice<wk type="cmp"/>cream<mor type="mor"><mwc><pos><c>n</c></pos><mw><pos><c>n</c></pos><stem>ice</stem></mw><mw><pos><c>n</c></pos><stem>cream</stem></mw></mwc><gra type="gra" index="5" head="2" relation="OBJ"/></mor></w>
    <t type="p"><mor type="mor"><mt type="p"/><gra type="gra" index="6" head="2" relation="PUNCT"/></mor></t>
    <media
      start="503.760"
      end="506.628"
      unit="s"
    />
  </u>
  <u who="CHI" uID="u71">
    <w untranscribed="unintelligible">xxx</w>
    <t type="p"></t>
    <media
      start="512.628"
      end="515.817"
      unit="s"
    />
  </u>
  <u who="CHI" uID="u72">
    <w>I<mor type="mor"><mw><pos><c>pro</c><s>sub</s></pos><stem>I</stem></mw><gra type="gra" index="1" head="2" relation="SUBJ"/></mor></w>
    <w>need<mor type="mor"><mw><pos><c>v</c></pos><stem>need</stem></mw><gra type="gra" index="2" head="0" relation="ROOT"/></mor></w>
    <w>more<mor type="mor"><mw><pos><c>qn</c></pos><stem>more</stem></mw><gra type="gra" index="3" head="4" relation="QUANT"/></mor></w>
    <w>ice<wk type="cmp"/>cream<mor type="mor"><mwc><pos><c>n</c></pos><mw><pos><c>n</c></pos><stem>ice</stem></mw><mw><pos><c>n</c></pos><stem>cream</stem></mw></mwc><gra type="gra" index="4" head="2" relation="OBJ"/></mor></w>
    <t type="e"><mor type="mor"><mt type="e"/><gra type="gra" index="5" head="2" relation="PUNCT"/></mor></t>
    <media
      start="524.817"
      end="528.952"
      unit="s"
    />
  </u>
  <u who="CHI" uID="u73">
    <w>I<mor type="mor"><mw><pos><c>pro</c><s>sub</s></pos><stem>I</stem></mw><gra type="gra" index="1" head="2" relation="SUBJ"/></mor></w>
    <w>need<mor type="mor"><mw><pos><c>v</c></pos><stem>need</stem></mw><gra type="gra" index="2" head="0" relation="ROOT"/></mor></w>
    <w>some<mor type="mor"><mw><pos><c>qn</c></pos><stem>some</stem></mw><gra type="gra" index="3" head="5" relation="QUANT"/></mor></w>
    <w>more<mor type="mor"><mw><pos><c>qn</c></pos><stem>more</stem></mw><gra type="gra" index="4" head="5" relation="QUANT"/></mor></w>
    <w>ice<wk type="cmp"/>cream<mor type="mor"><mwc><pos><c>n</c></pos><mw><pos><c>n</c></pos><stem>ice</stem></mw><mw><pos><c>n</c></pos><stem>cream</stem></mw></mwc><gra type="gra" index="5" head="2" relation="OBJ"/></mor></w>
    <pause symbolic-length="simple"/>
    <w>Mommy<mor type="mor"><mw><pos><c>n</c><s>prop</s></pos><stem>Mommy</stem></mw><gra type="gra" index="6" head="5" relation="APP"/></mor></w>
    <t type="p"><mor type="mor"><mt type="p"/><gra type="gra" index="7" head="2" relation="PUNCT"/></mor></t>
    <media
      start="528.952"
      end="544.229"
      unit="s"
    />
  </u>
  <u who="CHI" uID="u74">
    <w>I<mor type="mor"><mw><pos><c>pro</c><s>sub</s></pos><stem>I</stem></mw><gra type="gra" index="1" head="2" relation="SUBJ"/></mor></w>
    <w>need<mor type="mor"><mw><pos><c>v</c></pos><stem>need</stem></mw><gra type="gra" index="2" head="0" relation="ROOT"/></mor></w>
    <w>some<mor type="mor"><mw><pos><c>qn</c></pos><stem>some</stem></mw><gra type="gra" index="3" head="5" relation="QUANT"/></mor></w>
    <w>more<mor type="mor"><mw><pos><c>qn</c></pos><stem>more</stem></mw><gra type="gra" index="4" head="5" relation="QUANT"/></mor></w>
    <w>ice<wk type="cmp"/>cream<mor type="mor"><mwc><pos><c>n</c></pos><mw><pos><c>n</c></pos><stem>ice</stem></mw><mw><pos><c>n</c></pos><stem>cream</stem></mw></mwc><gra type="gra" index="5" head="2" relation="OBJ"/></mor></w>
    <pause symbolic-length="simple"/>
    <w>Mommy<mor type="mor"><mw><pos><c>n</c><s>prop</s></pos><stem>Mommy</stem></mw><gra type="gra" index="6" head="5" relation="APP"/></mor></w>
    <t type="p"><mor type="mor"><mt type="p"/><gra type="gra" index="7" head="2" relation="PUNCT"/></mor></t>
    <media
      start="544.229"
      end="548.932"
      unit="s"
    />
  </u>
  <u who="CHI" uID="u75">
    <w untranscribed="unintelligible">xxx</w>
    <t type="p"></t>
    <media
      start="553.167"
      end="558.302"
      unit="s"
    />
  </u>
  <u who="CHI" uID="u76">
    <w>I<mor type="mor"><mw><pos><c>pro</c><s>sub</s></pos><stem>I</stem></mw><gra type="gra" index="1" head="4" relation="SUBJ"/></mor></w>
    <w>don't<mor type="mor"><mw><pos><c>mod</c></pos><stem>do</stem></mw><gra type="gra" index="2" head="4" relation="AUX"/><mor-post><mw><pos><c>neg</c></pos><stem>not</stem></mw><gra type="gra" index="3" head="2" relation="NEG"/></mor-post></mor></w>
    <w>need<mor type="mor"><mw><pos><c>v</c></pos><stem>need</stem></mw><gra type="gra" index="4" head="0" relation="ROOT"/></mor></w>
    <w>cereal<mor type="mor"><mw><pos><c>n</c></pos><stem>cereal</stem></mw><gra type="gra" index="5" head="4" relation="OBJ"/></mor></w>
    <w>on<mor type="mor"><mw><pos><c>prep</c></pos><stem>on</stem></mw><gra type="gra" index="6" head="4" relation="JCT"/></mor></w>
    <w>the<mor type="mor"><mw><pos><c>det</c><s>art</s></pos><stem>the</stem></mw><gra type="gra" index="7" head="8" relation="DET"/></mor></w>
    <w>ice<wk type="cmp"/>cream<mor type="mor"><mwc><pos><c>n</c></pos><mw><pos><c>n</c></pos><stem>ice</stem></mw><mw><pos><c>n</c></pos><stem>cream</stem></mw></mwc><gra type="gra" index="8" head="6" relation="POBJ"/></mor></w>
    <t type="p"><mor type="mor"><mt type="p"/><gra type="gra" index="9" head="4" relation="PUNCT"/></mor></t>
    <media
      start="573.302"
      end="576.770"
      unit="s"
    />
  </u>
  <u who="CHI" uID="u77">
    <w>I<mor type="mor"><mw><pos><c>pro</c><s>sub</s></pos><stem>I</stem></mw><gra type="gra" index="1" head="4" relation="SUBJ"/></mor></w>
    <w>don't<mor type="mor"><mw><pos><c>mod</c></pos><stem>do</stem></mw><gra type="gra" index="2" head="4" relation="AUX"/><mor-post><mw><pos><c>neg</c></pos><stem>not</stem></mw><gra type="gra" index="3" head="2" relation="NEG"/></mor-post></mor></w>
    <w>need<mor type="mor"><mw><pos><c>v</c></pos><stem>need</stem></mw><gra type="gra" index="4" head="0" relation="ROOT"/></mor></w>
    <w>cereal<mor type="mor"><mw><pos><c>n</c></pos><stem>cereal</stem></mw><gra type="gra" index="5" head="4" relation="OBJ"/></mor></w>
    <t type="p"><mor type="mor"><mt type="p"/><gra type="gra" index="6" head="4" relation="PUNCT"/></mor></t>
    <media
      start="576.770"
      end="580.056"
      unit="s"
    />
    <a type="situation">MOT is talking on phone</a>
  </u>
  <u who="CHI" uID="u78">
    <w>you<mor type="mor"><mw><pos><c>pro</c><s>per</s></pos><stem>you</stem></mw><gra type="gra" index="1" head="2" relation="SUBJ"/></mor></w>
    <w>cut<mor type="mor"><mw><pos><c>v</c></pos><stem>cut</stem><mk type="sfxf">ZERO</mk></mw><gra type="gra" index="2" head="0" relation="ROOT"/></mor></w>
    <w>it<mor type="mor"><mw><pos><c>pro</c><s>per</s></pos><stem>it</stem></mw><gra type="gra" index="3" head="2" relation="OBJ"/></mor></w>
    <pause symbolic-length="simple"/>
    <w>Mommy<mor type="mor"><mw><pos><c>n</c><s>prop</s></pos><stem>Mommy</stem></mw><gra type="gra" index="4" head="2" relation="JCT"/></mor></w>
    <t type="q"><mor type="mor"><mt type="q"/><gra type="gra" index="5" head="2" relation="PUNCT"/></mor></t>
    <media
      start="580.056"
      end="588.495"
      unit="s"
    />
  </u>
  <u who="CHI" uID="u79">
    <w>it's<mor type="mor"><mw><pos><c>pro</c><s>per</s></pos><stem>it</stem></mw><gra type="gra" index="1" head="3" relation="SUBJ"/><mor-post><mw><pos><c>aux</c></pos><stem>be</stem><mk type="sfxf">3S</mk></mw><gra type="gra" index="2" head="3" relation="AUX"/></mor-post></mor></w>
    <w>dripping<mor type="mor"><mw><pos><c>part</c></pos><stem>drip</stem><mk type="sfx">PRESP</mk></mw><gra type="gra" index="3" head="0" relation="ROOT"/></mor></w>
    <t type="p"><mor type="mor"><mt type="p"/><gra type="gra" index="4" head="3" relation="PUNCT"/></mor></t>
    <media
      start="615.337"
      end="617.437"
      unit="s"
    />
  </u>
  <u who="MOT" uID="u80">
    <w>oh<mor type="mor"><mw><pos><c>co</c></pos><stem>oh</stem></mw><gra type="gra" index="1" head="2" relation="COM"/></mor></w>
    <w>no<mor type="mor"><mw><pos><c>co</c></pos><stem>no</stem></mw><gra type="gra" index="2" head="0" relation="INCROOT"/></mor></w>
    <t type="e"><mor type="mor"><mt type="e"/><gra type="gra" index="3" head="2" relation="PUNCT"/></mor></t>
    <media
      start="617.437"
      end="619.039"
      unit="s"
    />
  </u>
  <u who="CHI" uID="u81">
    <w>it's<mor type="mor"><mw><pos><c>pro</c><s>per</s></pos><stem>it</stem></mw><gra type="gra" index="1" head="2" relation="SUBJ"/><mor-post><mw><pos><c>cop</c></pos><stem>be</stem><mk type="sfxf">3S</mk></mw><gra type="gra" index="2" head="0" relation="ROOT"/></mor-post></mor></w>
    <w>bigger<mor type="mor"><mw><pos><c>adj</c></pos><stem>big</stem><mk type="sfx">CP</mk></mw><gra type="gra" index="3" head="2" relation="PRED"/></mor></w>
    <t type="p"><mor type="mor"><mt type="p"/><gra type="gra" index="4" head="2" relation="PUNCT"/></mor></t>
    <media
      start="619.039"
      end="621.657"
      unit="s"
    />
  </u>
  <u who="FAT" uID="u82">
    <w>Nomi<mor type="mor"><mw><pos><c>n</c><s>prop</s></pos><stem>Nomi</stem></mw><gra type="gra" index="1" head="2" relation="MOD"/></mor></w>
    <pause symbolic-length="simple"/>
    <w>stop<mor type="mor"><mw><pos><c>n</c></pos><stem>stop</stem></mw><gra type="gra" index="2" head="0" relation="INCROOT"/></mor></w>
    <w>that<mor type="mor"><mw><pos><c>pro</c><s>dem</s></pos><stem>that</stem></mw><gra type="gra" index="3" head="2" relation="OBJ"/></mor></w>
    <t type="p"><mor type="mor"><mt type="p"/><gra type="gra" index="4" head="2" relation="PUNCT"/></mor></t>
    <media
      start="631.657"
      end="633.507"
      unit="s"
    />
  </u>
  <u who="FAT" uID="u83">
    <w>if<mor type="mor"><mw><pos><c>conj</c></pos><stem>if</stem></mw><gra type="gra" index="1" head="5" relation="LINK"/></mor></w>
    <w>you<mor type="mor"><mw><pos><c>pro</c><s>per</s></pos><stem>you</stem></mw><gra type="gra" index="2" head="5" relation="SUBJ"/></mor></w>
    <w>don't<mor type="mor"><mw><pos><c>mod</c></pos><stem>do</stem></mw><gra type="gra" index="3" head="5" relation="AUX"/><mor-post><mw><pos><c>neg</c></pos><stem>not</stem></mw><gra type="gra" index="4" head="3" relation="NEG"/></mor-post></mor></w>
    <w>eat<mor type="mor"><mw><pos><c>v</c></pos><stem>eat</stem></mw><gra type="gra" index="5" head="10" relation="CJCT"/></mor></w>
    <w>it<mor type="mor"><mw><pos><c>pro</c><s>per</s></pos><stem>it</stem></mw><gra type="gra" index="6" head="5" relation="OBJ"/></mor></w>
    <w>properly<mor type="mor"><mw><pos><c>adv</c></pos><stem>proper</stem><mk type="sfxf">dadj</mk><mk type="sfx">LY</mk></mw><gra type="gra" index="7" head="5" relation="JCT"/></mor></w>
    <pause symbolic-length="simple"/>
    <w>I'm<mor type="mor"><mw><pos><c>pro</c><s>sub</s></pos><stem>I</stem></mw><gra type="gra" index="8" head="10" relation="SUBJ"/><mor-post><mw><pos><c>aux</c></pos><stem>be</stem><mk type="sfxf">1S</mk></mw><gra type="gra" index="9" head="10" relation="AUX"/></mor-post></mor></w>
    <w>going<mor type="mor"><mw><pos><c>part</c></pos><stem>go</stem><mk type="sfx">PRESP</mk></mw><gra type="gra" index="10" head="0" relation="ROOT"/></mor></w>
    <w>to<mor type="mor"><mw><pos><c>inf</c></pos><stem>to</stem></mw><gra type="gra" index="11" head="12" relation="INF"/></mor></w>
    <w>take<mor type="mor"><mw><pos><c>v</c></pos><stem>take</stem></mw><gra type="gra" index="12" head="10" relation="COMP"/></mor></w>
    <w>it<mor type="mor"><mw><pos><c>pro</c><s>per</s></pos><stem>it</stem></mw><gra type="gra" index="13" head="12" relation="OBJ"/></mor></w>
    <w>away<mor type="mor"><mw><pos><c>adv</c></pos><stem>away</stem></mw><gra type="gra" index="14" head="12" relation="JCT"/></mor></w>
    <t type="p"><mor type="mor"><mt type="p"/><gra type="gra" index="15" head="10" relation="PUNCT"/></mor></t>
    <media
      start="633.507"
      end="639.327"
      unit="s"
    />
  </u>
  <u who="FAT" uID="u84">
    <w>could<mor type="mor"><mw><pos><c>mod</c></pos><stem>could</stem></mw><gra type="gra" index="1" head="3" relation="AUX"/></mor></w>
    <w>you<mor type="mor"><mw><pos><c>pro</c><s>per</s></pos><stem>you</stem></mw><gra type="gra" index="2" head="3" relation="SUBJ"/></mor></w>
    <w>get<mor type="mor"><mw><pos><c>v</c></pos><stem>get</stem></mw><gra type="gra" index="3" head="0" relation="ROOT"/></mor></w>
    <w>a<mor type="mor"><mw><pos><c>det</c><s>art</s></pos><stem>a</stem></mw><gra type="gra" index="4" head="5" relation="DET"/></mor></w>
    <w>bib<mor type="mor"><mw><pos><c>n</c></pos><stem>bib</stem></mw><gra type="gra" index="5" head="3" relation="OBJ"/></mor></w>
    <w>for<mor type="mor"><mw><pos><c>prep</c></pos><stem>for</stem></mw><gra type="gra" index="6" head="5" relation="NJCT"/></mor></w>
    <w>Nomi<mor type="mor"><mw><pos><c>n</c><s>prop</s></pos><stem>Nomi</stem></mw><gra type="gra" index="7" head="6" relation="POBJ"/></mor></w>
    <t type="q"><mor type="mor"><mt type="q"/><gra type="gra" index="8" head="3" relation="PUNCT"/></mor></t>
    <media
      start="654.327"
      end="657.545"
      unit="s"
    />
  </u>
  <u who="CHI" uID="u85">
    <w>a<mor type="mor"><mw><pos><c>det</c><s>art</s></pos><stem>a</stem></mw><gra type="gra" index="1" head="2" relation="DET"/></mor></w>
    <w>bib<mor type="mor"><mw><pos><c>n</c></pos><stem>bib</stem></mw><gra type="gra" index="2" head="0" relation="INCROOT"/></mor></w>
    <t type="p"><mor type="mor"><mt type="p"/><gra type="gra" index="3" head="2" relation="PUNCT"/></mor></t>
    <media
      start="657.545"
      end="663.349"
      unit="s"
    />
  </u>
  <u who="CHI" uID="u86">
    <w untranscribed="unintelligible">xxx</w>
    <t type="p"></t>
    <media
      start="663.349"
      end="667.068"
      unit="s"
    />
  </u>
  <u who="FAT" uID="u87">
    <w>Nomi<mor type="mor"><mw><pos><c>n</c><s>prop</s></pos><stem>Nomi</stem></mw><gra type="gra" index="1" head="3" relation="SUBJ"/></mor></w>
    <pause symbolic-length="simple"/>
    <w>what<mor type="mor"><mw><pos><c>pro</c><s>int</s></pos><stem>what</stem></mw><gra type="gra" index="2" head="3" relation="LINK"/></mor></w>
    <w>were<mor type="mor"><mw><pos><c>cop</c></pos><stem>be</stem><mk type="sfxf">PAST</mk></mw><gra type="gra" index="3" head="0" relation="ROOT"/></mor></w>
    <w>the<mor type="mor"><mw><pos><c>det</c><s>art</s></pos><stem>the</stem></mw><gra type="gra" index="4" head="5" relation="DET"/></mor></w>
    <w>names<mor type="mor"><mw><pos><c>n</c></pos><stem>name</stem><mk type="sfx">PL</mk></mw><gra type="gra" index="5" head="3" relation="PRED"/></mor></w>
    <w>of<mor type="mor"><mw><pos><c>prep</c></pos><stem>of</stem></mw><gra type="gra" index="6" head="5" relation="NJCT"/></mor></w>
    <w>the<mor type="mor"><mw><pos><c>det</c><s>art</s></pos><stem>the</stem></mw><gra type="gra" index="7" head="8" relation="DET"/></mor></w>
    <w>dogs<mor type="mor"><mw><pos><c>n</c></pos><stem>dog</stem><mk type="sfx">PL</mk></mw><gra type="gra" index="8" head="6" relation="POBJ"/></mor></w>
    <w>in<mor type="mor"><mw><pos><c>prep</c></pos><stem>in</stem></mw><gra type="gra" index="9" head="8" relation="NJCT"/></mor></w>
    <g><w>Evanston<mor type="mor"><mw><pos><c>n</c><s>prop</s></pos><stem>Evanston</stem></mw><gra type="gra" index="10" head="9" relation="POBJ"/></mor></w><k type="best guess"/></g>
    <t type="q"><mor type="mor"><mt type="q"/><gra type="gra" index="11" head="3" relation="PUNCT"/></mor></t>
    <media
      start="723.068"
      end="726.703"
      unit="s"
    />
  </u>
  <u who="FAT" uID="u88">
    <w>do<mor type="mor"><mw><pos><c>mod</c></pos><stem>do</stem></mw><gra type="gra" index="1" head="3" relation="AUX"/></mor></w>
    <w>you<mor type="mor"><mw><pos><c>pro</c><s>per</s></pos><stem>you</stem></mw><gra type="gra" index="2" head="3" relation="SUBJ"/></mor></w>
    <w>remember<mor type="mor"><mw><pos><c>v</c></pos><stem>remember</stem></mw><gra type="gra" index="3" head="0" relation="ROOT"/></mor></w>
    <t type="q"><mor type="mor"><mt type="q"/><gra type="gra" index="4" head="3" relation="PUNCT"/></mor></t>
    <media
      start="726.703"
      end="727.170"
      unit="s"
    />
  </u>
  <u who="FAT" uID="u89">
    <w>what<mor type="mor"><mw><pos><c>pro</c><s>int</s></pos><stem>what</stem></mw><gra type="gra" index="1" head="2" relation="LINK"/></mor></w>
    <w>were<mor type="mor"><mw><pos><c>cop</c></pos><stem>be</stem><mk type="sfxf">PAST</mk></mw><gra type="gra" index="2" head="0" relation="ROOT"/></mor></w>
    <w>the<mor type="mor"><mw><pos><c>det</c><s>art</s></pos><stem>the</stem></mw><gra type="gra" index="3" head="4" relation="DET"/></mor></w>
    <w>names<mor type="mor"><mw><pos><c>n</c></pos><stem>name</stem><mk type="sfx">PL</mk></mw><gra type="gra" index="4" head="2" relation="PRED"/></mor></w>
    <w>of<mor type="mor"><mw><pos><c>prep</c></pos><stem>of</stem></mw><gra type="gra" index="5" head="4" relation="NJCT"/></mor></w>
    <w>Grandma<mor type="mor"><mw><pos><c>n</c><s>prop</s></pos><stem>Grandma</stem></mw><gra type="gra" index="6" head="5" relation="POBJ"/></mor></w>
    <w>and<mor type="mor"><mw><pos><c>coord</c></pos><stem>and</stem></mw><gra type="gra" index="7" head="4" relation="CONJ"/></mor></w>
    <w>Grandpa's<mor type="mor"><mw><pos><c>adj</c></pos><stem>Grandpa</stem><mk type="sfxf">dn</mk><mk type="sfx">POSS</mk></mw><gra type="gra" index="8" head="9" relation="MOD"/></mor></w>
    <w>dogs<mor type="mor"><mw><pos><c>n</c></pos><stem>dog</stem><mk type="sfx">PL</mk></mw><gra type="gra" index="9" head="7" relation="COORD"/></mor></w>
    <t type="q"><mor type="mor"><mt type="q"/><gra type="gra" index="10" head="2" relation="PUNCT"/></mor></t>
    <media
      start="727.170"
      end="734.959"
      unit="s"
    />
  </u>
  <u who="CHI" uID="u90">
    <w untranscribed="unintelligible">xxx</w>
    <w>friendly<mor type="mor"><mw><pos><c>adj</c></pos><stem>friend</stem><mk type="sfxf">dn</mk><mk type="sfx">LY</mk></mw><gra type="gra" index="1" head="2" relation="SUBJ"/></mor></w>
    <w>dogs<mor type="mor"><mw><pos><c>v</c></pos><stem>dog</stem><mk type="sfx">3S</mk></mw><gra type="gra" index="2" head="0" relation="ROOT"/></mor></w>
    <t type="p"><mor type="mor"><mt type="p"/><gra type="gra" index="3" head="2" relation="PUNCT"/></mor></t>
    <media
      start="734.959"
      end="738.577"
      unit="s"
    />
  </u>
  <u who="FAT" uID="u91">
    <w>no<mor type="mor"><mw><pos><c>co</c></pos><stem>no</stem></mw><gra type="gra" index="1" head="0" relation="INCROOT"/></mor></w>
    <t type="p"><mor type="mor"><mt type="p"/><gra type="gra" index="2" head="1" relation="PUNCT"/></mor></t>
    <media
      start="738.577"
      end="739.411"
      unit="s"
    />
  </u>
  <u who="FAT" uID="u92">
    <w>they<mor type="mor"><mw><pos><c>pro</c><s>sub</s></pos><stem>they</stem></mw><gra type="gra" index="1" head="2" relation="SUBJ"/></mor></w>
    <w>were<mor type="mor"><mw><pos><c>cop</c></pos><stem>be</stem><mk type="sfxf">PAST</mk></mw><gra type="gra" index="2" head="4" relation="SUBJ"/></mor></w>
    <w>friendly<mor type="mor"><mw><pos><c>adj</c></pos><stem>friend</stem><mk type="sfxf">dn</mk><mk type="sfx">LY</mk></mw><gra type="gra" index="3" head="2" relation="PRED"/></mor></w>
    <w>dogs<mor type="mor"><mw><pos><c>v</c></pos><stem>dog</stem><mk type="sfx">3S</mk></mw><gra type="gra" index="4" head="0" relation="ROOT"/></mor></w>
    <pause symbolic-length="simple"/>
    <w>too<mor type="mor"><mw><pos><c>adv</c></pos><stem>too</stem></mw><gra type="gra" index="5" head="4" relation="JCT"/></mor></w>
    <pause symbolic-length="simple"/>
    <w>but<mor type="mor"><mw><pos><c>conj</c></pos><stem>but</stem></mw><gra type="gra" index="6" head="4" relation="CONJ"/></mor></w>
    <w>not<mor type="mor"><mw><pos><c>neg</c></pos><stem>not</stem></mw><gra type="gra" index="7" head="9" relation="NEG"/></mor></w>
    <w>the<mor type="mor"><mw><pos><c>det</c><s>art</s></pos><stem>the</stem></mw><gra type="gra" index="8" head="9" relation="DET"/></mor></w>
    <w untranscribed="unintelligible">xxx</w>
    <w>dogs<mor type="mor"><mw><pos><c>n</c></pos><stem>dog</stem><mk type="sfx">PL</mk></mw><gra type="gra" index="9" head="6" relation="COORD"/></mor></w>
    <t type="p"><mor type="mor"><mt type="p"/><gra type="gra" index="10" head="4" relation="PUNCT"/></mor></t>
    <media
      start="739.411"
      end="742.046"
      unit="s"
    />
  </u>
  <u who="FAT" uID="u93">
    <w>do<mor type="mor"><mw><pos><c>mod</c></pos><stem>do</stem></mw><gra type="gra" index="1" head="3" relation="AUX"/></mor></w>
    <w>you<mor type="mor"><mw><pos><c>pro</c><s>per</s></pos><stem>you</stem></mw><gra type="gra" index="2" head="3" relation="SUBJ"/></mor></w>
    <w>remember<mor type="mor"><mw><pos><c>v</c></pos><stem>remember</stem></mw><gra type="gra" index="3" head="0" relation="ROOT"/></mor></w>
    <w>the<mor type="mor"><mw><pos><c>det</c><s>art</s></pos><stem>the</stem></mw><gra type="gra" index="4" head="6" relation="DET"/></mor></w>
    <w>other<mor type="mor"><mw><pos><c>qn</c></pos><stem>other</stem></mw><gra type="gra" index="5" head="6" relation="QUANT"/></mor></w>
    <w>dogs<mor type="mor"><mw><pos><c>n</c></pos><stem>dog</stem><mk type="sfx">PL</mk></mw><gra type="gra" index="6" head="3" relation="OBJ"/></mor></w>
    <w>in<mor type="mor"><mw><pos><c>prep</c></pos><stem>in</stem></mw><gra type="gra" index="7" head="6" relation="NJCT"/></mor></w>
    <w>Chicago<mor type="mor"><mw><pos><c>n</c><s>prop</s></pos><stem>Chicago</stem></mw><gra type="gra" index="8" head="7" relation="POBJ"/></mor></w>
    <t type="q"><mor type="mor"><mt type="q"/><gra type="gra" index="9" head="3" relation="PUNCT"/></mor></t>
    <media
      start="742.046"
      end="744.565"
      unit="s"
    />
  </u>
  <u who="CHI" uID="u94">
    <w untranscribed="unintelligible">xxx</w>
    <w>doggies<mor type="mor"><mw><pos><c>n</c></pos><stem>dog</stem><mk type="sfx">DIM</mk><mk type="sfx">PL</mk></mw><gra type="gra" index="1" head="0" relation="INCROOT"/></mor></w>
    <t type="p"><mor type="mor"><mt type="p"/><gra type="gra" index="2" head="1" relation="PUNCT"/></mor></t>
    <media
      start="744.565"
      end="749.283"
      unit="s"
    />
  </u>
  <u who="CHI" uID="u95">
    <w untranscribed="unintelligible">xxx</w>
    <t type="p"></t>
    <media
      start="749.283"
      end="754.354"
      unit="s"
    />
  </u>
  <u who="CHI" uID="u96">
    <w untranscribed="unintelligible">xxx</w>
    <t type="p"></t>
    <media
      start="754.354"
      end="757.289"
      unit="s"
    />
  </u>
  <u who="CHI" uID="u97">
    <w untranscribed="unintelligible">xxx</w>
    <t type="p"></t>
    <media
      start="757.289"
      end="761.341"
      unit="s"
    />
  </u>
  <u who="CHI" uID="u98">
    <w>monkey<mor type="mor"><mw><pos><c>n</c></pos><stem>monkey</stem></mw><gra type="gra" index="1" head="2" relation="SUBJ"/></mor></w>
    <w>chased<mor type="mor"><mw><pos><c>v</c></pos><stem>chase</stem><mk type="sfx">PAST</mk></mw><gra type="gra" index="2" head="0" relation="ROOT"/></mor></w>
    <w>the<mor type="mor"><mw><pos><c>det</c><s>art</s></pos><stem>the</stem></mw><gra type="gra" index="3" head="4" relation="DET"/></mor></w>
    <w>weasel<mor type="mor"><mw><pos><c>n</c></pos><stem>weasel</stem></mw><gra type="gra" index="4" head="2" relation="OBJ"/></mor></w>
    <t type="p"><mor type="mor"><mt type="p"/><gra type="gra" index="5" head="2" relation="PUNCT"/></mor></t>
    <media
      start="830.341"
      end="833.459"
      unit="s"
    />
  </u>
  <u who="CHI" uID="u99">
    <w>all<mor type="mor"><mw><pos><c>adv</c></pos><stem>all</stem></mw><gra type="gra" index="1" head="2" relation="JCT"/></mor></w>
    <w>around<mor type="mor"><mw><pos><c>prep</c></pos><stem>around</stem></mw><gra type="gra" index="2" head="0" relation="INCROOT"/></mor></w>
    <w>mulberry<wk type="cmp"/>bush<mor type="mor"><mwc><pos><c>n</c></pos><mw><pos><c>n</c></pos><stem>mulberry</stem></mw><mw><pos><c>n</c></pos><stem>bush</stem></mw></mwc><gra type="gra" index="3" head="2" relation="POBJ"/></mor></w>
    <t type="p"><mor type="mor"><mt type="p"/><gra type="gra" index="4" head="2" relation="PUNCT"/></mor></t>
    <media
      start="833.459"
      end="835.326"
      unit="s"
    />
  </u>
  <u who="CHI" uID="u100">
    <w>all<mor type="mor"><mw><pos><c>adv</c></pos><stem>all</stem></mw><gra type="gra" index="1" head="2" relation="JCT"/></mor></w>
    <w>around<mor type="mor"><mw><pos><c>prep</c></pos><stem>around</stem></mw><gra type="gra" index="2" head="0" relation="INCROOT"/></mor></w>
    <w>mulberry<wk type="cmp"/>bush<mor type="mor"><mwc><pos><c>n</c></pos><mw><pos><c>n</c></pos><stem>mulberry</stem></mw><mw><pos><c>n</c></pos><stem>bush</stem></mw></mwc><gra type="gra" index="3" head="2" relation="POBJ"/></mor></w>
    <t type="p"><mor type="mor"><mt type="p"/><gra type="gra" index="4" head="2" relation="PUNCT"/></mor></t>
    <media
      start="835.326"
      end="837.845"
      unit="s"
    />
  </u>
  <u who="CHI" uID="u101">
    <w>the<mor type="mor"><mw><pos><c>det</c><s>art</s></pos><stem>the</stem></mw><gra type="gra" index="1" head="2" relation="DET"/></mor></w>
    <w>monkey<mor type="mor"><mw><pos><c>n</c></pos><stem>monkey</stem></mw><gra type="gra" index="2" head="3" relation="SUBJ"/></mor></w>
    <w>chased<mor type="mor"><mw><pos><c>v</c></pos><stem>chase</stem><mk type="sfx">PAST</mk></mw><gra type="gra" index="3" head="0" relation="ROOT"/></mor></w>
    <w>the<mor type="mor"><mw><pos><c>det</c><s>art</s></pos><stem>the</stem></mw><gra type="gra" index="4" head="5" relation="DET"/></mor></w>
    <w>weasel<mor type="mor"><mw><pos><c>n</c></pos><stem>weasel</stem></mw><gra type="gra" index="5" head="3" relation="OBJ"/></mor></w>
    <t type="p"><mor type="mor"><mt type="p"/><gra type="gra" index="6" head="3" relation="PUNCT"/></mor></t>
    <media
      start="837.845"
      end="843.915"
      unit="s"
    />
  </u>
  <u who="CHI" uID="u102">
    <w>the<mor type="mor"><mw><pos><c>det</c><s>art</s></pos><stem>the</stem></mw><gra type="gra" index="1" head="2" relation="DET"/></mor></w>
    <w>monkey<mor type="mor"><mw><pos><c>n</c></pos><stem>monkey</stem></mw><gra type="gra" index="2" head="3" relation="SUBJ"/></mor></w>
    <w>chased<mor type="mor"><mw><pos><c>v</c></pos><stem>chase</stem><mk type="sfx">PAST</mk></mw><gra type="gra" index="3" head="0" relation="ROOT"/></mor></w>
    <w>the<mor type="mor"><mw><pos><c>det</c><s>art</s></pos><stem>the</stem></mw><gra type="gra" index="4" head="5" relation="DET"/></mor></w>
    <w>weasel<mor type="mor"><mw><pos><c>n</c></pos><stem>weasel</stem></mw><gra type="gra" index="5" head="3" relation="OBJ"/></mor></w>
    <t type="p"><mor type="mor"><mt type="p"/><gra type="gra" index="6" head="3" relation="PUNCT"/></mor></t>
    <media
      start="843.915"
      end="846.367"
      unit="s"
    />
  </u>
  <u who="CHI" uID="u103">
    <w>the<mor type="mor"><mw><pos><c>det</c><s>art</s></pos><stem>the</stem></mw><gra type="gra" index="1" head="2" relation="DET"/></mor></w>
    <w>monkey<mor type="mor"><mw><pos><c>n</c></pos><stem>monkey</stem></mw><gra type="gra" index="2" head="3" relation="SUBJ"/></mor></w>
    <w>chased<mor type="mor"><mw><pos><c>v</c></pos><stem>chase</stem><mk type="sfx">PAST</mk></mw><gra type="gra" index="3" head="0" relation="ROOT"/></mor></w>
    <w>the<mor type="mor"><mw><pos><c>det</c><s>art</s></pos><stem>the</stem></mw><gra type="gra" index="4" head="5" relation="DET"/></mor></w>
    <w>weasel<mor type="mor"><mw><pos><c>n</c></pos><stem>weasel</stem></mw><gra type="gra" index="5" head="3" relation="OBJ"/></mor></w>
    <t type="p"><mor type="mor"><mt type="p"/><gra type="gra" index="6" head="3" relation="PUNCT"/></mor></t>
    <media
      start="846.367"
      end="853.104"
      unit="s"
    />
  </u>
  <u who="CHI" uID="u104">
    <w>I<mor type="mor"><mw><pos><c>pro</c><s>sub</s></pos><stem>I</stem></mw><gra type="gra" index="1" head="2" relation="SUBJ"/></mor></w>
    <w>need<mor type="mor"><mw><pos><c>v</c></pos><stem>need</stem></mw><gra type="gra" index="2" head="0" relation="ROOT"/></mor></w>
    <w>a<mor type="mor"><mw><pos><c>det</c><s>art</s></pos><stem>a</stem></mw><gra type="gra" index="3" head="4" relation="DET"/></mor></w>
    <w untranscribed="unintelligible">xxx</w>
    <t type="p"><mor type="mor"><mt type="p"/><gra type="gra" index="4" head="2" relation="PUNCT"/></mor></t>
    <media
      start="853.104"
      end="857.841"
      unit="s"
    />
  </u>
  <u who="CHI" uID="u105">
    <w>okey_dokey<mor type="mor"><mw><pos><c>co</c></pos><stem>okey_dokey</stem></mw><gra type="gra" index="1" head="0" relation="INCROOT"/></mor></w>
    <t type="p"><mor type="mor"><mt type="p"/><gra type="gra" index="2" head="1" relation="PUNCT"/></mor></t>
    <media
      start="857.841"
      end="863.728"
      unit="s"
    />
  </u>
  <u who="FAT" uID="u106">
    <w>okay<mor type="mor"><mw><pos><c>co</c></pos><stem>okay</stem></mw><gra type="gra" index="1" head="0" relation="INCROOT"/></mor></w>
    <t type="p"><mor type="mor"><mt type="p"/><gra type="gra" index="2" head="1" relation="PUNCT"/></mor></t>
    <media
      start="863.728"
      end="866.780"
      unit="s"
    />
  </u>
  <u who="FAT" uID="u107">
    <w>just<mor type="mor"><mw><pos><c>adv</c></pos><stem>just</stem></mw><gra type="gra" index="1" head="2" relation="JCT"/></mor></w>
    <w>wait<mor type="mor"><mw><pos><c>v</c></pos><stem>wait</stem></mw><gra type="gra" index="2" head="0" relation="ROOT"/></mor></w>
    <w><shortening>un</shortening>til<mor type="mor"><mw><pos><c>prep</c></pos><stem>until</stem></mw><gra type="gra" index="3" head="5" relation="LINK"/></mor></w>
    <w>Mommy<mor type="mor"><mw><pos><c>n</c><s>prop</s></pos><stem>Mommy</stem></mw><gra type="gra" index="4" head="5" relation="SUBJ"/></mor></w>
    <w>gets<mor type="mor"><mw><pos><c>v</c></pos><stem>get</stem><mk type="sfx">3S</mk></mw><gra type="gra" index="5" head="2" relation="COMP"/></mor></w>
    <w>off<mor type="mor"><mw><pos><c>prep</c></pos><stem>off</stem></mw><gra type="gra" index="6" head="5" relation="JCT"/></mor></w>
    <w>the<mor type="mor"><mw><pos><c>det</c><s>art</s></pos><stem>the</stem></mw><gra type="gra" index="7" head="8" relation="DET"/></mor></w>
    <w>phone<mor type="mor"><mw><pos><c>n</c></pos><stem>phone</stem></mw><gra type="gra" index="8" head="6" relation="POBJ"/></mor></w>
    <t type="p"><mor type="mor"><mt type="p"/><gra type="gra" index="9" head="2" relation="PUNCT"/></mor></t>
    <media
      start="866.780"
      end="868.716"
      unit="s"
    />
  </u>
  <u who="CHI" uID="u108">
    <w untranscribed="unintelligible">xxx</w>
    <t type="p"></t>
    <media
      start="868.716"
      end="870.899"
      unit="s"
    />
  </u>
  <u who="CHI" uID="u109">
    <w>that's<mor type="mor"><mw><pos><c>pro</c><s>dem</s></pos><stem>that</stem></mw><gra type="gra" index="1" head="2" relation="SUBJ"/><mor-post><mw><pos><c>cop</c></pos><stem>be</stem><mk type="sfxf">3S</mk></mw><gra type="gra" index="2" head="0" relation="ROOT"/></mor-post></mor></w>
    <w>the<mor type="mor"><mw><pos><c>det</c><s>art</s></pos><stem>the</stem></mw><gra type="gra" index="3" head="4" relation="DET"/></mor></w>
    <w>weasel<mor type="mor"><mw><pos><c>n</c></pos><stem>weasel</stem></mw><gra type="gra" index="4" head="2" relation="PRED"/></mor></w>
    <t type="p"><mor type="mor"><mt type="p"/><gra type="gra" index="5" head="2" relation="PUNCT"/></mor></t>
    <media
      start="876.899"
      end="879.232"
      unit="s"
    />
  </u>
  <u who="CHI" uID="u110">
    <w untranscribed="unintelligible">xxx</w>
    <t type="p"></t>
    <media
      start="879.232"
      end="884.486"
      unit="s"
    />
  </u>
  <u who="CHI" uID="u111">
    <w untranscribed="unintelligible">xxx</w>
    <t type="p"></t>
    <media
      start="884.486"
      end="893.592"
      unit="s"
    />
  </u>
  <u who="CHI" uID="u112">
    <w>pop<mor type="mor"><mw><pos><c>n</c></pos><stem>pop</stem></mw><gra type="gra" index="1" head="2" relation="SUBJ"/></mor></w>
    <w>goes<mor type="mor"><mw><pos><c>v</c></pos><stem>go</stem><mk type="sfx">3S</mk></mw><gra type="gra" index="2" head="0" relation="ROOT"/></mor></w>
    <w>the<mor type="mor"><mw><pos><c>det</c><s>art</s></pos><stem>the</stem></mw><gra type="gra" index="3" head="4" relation="DET"/></mor></w>
    <w>weasel<mor type="mor"><mw><pos><c>n</c></pos><stem>weasel</stem></mw><gra type="gra" index="4" head="2" relation="OBJ"/></mor></w>
    <t type="p"><mor type="mor"><mt type="p"/><gra type="gra" index="5" head="2" relation="PUNCT"/></mor></t>
    <media
      start="902.092"
      end="903.775"
      unit="s"
    />
  </u>
  <u who="CHI" uID="u113">
    <w>pop<mor type="mor"><mw><pos><c>n</c></pos><stem>pop</stem></mw><gra type="gra" index="1" head="2" relation="SUBJ"/></mor></w>
    <w>goes<mor type="mor"><mw><pos><c>v</c></pos><stem>go</stem><mk type="sfx">3S</mk></mw><gra type="gra" index="2" head="0" relation="ROOT"/></mor></w>
    <w>the<mor type="mor"><mw><pos><c>det</c><s>art</s></pos><stem>the</stem></mw><gra type="gra" index="3" head="4" relation="DET"/></mor></w>
    <w>weasel<mor type="mor"><mw><pos><c>n</c></pos><stem>weasel</stem></mw><gra type="gra" index="4" head="2" relation="OBJ"/></mor></w>
    <t type="p"><mor type="mor"><mt type="p"/><gra type="gra" index="5" head="2" relation="PUNCT"/></mor></t>
    <media
      start="903.775"
      end="907.477"
      unit="s"
    />
  </u>
  <u who="CHI" uID="u114">
    <w>pop<mor type="mor"><mw><pos><c>n</c></pos><stem>pop</stem></mw><gra type="gra" index="1" head="2" relation="SUBJ"/></mor></w>
    <w>goes<mor type="mor"><mw><pos><c>v</c></pos><stem>go</stem><mk type="sfx">3S</mk></mw><gra type="gra" index="2" head="0" relation="ROOT"/></mor></w>
    <w>the<mor type="mor"><mw><pos><c>det</c><s>art</s></pos><stem>the</stem></mw><gra type="gra" index="3" head="4" relation="DET"/></mor></w>
    <w>weasel<mor type="mor"><mw><pos><c>n</c></pos><stem>weasel</stem></mw><gra type="gra" index="4" head="2" relation="OBJ"/></mor></w>
    <t type="p"><mor type="mor"><mt type="p"/><gra type="gra" index="5" head="2" relation="PUNCT"/></mor></t>
    <media
      start="907.477"
      end="910.445"
      unit="s"
    />
  </u>
  <u who="FAT" uID="u115">
    <w>pop<mor type="mor"><mw><pos><c>n</c></pos><stem>pop</stem></mw><gra type="gra" index="1" head="2" relation="SUBJ"/></mor></w>
    <w>goes<mor type="mor"><mw><pos><c>v</c></pos><stem>go</stem><mk type="sfx">3S</mk></mw><gra type="gra" index="2" head="0" relation="ROOT"/></mor></w>
    <w>the<mor type="mor"><mw><pos><c>det</c><s>art</s></pos><stem>the</stem></mw><gra type="gra" index="3" head="4" relation="DET"/></mor></w>
    <w>weasel<mor type="mor"><mw><pos><c>n</c></pos><stem>weasel</stem></mw><gra type="gra" index="4" head="2" relation="OBJ"/></mor></w>
    <t type="q"><mor type="mor"><mt type="q"/><gra type="gra" index="5" head="2" relation="PUNCT"/></mor></t>
    <media
      start="910.445"
      end="911.312"
      unit="s"
    />
  </u>
  <u who="FAT" uID="u116">
    <w>whoops<mor type="mor"><mw><pos><c>co</c></pos><stem>whoops</stem></mw><gra type="gra" index="1" head="0" relation="INCROOT"/></mor></w>
    <t type="e"><mor type="mor"><mt type="e"/><gra type="gra" index="2" head="1" relation="PUNCT"/></mor></t>
    <media
      start="911.312"
      end="917.349"
      unit="s"
    />
  </u>
  <u who="FAT" uID="u117">
    <w>did<mor type="mor"><mw><pos><c>mod</c></pos><stem>do</stem><mk type="sfxf">PAST</mk></mw><gra type="gra" index="1" head="3" relation="AUX"/></mor></w>
    <w>you<mor type="mor"><mw><pos><c>pro</c><s>per</s></pos><stem>you</stem></mw><gra type="gra" index="2" head="3" relation="SUBJ"/></mor></w>
    <w>fall<mor type="mor"><mw><pos><c>v</c></pos><stem>fall</stem></mw><gra type="gra" index="3" head="0" relation="ROOT"/></mor></w>
    <t type="q"><mor type="mor"><mt type="q"/><gra type="gra" index="4" head="3" relation="PUNCT"/></mor></t>
    <media
      start="917.349"
      end="919.701"
      unit="s"
    />
  </u>
  <u who="FAT" uID="u118">
    <w>did<mor type="mor"><mw><pos><c>mod</c></pos><stem>do</stem><mk type="sfxf">PAST</mk></mw><gra type="gra" index="1" head="3" relation="AUX"/></mor></w>
    <w>you<mor type="mor"><mw><pos><c>pro</c><s>per</s></pos><stem>you</stem></mw><gra type="gra" index="2" head="3" relation="SUBJ"/></mor></w>
    <w>go<mor type="mor"><mw><pos><c>v</c></pos><stem>go</stem></mw><gra type="gra" index="3" head="0" relation="ROOT"/></mor></w>
    <w>bump<mor type="mor"><mw><pos><c>n</c></pos><stem>bump</stem></mw><gra type="gra" index="4" head="3" relation="OBJ"/></mor></w>
    <t type="q"><mor type="mor"><mt type="q"/><gra type="gra" index="5" head="3" relation="PUNCT"/></mor></t>
    <media
      start="919.701"
      end="922.337"
      unit="s"
    />
  </u>
  <u who="CHI" uID="u119">
    <w>I<mor type="mor"><mw><pos><c>pro</c><s>sub</s></pos><stem>I</stem></mw><gra type="gra" index="1" head="2" relation="SUBJ"/></mor></w>
    <w>hurt<mor type="mor"><mw><pos><c>v</c></pos><stem>hurt</stem><mk type="sfxf">ZERO</mk></mw><gra type="gra" index="2" head="0" relation="ROOT"/></mor></w>
    <w>my<mor type="mor"><mw><pos><c>det</c><s>poss</s></pos><stem>my</stem></mw><gra type="gra" index="3" head="2" relation="OBJ"/></mor></w>
    <w untranscribed="unintelligible">xxx</w>
    <t type="p"><mor type="mor"><mt type="p"/><gra type="gra" index="4" head="2" relation="PUNCT"/></mor></t>
    <media
      start="922.337"
      end="926.638"
      unit="s"
    />
  </u>
  <u who="CHI" uID="u120">
    <w>I<mor type="mor"><mw><pos><c>pro</c><s>sub</s></pos><stem>I</stem></mw><gra type="gra" index="1" head="3" relation="SUBJ"/></mor></w>
    <w>better<mor type="mor"><mw><pos><c>adv</c></pos><stem>good</stem><mk type="sfxf">CP</mk></mw><gra type="gra" index="2" head="3" relation="JCT"/></mor></w>
    <w>get<mor type="mor"><mw><pos><c>v</c></pos><stem>get</stem></mw><gra type="gra" index="3" head="0" relation="ROOT"/></mor></w>
    <w>a<mor type="mor"><mw><pos><c>det</c><s>art</s></pos><stem>a</stem></mw><gra type="gra" index="4" head="5" relation="DET"/></mor></w>
    <w>bandaid<mor type="mor"><mw><pos><c>n</c></pos><stem>bandaid</stem></mw><gra type="gra" index="5" head="3" relation="OBJ"/></mor></w>
    <t type="p"><mor type="mor"><mt type="p"/><gra type="gra" index="6" head="3" relation="PUNCT"/></mor></t>
    <media
      start="926.638"
      end="929.340"
      unit="s"
    />
  </u>
  <u who="FAT" uID="u121">
    <w>better<mor type="mor"><mw><pos><c>adv</c></pos><stem>good</stem><mk type="sfxf">CP</mk></mw><gra type="gra" index="1" head="2" relation="JCT"/></mor></w>
    <w>get<mor type="mor"><mw><pos><c>v</c></pos><stem>get</stem></mw><gra type="gra" index="2" head="0" relation="ROOT"/></mor></w>
    <w>a<mor type="mor"><mw><pos><c>det</c><s>art</s></pos><stem>a</stem></mw><gra type="gra" index="3" head="4" relation="DET"/></mor></w>
    <w>bandaid<mor type="mor"><mw><pos><c>n</c></pos><stem>bandaid</stem></mw><gra type="gra" index="4" head="2" relation="OBJ"/></mor></w>
    <t type="q"><mor type="mor"><mt type="q"/><gra type="gra" index="5" head="2" relation="PUNCT"/></mor></t>
    <media
      start="929.340"
      end="931.108"
      unit="s"
    />
  </u>
  <u who="CHI" uID="u122">
    <w untranscribed="unintelligible">xxx</w>
    <t type="p"></t>
    <media
      start="931.108"
      end="937.596"
      unit="s"
    />
  </u>
  <u who="FAT" uID="u123">
    <w>want<mor type="mor"><mw><pos><c>v</c></pos><stem>want</stem></mw><gra type="gra" index="1" head="0" relation="ROOT"/></mor></w>
    <w>me<mor type="mor"><mw><pos><c>pro</c><s>obj</s></pos><stem>me</stem></mw><gra type="gra" index="2" head="1" relation="OBJ"/></mor></w>
    <w>to<mor type="mor"><mw><pos><c>prep</c></pos><stem>to</stem></mw><gra type="gra" index="3" head="1" relation="JCT"/></mor></w>
    <w>open<mor type="mor"><mw><pos><c>adj</c></pos><stem>open</stem></mw><gra type="gra" index="4" head="3" relation="POBJ"/></mor></w>
    <w>that<mor type="mor"><mw><pos><c>adv</c></pos><stem>that</stem></mw><gra type="gra" index="5" head="6" relation="JCT"/></mor></w>
    <w>for<mor type="mor"><mw><pos><c>prep</c></pos><stem>for</stem></mw><gra type="gra" index="6" head="4" relation="JCT"/></mor></w>
    <w>you<mor type="mor"><mw><pos><c>pro</c><s>per</s></pos><stem>you</stem></mw><gra type="gra" index="7" head="6" relation="POBJ"/></mor></w>
    <t type="q"><mor type="mor"><mt type="q"/><gra type="gra" index="8" head="1" relation="PUNCT"/></mor></t>
    <media
      start="953.596"
      end="955.796"
      unit="s"
    />
  </u>
  <u who="CHI" uID="u124">
    <w>I<mor type="mor"><mw><pos><c>pro</c><s>sub</s></pos><stem>I</stem></mw><gra type="gra" index="1" head="2" relation="SUBJ"/></mor></w>
    <w>can<mor type="mor"><mw><pos><c>mod</c></pos><stem>can</stem></mw><gra type="gra" index="2" head="0" relation="ROOT"/></mor></w>
    <t type="p"><mor type="mor"><mt type="p"/><gra type="gra" index="3" head="2" relation="PUNCT"/></mor></t>
    <media
      start="955.796"
      end="957.814"
      unit="s"
    />
  </u>
  <u who="CHI" uID="u125">
    <w>I<mor type="mor"><mw><pos><c>pro</c><s>sub</s></pos><stem>I</stem></mw><gra type="gra" index="1" head="2" relation="SUBJ"/></mor></w>
    <w>can<mor type="mor"><mw><pos><c>n</c></pos><stem>can</stem></mw><gra type="gra" index="2" head="0" relation="ROOT"/></mor></w>
    <w>by<mor type="mor"><mw><pos><c>prep</c></pos><stem>by</stem></mw><gra type="gra" index="3" head="2" relation="NJCT"/></mor></w>
    <w>myself<mor type="mor"><mw><pos><c>pro</c><s>refl</s></pos><stem>myself</stem></mw><gra type="gra" index="4" head="3" relation="POBJ"/></mor></w>
    <t type="p"><mor type="mor"><mt type="p"/><gra type="gra" index="5" head="2" relation="PUNCT"/></mor></t>
    <media
      start="957.814"
      end="960.416"
      unit="s"
    />
  </u>
  <u who="CHI" uID="u126">
    <w>I<mor type="mor"><mw><pos><c>pro</c><s>sub</s></pos><stem>I</stem></mw><gra type="gra" index="1" head="2" relation="SUBJ"/></mor></w>
    <w>can<mor type="mor"><mw><pos><c>n</c></pos><stem>can</stem></mw><gra type="gra" index="2" head="0" relation="ROOT"/></mor></w>
    <w>by<mor type="mor"><mw><pos><c>prep</c></pos><stem>by</stem></mw><gra type="gra" index="3" head="2" relation="NJCT"/></mor></w>
    <w>myself<mor type="mor"><mw><pos><c>pro</c><s>refl</s></pos><stem>myself</stem></mw><gra type="gra" index="4" head="3" relation="POBJ"/></mor></w>
    <t type="p"><mor type="mor"><mt type="p"/><gra type="gra" index="5" head="2" relation="PUNCT"/></mor></t>
    <media
      start="960.416"
      end="962.618"
      unit="s"
    />
  </u>
</CHAT>